Date,Adj Close,Close,High,Low,Open,Volume
2000-01-03,90.907005310058594,145.4375,148.25,143.875,148.25,8164300
2000-01-04,87.351997375488281,139.75,144.0625,139.640625,143.53125,8089800
2000-01-05,87.508224487304688,140,141.53125,137.25,139.9375,12177900
2000-01-06,86.101882934570312,137.75,141.5,137.75,139.625,6227200
2000-01-07,91.102333068847656,145.75,145.75,140.0625,140.3125,8066500
2000-01-10,91.414886474609375,146.25,146.90625,145.03125,146.25,5741700
2000-01-11,90.320991516113281,144.5,146.09375,143.5,145.8125,7503700
2000-01-12,89.422492980957031,143.0625,144.59375,142.875,144.59375,6907700
2000-01-13,90.633522033691406,145,145.75,143.28125,144.46875,5158300
2000-01-14,91.864120483398438,146.96875,147.46875,145.96875,146.53125,7437300
2000-01-18,91.141395568847656,145.8125,146.625,145.1875,145.34375,6488500
2000-01-19,91.883697509765625,147,147,145,145.3125,6157900
2000-01-20,90.477294921875,144.75,146.96875,143.8125,146.96875,5800100
2000-01-21,90.281959533691406,144.4375,145.5,144.0625,145.5,6244800
2000-01-24,87.723114013671875,140.34375,145.84375,139.40625,145.65625,7896900
2000-01-25,88.719306945800781,141.9375,141.9375,139,140.515625,9942500
2000-01-26,88.016105651855469,140.8125,141.546875,140.09375,141,5158100
2000-01-27,87.664520263671875,140.25,142.21875,138.125,141.84375,10922700
2000-01-28,84.929885864257812,135.875,140.0625,135.53125,139.4375,11916200
2000-01-31,87.234809875488281,139.5625,139.671875,135,135.8125,10768700
2000-02-01,88.094253540039062,140.9375,141.6875,138.53125,139.75,8419900
2000-02-02,88.172348022460938,141.0625,142.25,140.375,141.28125,6205900
2000-02-03,89.500617980957031,143.1875,143.25,140,140.875,7997500
2000-02-04,89.129501342773438,142.59375,144,142.125,143.1875,4925400
2000-02-07,88.992752075195312,142.375,142.78125,141.4375,142.5625,5845800
2000-02-08,90.203781127929688,144.3125,144.5625,143.625,143.96875,4936400
2000-02-09,88.309158325195312,141.28125,144.46875,141.265625,144.46875,8511500
2000-02-10,88.484901428222656,141.5625,142.5625,140.875,141.625,6690600
2000-02-11,86.687873840332031,138.6875,141.9375,138.03125,141.84375,9849800
2000-02-14,87.195732116699219,139.5,139.78125,138.3125,139.78125,8528800
2000-02-15,88.182144165039062,141.078125,141.21875,137.796875,139.25,11078300
2000-02-16,86.883171081542969,139,140.9375,138.796875,140.375,8845400
2000-02-17,86.433944702148438,138.28125,140.4375,138.21875,140.4375,7584200
2000-02-18,84.578285217285156,135.3125,138.875,134.625,138.875,9409200
2000-02-22,84.363410949707031,134.96875,136.34375,133.53125,135.1875,16415400
2000-02-23,85.359642028808594,136.5625,137.46875,134.5,135.625,12119000
2000-02-24,83.640678405761719,133.8125,137.03125,133.09375,136.6875,17375000
2000-02-25,83.337944030761719,133.328125,136.71875,133.125,135.1875,10559900
2000-02-28,85.086112976074219,136.125,136.6875,132.71875,133.375,13397800
2000-02-29,85.90655517578125,137.4375,137.4375,135.75,136.0625,8242500
2000-03-01,86.5316162109375,138.4375,139,137.21875,137.625,6868000
2000-03-02,86.590202331542969,138.53125,139.125,137.34375,138.6875,7600200
2000-03-03,88.211402893066406,141.125,141.71875,139.71875,140.4375,12770300
2000-03-06,87.351997375488281,139.75,141.34375,138.75,140.8125,11967100
2000-03-07,85.662384033203125,137.046875,140.15625,135.21875,140,20062000
2000-03-08,85.554946899414062,136.875,137.84375,135.03125,136.46875,11808500
2000-03-09,88.055183410644531,140.875,140.875,136.125,137.25,5500900
2000-03-10,87.586372375488281,140.125,142,139.53125,140.1875,7924600
2000-03-13,86.62921142578125,138.59375,140.46875,135.6875,136.6875,10540500
2000-03-14,85.398651123046875,136.625,140.09375,136.15625,139.28125,8263900
2000-03-15,87.391059875488281,139.8125,140.4375,136.0625,136.875,10300800
2000-03-16,91.473487854003906,146.34375,146.84375,140.875,141.625,25601400
2000-03-17,92.078041076660156,146.9375,148,145.4375,145.8125,10272900
2000-03-20,91.608001708984375,146.1875,147.34375,144.78125,146.875,12502300
2000-03-21,93.487960815429688,149.1875,149.75,144.5,145.53125,13612600
2000-03-22,94.055877685546875,150.09375,150.84375,148.6875,149.5625,8260000
2000-03-23,95.66168212890625,152.65625,153.46875,149.15625,149.15625,11654500
2000-03-24,96.229530334472656,153.5625,155.75,151.71875,152.875,11462900
2000-03-27,95.211273193359375,151.9375,153.78125,151.8125,153.375,8798600
2000-03-28,94.662925720214844,151.0625,152.984375,150.59375,151.25,6334400
2000-03-29,94.760841369628906,151.21875,152.484375,149.65625,151.5625,6747500
2000-03-30,93.174652099609375,148.6875,151.921875,147.125,150.15625,9491900
2000-03-31,94.232131958007812,150.375,152.3125,148.4375,149.625,9249100
2000-04-03,94.780364990234375,151.25,151.25,148.6875,150.125,8508200
2000-04-04,94.075477600097656,150.125,153,141.390625,151.75,19585500
2000-04-05,93.487960815429688,149.1875,150.8125,147.625,147.875,8387200
2000-04-06,94.300636291503906,150.484375,151.6875,149,150.25,6378500
2000-04-07,94.89794921875,151.4375,152.125,150.5,151.5625,6023600
2000-04-10,94.525894165039062,150.84375,153.109375,150.3125,151.75,9624200
2000-04-11,94.251686096191406,150.40625,151.625,148.375,150,9006400
2000-04-12,91.666786193847656,146.28125,151.15625,146.15625,150.375,10779200
2000-04-13,90.393898010253906,144.25,148.15625,143.78125,147.46875,12225800
2000-04-14,85.224075317382812,136,142.8125,133.5,142.625,29604000
2000-04-17,88.200630187988281,140.75,140.75,134.6875,135.1875,23918200
2000-04-18,90.530990600585938,144.46875,144.46875,139.78125,140.5625,11069200
2000-04-19,89.688934326171875,143.125,145.125,142.53125,144.5,6553700
2000-04-20,90.119743347167969,143.8125,143.9375,142.375,143.5625,8537600
2000-04-24,89.140594482421875,142.25,143.3125,140.5,141.5,12893100
2000-04-25,92.841758728027344,148.15625,148.15625,144.4375,144.625,14102000
2000-04-26,91.79412841796875,146.484375,148.75,146,147.96875,7711100
2000-04-27,91.490554809570312,146,147.34375,143,143,15595300
2000-04-28,90.922698974609375,145.09375,147.859375,145.0625,147,8743400
2000-05-01,92.1563720703125,147.0625,148.484375,145.84375,146.5625,7328300
2000-05-02,90.315574645996094,144.125,147.125,144.125,145.5,9411900
2000-05-03,88.200630187988281,140.75,144,139.78125,144,12630700
2000-05-04,88.866477966308594,141.8125,142.359375,140.75,142,5963600
2000-05-05,89.943527221679688,143.53125,144,140.9375,141.0625,7862400
2000-05-08,89.267860412597656,142.453125,143.375,141.84375,142.75,5064100
2000-05-09,88.553146362304688,141.3125,143.40625,140.265625,143.0625,5620300
2000-05-10,86.555709838867188,138.125,140.96875,137.75,140.5,10293900
2000-05-11,88.533599853515625,141.28125,141.5,139.125,140.125,7091100
2000-05-12,89.493095397949219,142.8125,143.46875,141.625,141.8125,5960800
2000-05-15,91.040107727050781,145.28125,145.609375,142,142.75,4441300
2000-05-16,91.921348571777344,146.6875,147.71875,145.3125,146.5625,8192200
2000-05-17,90.961769104003906,145.15625,146.1875,144.46875,145.6875,5907200
2000-05-18,89.845634460449219,143.375,146.3125,143.375,145.625,4325600
2000-05-19,88.43560791015625,141.125,143.234375,140.40625,142.5625,6518400
2000-05-22,87.769821166992188,140.0625,141.46875,137,141.25,10839400
2000-05-23,86.477325439453125,138,140.8125,137.5625,140.4375,7979200
2000-05-24,87.8873291015625,140.25,140.6875,136.5,138,11081500
2000-05-25,86.37945556640625,137.84375,141.8125,137.71875,140.6875,8278900
2000-05-26,86.477325439453125,138,139.6875,137.328125,138.8125,4814000
2000-05-30,89.297256469726562,142.5,142.9375,139.46875,140,5362700
2000-05-31,89.493095397949219,142.8125,144,142.09375,142.5625,6056500
2000-06-01,91.059730529785156,145.3125,145.4375,143,143.6875,8961600
2000-06-02,92.64593505859375,147.84375,149.09375,147.484375,148.9375,8962200
2000-06-05,92.195487976074219,147.125,148.21875,146.875,147.46875,6998100
2000-06-06,91.784271240234375,146.46875,147.78125,145.90625,146.625,4858900
2000-06-07,92.420692443847656,147.484375,148,146,146.625,4919500
2000-06-08,92.058441162109375,146.90625,147.75,146.0625,147.5,5723100
2000-06-09,91.862655639648438,146.59375,147.96875,145.625,147.5,3085300
2000-06-12,90.78558349609375,144.875,146.96875,144.875,146.96875,3678900
2000-06-13,92.489219665527344,147.59375,147.75,144.625,144.8125,6558700
2000-06-14,92.64593505859375,147.84375,148.875,147.1875,148.25,6420500
2000-06-15,92.841758728027344,148.15625,148.75,146.84375,148.125,5881200
2000-06-16,92.078926086425781,146.59375,148.3125,145.875,148.3125,5567900
2000-06-19,93.256629943847656,148.46875,149.15625,146.25,146.46875,5106900
2000-06-20,92.922920227050781,147.9375,148.875,147,148.1875,6480000
2000-06-21,92.883674621582031,147.875,148.4375,146.890625,146.9375,3115000
2000-06-22,91.470436096191406,145.625,147.6875,145,147.5625,7490500
2000-06-23,90.685218811035156,144.375,146.125,143.875,145.8125,4863300
2000-06-26,91.853195190429688,146.234375,146.25,144.875,145.375,5201300
2000-06-27,91.175941467285156,145.15625,146.71875,145.015625,145.984375,4159500
2000-06-28,91.431167602539062,145.5625,146.984375,145.3125,145.625,5347700
2000-06-29,90.567451477050781,144.1875,145.75,143.515625,144.75,6345700
2000-06-30,91.254478454589844,145.28125,145.59375,143.890625,143.9375,7420200
2000-07-03,92.510749816894531,147.28125,147.4375,145.1875,145.4375,1436600
2000-07-05,90.842254638671875,144.625,146.65625,144.375,146.375,2748200
2000-07-06,91.548912048339844,145.75,146.46875,144.21875,144.9375,5963200
2000-07-07,93.021102905273438,148.09375,148.78125,146.25,146.6875,3034800
2000-07-10,92.864051818847656,147.84375,148.90625,147.53125,147.875,2816100
2000-07-11,93.060356140136719,148.15625,149.125,147.15625,147.46875,5431600
2000-07-12,93.668861389160156,149.125,150.125,148.6875,149.28125,5883000
2000-07-13,94.081062316894531,149.78125,150.375,149.1875,149.984375,5356000
2000-07-14,95.003509521484375,151.25,151.25,149.671875,150.4375,5341900
2000-07-17,94.846549987792969,151,151.984375,150.6875,150.984375,4208300
2000-07-18,94.071197509765625,149.765625,150.625,149.34375,150.625,4262100
2000-07-19,93.315505981445312,148.5625,149.90625,148.25,149.46875,8506800
2000-07-20,94.611045837402344,150.625,150.625,148.8125,149,4538900
2000-07-21,92.765937805175781,147.6875,149.75,147.6875,149.75,5656900
2000-07-24,92.235939025878906,146.84375,148.859375,146.5625,148.125,5628500
2000-07-25,92.530364990234375,147.3125,147.84375,146.78125,147.75,4757100
2000-07-26,91.627426147460938,145.875,147.15625,145.640625,146.96875,12062500
2000-07-27,91.313377380371094,145.375,146.625,144.6875,145.9375,7652600
2000-07-28,89.25238037109375,142.09375,145.90625,141.515625,145.71875,6229500
2000-07-31,89.821601867675781,143,144.125,142.0625,142.9375,5265500
2000-08-01,90.371208190917969,143.875,144.71875,143.125,143.625,3946600
2000-08-02,90.822654724121094,144.59375,145.40625,143.625,143.875,7439800
2000-08-03,91.45074462890625,145.59375,145.8125,142.625,142.875,4607100
2000-08-04,91.941535949707031,146.375,146.71875,145.40625,146.3125,3686600
2000-08-07,93.040695190429688,148.125,148.4375,146.375,146.71875,4159800
2000-08-08,93.39404296875,148.6875,148.8125,147.5,147.5,3658700
2000-08-09,92.608894348144531,147.4375,149.21875,147.375,149.140625,5383800
2000-08-10,92.157424926757812,146.71875,147.859375,146.28125,147.53125,4193400
2000-08-11,92.589256286621094,147.40625,148,145.5625,146.625,5089400
2000-08-14,93.766952514648438,149.28125,149.5625,147.0625,147.78125,2966700
2000-08-15,93.688468933105469,149.15625,149.8125,148.5625,149.34375,5564600
2000-08-16,93.354766845703125,148.625,149.9375,147.84375,149.3125,5191600
2000-08-17,94.33624267578125,150.1875,150.4375,148.34375,148.6875,5652200
2000-08-18,94.022148132324219,149.6875,150.375,149.21875,150.375,4626400
2000-08-21,94.532485961914062,150.5,150.71875,149.40625,150.03125,2380600
2000-08-22,94.375473022460938,150.25,151.3125,150.09375,150.5625,3075300
2000-08-23,94.748443603515625,150.84375,151.28125,149.28125,149.8125,5483200
2000-08-24,95.042854309082031,151.3125,151.5,150.5,151.15625,4529000
2000-08-25,95.003509521484375,151.25,151.625,150.9375,151.15625,2822200
2000-08-28,95.327491760253906,151.765625,152.90625,151.25,151.25,5518700
2000-08-29,95.347091674804688,151.796875,151.875,150.90625,151.4375,3561900
2000-08-30,94.434371948242188,150.34375,151.5,150.34375,151.3125,3964800
2000-08-31,95.690567016601562,152.34375,153.09375,150.90625,151.0625,4863100
2000-09-01,95.78875732421875,152.5,153.59375,152,153.25,3191200
2000-09-05,95.02325439453125,151.28125,152.203125,150.8125,151.875,3470800
2000-09-06,93.943618774414062,149.5625,151.953125,149.53125,151.1875,4322200
2000-09-07,94.748443603515625,150.84375,151.078125,149.828125,150.25,4265500
2000-09-08,94.100669860839844,149.8125,150.5,149.328125,150.28125,3518200
2000-09-11,93.9632568359375,149.59375,151.1875,148.6875,149.75,3937500
2000-09-12,93.276283264160156,148.5,150.25,148.4375,149.75,4769100
2000-09-13,93.5216064453125,148.890625,149.34375,147.65625,148,7691600
2000-09-14,93.992744445800781,149.640625,149.9375,148.15625,149.875,3397100
2000-09-15,91.936363220214844,146,148.25,146,148.1875,4085700
2000-09-18,91.090171813964844,144.65625,146.96875,144.203125,146.375,5109300
2000-09-19,91.916671752929688,145.96875,146.3125,144.703125,145.125,6588200
2000-09-20,91.237754821777344,144.890625,146.03125,143.15625,145.6875,6508100
2000-09-21,89.850456237792969,142.6875,145.5625,142.625,144.46875,5972300
2000-09-22,91.483741760253906,145.28125,145.3125,142.421875,142.625,7791300
2000-09-25,90.834388732910156,144.25,146.0625,143.71875,145.9375,9726300
2000-09-26,89.673347473144531,142.40625,145,142.40625,144.375,5302400
2000-09-27,90.1456298828125,143.15625,143.96875,142.125,143.5625,7186200
2000-09-28,91.306625366210938,145,146.328125,142.890625,143.1875,7036400
2000-09-29,90.440834045410156,143.625,145.96875,143.625,145.46875,9333600
2000-10-02,90.57855224609375,143.84375,144.90625,143.140625,144.28125,5517800
2000-10-03,89.732383728027344,142.5,145.75,142.28125,144.53125,9347200
2000-10-04,90.48016357421875,143.6875,144.25,141.75,142.875,6148900
2000-10-05,90.79498291015625,144.1875,144.84375,143.3125,143.40625,4566900
2000-10-06,88.827186584472656,141.0625,144.640625,139.75,143.875,10014900
2000-10-09,88.158134460449219,140,141.3125,139.375,141.3125,4508000
2000-10-10,86.701919555664062,137.6875,141.25,137.6875,140.09375,6104700
2000-10-11,85.973869323730469,136.53125,138.625,135.125,137.625,10346000
2000-10-12,83.82891845703125,133.125,137.59375,132.78125,137.28125,12336900
2000-10-13,86.623245239257812,137.5625,137.65625,132.875,132.9375,11778800
2000-10-16,87.016838073730469,138.1875,138.234375,136.6875,137.40625,5659000
2000-10-17,84.852218627929688,134.75,138.5625,134.40625,138.4375,7831700
2000-10-18,84.537330627441406,134.25,136.125,130.15625,132.625,10897300
2000-10-19,87.725227355957031,139.3125,139.453125,136.4375,136.84375,8767300
2000-10-20,88.099098205566406,139.90625,141.1875,138.375,138.375,7373500
2000-10-23,88.492660522460938,140.53125,141.03125,138.9375,139.9375,5290000
2000-10-24,87.902320861816406,139.59375,141.9375,139,140.96875,5750700
2000-10-25,85.836135864257812,136.3125,139.5625,136.125,138.75,9137600
2000-10-26,86.072280883789062,136.6875,137.65625,134.03125,137.125,9345800
2000-10-27,87.705535888671875,139.28125,139.28125,136.625,137.875,9762900
2000-10-30,88.492660522460938,140.53125,141.09375,138.15625,138.4375,10154100
2000-10-31,90.017745971679688,142.953125,143.6875,140.0625,141.015625,7752400
2000-11-01,89.712730407714844,142.46875,143.25,141.21875,142.25,6753600
2000-11-02,89.860343933105469,142.703125,143.90625,142.515625,143.15625,11395100
2000-11-03,89.909523010253906,142.78125,143.75,142.375,143.46875,5187100
2000-11-06,90.5391845703125,143.78125,144.296875,143.03125,143.15625,4042500
2000-11-07,90.519508361816406,143.75,144,142.5625,143.140625,5231300
2000-11-08,88.512359619140625,140.5625,144.0625,140.5625,144.0625,6123300
2000-11-09,88.177848815917969,140.03125,141.21875,137.25,140,10635300
2000-11-10,86.032905578613281,136.625,139.46875,136.53125,139,8569500
2000-11-13,85.363838195800781,135.5625,136.984375,133.015625,135.625,17285300
2000-11-14,87.607131958007812,139.125,139.625,137,137.46875,7668900
2000-11-15,87.882675170898438,139.5625,140.109375,137.75,139.0625,8837700
2000-11-16,86.505172729492188,137.375,139.875,137.3125,138.578125,6684100
2000-11-17,86.042732238769531,136.640625,139,135.75,137.3125,6551100
2000-11-20,84.812889099121094,134.6875,136.375,134.3125,135.75,5458500
2000-11-21,85.245803833007812,135.375,136.1875,133.515625,134.875,7684300
2000-11-22,83.209075927734375,132.140625,134.875,132.125,134.34375,5736900
2000-11-24,84.9112548828125,134.84375,134.96875,133.625,133.625,3411600
2000-11-27,85.659011840820312,136.03125,136.6875,135.3125,136.46875,5992000
2000-11-28,84.18316650390625,133.6875,136.59375,133.640625,135.125,5336100
2000-11-29,84.025711059570312,133.4375,135.90625,133.265625,134.375,6914100
2000-11-30,83.297615051269531,132.28125,133.5,129.75,132.5,11201600
2000-12-01,83.258255004882812,132.21875,134.0625,131,133.1875,7587200
2000-12-04,83.966728210449219,133.34375,133.875,131.5,131.875,6996600
2000-12-05,86.721626281738281,137.71875,138.25,134.40625,134.875,8883400
2000-12-06,85.334297180175781,135.515625,138.34375,135.03125,137.78125,12888000
2000-12-07,84.163459777832031,133.65625,135.875,133.65625,134.875,6529100
2000-12-08,84.360260009765625,133.96875,139.46875,133.875,137.0625,10276300
2000-12-11,87.292289733886719,138.625,139.5625,136.71875,137.375,6405600
2000-12-12,86.918449401855469,138.03125,138.8125,137.375,138.1875,5022900
2000-12-13,85.727882385253906,136.140625,139.40625,136.03125,139.25,6070500
2000-12-14,84.635787963867188,134.40625,136.5,134.03125,135.875,7678400
2000-12-15,82.724159240722656,130.96875,133.125,130.5625,133.125,9065300
2000-12-18,83.8294677734375,132.71875,133.46875,131.765625,132.0625,7235400
2000-12-19,82.122085571289062,130.015625,134.96875,130.015625,132.46875,9616600
2000-12-20,79.743621826171875,126.25,128.9375,126.09375,128.625,9994300
2000-12-21,80.296302795410156,127.125,128.859375,125.53125,126,14331500
2000-12-22,82.704360961914062,130.9375,131.109375,128.84375,129,10182900
2000-12-26,83.59259033203125,132.34375,132.34375,130.28125,130.84375,4665300
2000-12-27,84.204513549804688,133.3125,133.734375,131.25,131.75,4854100
2000-12-28,84.461090087890625,133.71875,133.875,132.59375,132.8125,8358700
2000-12-29,82.862266540527344,131.1875,134.28125,131.1875,134.0625,8774600
2001-01-02,81.362136840820312,128.8125,132.15625,127.5625,132,8737500
2001-01-03,85.270401000976562,135,136,127.65625,128.3125,19431600
2001-01-04,84.352584838867188,133.546875,135.46875,133,134.9375,9219000
2001-01-05,81.599014282226562,129.1875,133.625,129.1875,133.46875,12911400
2001-01-08,82.23065185546875,130.1875,130.1875,127.6875,129.875,6625300
2001-01-09,82.013534545898438,129.84375,131.5,129.421875,131.046875,5702400
2001-01-10,83.454429626464844,132.125,132.125,128.8125,129,8746100
2001-01-11,83.533378601074219,132.25,133.484375,131.09375,131.09375,7245100
2001-01-12,83.375526428222656,132,133.71875,131.28125,132.6875,7244000
2001-01-16,83.908439636230469,132.84375,133.1875,131.515625,132,8542200
2001-01-17,84.293312072753906,133.453125,135.046875,132.640625,134.84375,7851400
2001-01-18,85.132194519042969,134.78125,135.703125,132.9375,133.4375,8107000
2001-01-19,84.64862060546875,134.015625,136.1875,133.875,136.1875,7782500
2001-01-22,85.211158752441406,134.90625,135.78125,133.5625,134.25,7050900
2001-01-23,85.882286071777344,135.96875,136.65625,134.15625,134.46875,8463100
2001-01-24,86.138908386230469,136.375,137.3125,135.84375,136.25,6199900
2001-01-25,85.921760559082031,136.03125,137.25,135.65625,136.25,10818300
2001-01-26,85.823028564453125,135.875,136.125,134.453125,135.15625,7136800
2001-01-29,86.280982971191406,136.60000610351562,136.89999389648438,135.3699951171875,135.5,6705900
2001-01-30,87.038932800292969,137.80000305175781,137.91999816894531,135.78999328613281,136.30000305175781,7069100
2001-01-31,86.546295166015625,137.02000427246094,138.69999694824219,136.60000610351562,137.39999389648438,9706900
2001-02-01,87.121101379394531,137.92999267578125,137.94999694824219,136.25,137.10000610351562,8239100
2001-02-02,85.144050598144531,134.80000305175781,137.99000549316406,134.75,137.39999389648438,8276600
2001-02-05,85.769386291503906,135.78999328613281,135.94000244140625,134.75,134.80000305175781,4352900
2001-02-06,85.516700744628906,135.38999938964844,136.69999694824219,135.22000122070312,135.30000305175781,7106700
2001-02-07,85.074607849121094,134.69000244140625,135.39999389648438,133.67999267578125,134.72000122070312,5748700
2001-02-08,84.082878112792969,133.1199951171875,135.39999389648438,133.10000610351562,134.80000305175781,5943300
2001-02-09,83.274421691894531,131.83999633789062,133.35000610351562,131.25999450683594,133.35000610351562,9913000
2001-02-12,84.228202819824219,133.35000610351562,133.5,131.69999694824219,131.69999694824219,5804400
2001-02-13,83.539718627929688,132.25999450683594,134.16999816894531,132,133.69999694824219,6587600
2001-02-14,83.413375854492188,132.05999755859375,132.64999389648438,130.66000366210938,132.64999389648438,8400100
2001-02-15,84.221878051757812,133.33999633789062,133.52000427246094,131.99000549316406,132.83999633789062,5929800
2001-02-16,82.364875793457031,130.39999389648438,131.28999328613281,129.30000305175781,131,6434900
2001-02-20,81.095298767089844,128.38999938964844,131.13999938964844,128.10000610351562,131.03999328613281,5760000
2001-02-21,79.345672607421875,125.62000274658203,128.83999633789062,125.5,127.90000152587891,10910800
2001-02-22,79.465652465820312,125.80999755859375,126.54000091552734,123.01999664306641,126.34999847412109,21281600
2001-02-23,78.928787231445312,124.95999908447266,125.54000091552734,121.80000305175781,125.08000183105469,20173000
2001-02-26,80.608894348144531,127.62000274658203,127.62000274658203,124.5,125.80000305175781,11503700
2001-02-27,79.863624572753906,126.44000244140625,127.83999633789062,125.51000213623047,126.80000305175781,11415000
2001-02-28,78.290847778320312,123.94999694824219,126.83999633789062,123.26999664306641,126.75,14825800
2001-03-01,78.701377868652344,124.59999847412109,124.59999847412109,121.75,124.05000305175781,14672000
2001-03-02,78.076103210449219,123.61000061035156,125.65000152587891,122.30000305175781,122.5,12564300
2001-03-05,78.789817810058594,124.73999786376953,124.77999877929688,123.80999755859375,124.15000152587891,5293200
2001-03-06,79.636215209960938,126.08000183105469,127.75,125.48999786376953,126.34999847412109,6917000
2001-03-07,80.204696655273438,126.98000335693359,127.04000091552734,125.76000213623047,126.90000152587891,6371700
2001-03-08,80.293113708496094,127.12000274658203,127.23999786376953,126.13999938964844,126.59999847412109,6055000
2001-03-09,77.918212890625,123.36000061035156,126.09999847412109,123.11000061035156,126.09999847412109,10020300
2001-03-12,74.5831298828125,118.08000183105469,122.5,117.75,122.33999633789062,13972900
2001-03-13,75.808525085449219,120.01999664306641,120.44000244140625,117.52999877929688,119.40000152587891,12888000
2001-03-14,74.31158447265625,117.65000152587891,119.29000091552734,115.75,117.05000305175781,19883400
2001-03-15,74.330490112304688,117.68000030517578,118.86000061035156,117.36000061035156,118.44999694824219,10370300
2001-03-16,72.839637756347656,115.01000213623047,117.40000152587891,114.80999755859375,117.12999725341797,58514600
2001-03-19,74.321640014648438,117.34999847412109,117.69000244140625,114.81999969482422,115.76000213623047,10067800
2001-03-20,72.326629638671875,114.19999694824219,118.45999908447266,114.11000061035156,117.90000152587891,15083900
2001-03-21,71.097991943359375,112.26000213623047,115.26000213623047,111.90000152587891,114.18000030517578,19004600
2001-03-22,70.3759765625,111.12000274658203,112.59999847412109,108.04000091552734,112.01999664306641,28624800
2001-03-23,72.503982543945312,114.48000335693359,114.66000366210938,111.5,113.25,12861700
2001-03-26,73.428627014160156,115.94000244140625,116.26999664306641,114.76999664306641,115.69999694824219,9943800
2001-03-27,74.929634094238281,118.30999755859375,118.65000152587891,115.27999877929688,115.62000274658203,12880700
2001-03-28,72.858657836914062,115.04000091552734,116.94999694824219,114.90000152587891,116.90000152587891,10953300
2001-03-29,73.137313842773438,115.48000335693359,116.5,112.13999938964844,114.69999694824219,12060300
2001-03-30,73.903640747070312,116.69000244140625,116.69000244140625,114.5,115.55000305175781,9183600
2001-04-02,72.326629638671875,114.19999694824219,117.37999725341797,113.80000305175781,116.30000305175781,10561000
2001-04-03,69.913650512695312,110.38999938964844,114.15000152587891,110.05999755859375,113.98000335693359,12836000
2001-04-04,70.204948425292969,110.84999847412109,112.09999847412109,109.30000305175781,110.56999969482422,14884300
2001-04-05,72.864959716796875,115.05000305175781,115.48999786376953,112.5,113.30000305175781,21522800
2001-04-06,71.75665283203125,113.30000305175781,114.40000152587891,112.05999755859375,113.98999786376953,14937800
2001-04-09,72.554649353027344,114.55999755859375,114.98999786376953,112.77999877929688,114,9034300
2001-04-10,73.878311157226562,116.65000152587891,117.75,115.16999816894531,115.44999694824219,17873600
2001-04-11,73.928962707519531,116.73000335693359,118.98999786376953,116.13999938964844,118.77999877929688,12722300
2001-04-12,75.271629333496094,118.84999847412109,118.94000244140625,115.95999908447266,116.30000305175781,9233200
2001-04-16,74.479988098144531,117.59999847412109,118.88999938964844,116.91000366210938,118.29000091552734,7350000
2001-04-17,75.531326293945312,119.26000213623047,119.66000366210938,117.01999664306641,117.30999755859375,10924700
2001-04-18,78.533309936523438,124,126,120.69000244140625,121.05999755859375,32481600
2001-04-19,79.578323364257812,125.65000152587891,125.83999633789062,123.58000183105469,124.25,13809900
2001-04-20,78.849960327148438,124.5,125.40000152587891,123.66000366210938,124.90000152587891,7626700
2001-04-23,77.418647766113281,122.23999786376953,123.88999938964844,121.91000366210938,123.65000152587891,8451800
2001-04-24,77.000663757324219,121.58000183105469,123.65000152587891,121.09999847412109,122.51999664306641,10044700
2001-04-25,78.007644653320312,123.16999816894531,123.66999816894531,120.94999694824219,121.41999816894531,8249000
2001-04-26,78.355964660644531,123.72000122070312,125.22000122070312,123.5,123.73000335693359,10590400
2001-04-27,79.660614013671875,125.77999877929688,125.83999633789062,124.19999694824219,124.91999816894531,7938700
2001-04-30,80.217964172363281,126.66000366210938,127.26999664306641,124.66999816894531,126.44999694824219,10766900
2001-05-01,80.464973449707031,127.05000305175781,127.15000152587891,124.59999847412109,125.06999969482422,10578000
2001-05-02,80.319305419921875,126.81999969482422,127.69000244140625,126,127.41000366210938,9572900
2001-05-03,79.299674987792969,125.20999908447266,126.15000152587891,124.22000122070312,126.12999725341797,9926200
2001-05-04,80.648628234863281,127.33999633789062,127.34999847412109,123.44000244140625,123.65000152587891,12145300
2001-05-07,79.951980590820312,126.23999786376953,127.37999725341797,126.23000335693359,126.86000061035156,7185200
2001-05-08,79.913978576660156,126.18000030517578,127.09999847412109,125.55999755859375,126.86000061035156,6952600
2001-05-09,79.578323364257812,125.65000152587891,126.55000305175781,125.05999755859375,125.25,9507400
2001-05-10,79.8126220703125,126.01999664306641,127.5,125.76999664306641,127.26000213623047,6872400
2001-05-11,79.26165771484375,125.15000152587891,126.48999786376953,124.40000152587891,126,7734400
2001-05-14,79.419990539550781,125.40000152587891,125.44000244140625,124.45999908447266,124.90000152587891,7914000
2001-05-15,79.787330627441406,125.98000335693359,126.5,124.84999847412109,125.55000305175781,9782200
2001-05-16,81.668312072753906,128.94999694824219,129.19999694824219,124.62000274658203,124.83999633789062,14909000
2001-05-17,81.795013427734375,129.14999389648438,130.08000183105469,128.55999755859375,129,11824600
2001-05-18,82.168663024902344,129.74000549316406,129.74000549316406,128.10000610351562,129.08999633789062,6683100
2001-05-21,83.378311157226562,131.64999389648438,131.83999633789062,129.14999389648438,129.83999633789062,11531500
2001-05-22,83.270622253417969,131.47999572753906,132.08999633789062,131.07000732421875,131.83000183105469,8342700
2001-05-23,81.858306884765625,129.25,131.05000305175781,129.25,131.05000305175781,12330800
2001-05-24,82.098968505859375,129.6300048828125,130,128.55000305175781,129.47000122070312,7902800
2001-05-25,81.129959106445312,128.10000610351562,129.69999694824219,127.90000152587891,129.64999389648438,7425000
2001-05-29,80.483978271484375,127.08000183105469,128.35000610351562,126.90000152587891,128.22000122070312,9003900
2001-05-30,79.356651306152344,125.30000305175781,127.08999633789062,125,126.58999633789062,10041800
2001-05-31,79.768287658691406,125.94999694824219,126.76000213623047,125.26000213623047,125.43000030517578,9874200
2001-06-01,80.262298583984375,126.73000335693359,127.09999847412109,125.12000274658203,126.19999694824219,8848300
2001-06-04,80.648628234863281,127.33999633789062,127.43000030517578,126.08000183105469,126.80000305175781,5623500
2001-06-05,81.573318481445312,128.80000305175781,129.22999572753906,127.26999664306641,127.48999786376953,9115400
2001-06-06,80.895660400390625,127.73000335693359,128.83000183105469,127.36000061035156,128.83000183105469,12064900
2001-06-07,81.18695068359375,128.19000244140625,128.35000610351562,127,127.05000305175781,7355300
2001-06-08,80.433296203613281,127,127.87000274658203,126.13999938964844,127.69999694824219,8170600
2001-06-11,79.863304138183594,126.09999847412109,126.98999786376953,125.41000366210938,126.70999908447266,7012200
2001-06-12,79.723983764648438,125.87999725341797,126.73999786376953,124.04000091552734,124.86000061035156,9364400
2001-06-13,79.039962768554688,124.80000305175781,126.58000183105469,124.65000152587891,126.16999816894531,7629400
2001-06-14,77.266639709472656,122,124.30000305175781,121.75,124.18000030517578,12603000
2001-06-15,77.39111328125,121.84999847412109,122.40000152587891,120.40000152587891,120.91000366210938,16821100
2001-06-18,77.016410827636719,121.26000213623047,122.44000244140625,120.91000366210938,121.65000152587891,11368300
2001-06-19,77.353042602539062,121.79000091552734,122.88999938964844,120.88999938964844,122.37999725341797,7732300
2001-06-20,77.759483337402344,122.43000030517578,122.86000061035156,121.09999847412109,121.19000244140625,8787200
2001-06-21,78.642333984375,123.81999969482422,124.30999755859375,122.15000152587891,122.22000122070312,12259100
2001-06-22,78.026222229003906,122.84999847412109,123.58999633789062,122.16000366210938,123.48999786376953,12212000
2001-06-25,77.308540344238281,121.72000122070312,123.44000244140625,121.5,123.27999877929688,8406800
2001-06-26,77.200599670410156,121.55000305175781,122.38999938964844,120.56999969482422,120.90000152587891,8005800
2001-06-27,77.156120300292969,121.48000335693359,122.23999786376953,120.91000366210938,121.59999847412109,10105100
2001-06-28,77.581649780273438,122.15000152587891,123.94000244140625,121.93000030517578,122,10269300
2001-06-29,77.867477416992188,122.59999847412109,124.01000213623047,122.26000213623047,122.80000305175781,9824200
2001-07-02,78.839210510253906,124.12999725341797,124.31999969482422,122.62000274658203,122.80000305175781,8522200
2001-07-03,78.820152282714844,124.09999847412109,124.09999847412109,123.05000305175781,123.98000335693359,3303100
2001-07-05,77.28314208984375,121.68000030517578,123.65000152587891,121.66000366210938,123.06999969482422,5517900
2001-07-06,75.612762451171875,119.05000305175781,121.48999786376953,119.05000305175781,121.30999755859375,11665900
2001-07-09,76.02557373046875,119.69999694824219,120.54000091552734,119.19999694824219,119.48999786376953,8339300
2001-07-10,75.110977172851562,118.26000213623047,120.63999938964844,118.20999908447266,120.29000091552734,8630700
2001-07-11,75.187187194824219,118.37999725341797,118.88999938964844,117.08999633789062,118.09999847412109,15328600
2001-07-12,76.971939086914062,121.19000244140625,121.47000122070312,119.30999755859375,119.5,12002800
2001-07-13,77.638847351074219,122.23999786376953,122.31999969482422,120.62000274658203,120.83999633789062,10433800
2001-07-16,76.667076110839844,120.70999908447266,122.27999877929688,120.29000091552734,121.76999664306641,6915300
2001-07-17,77.384780883789062,121.83999633789062,121.94999694824219,119.83000183105469,120.19999694824219,7469800
2001-07-18,76.857582092285156,121.01000213623047,121.63999938964844,120.05999755859375,120.55999755859375,7709300
2001-07-19,77.53082275390625,122.06999969482422,122.98000335693359,120.76000213623047,122.18000030517578,10082900
2001-07-20,77.067192077636719,121.33999633789062,121.94000244140625,120.91999816894531,121.15000152587891,6705800
2001-07-23,75.549209594726562,118.94999694824219,121.87999725341797,118.94999694824219,121.80000305175781,8065200
2001-07-24,74.818870544433594,117.80000305175781,119.19999694824219,116.75,119,12269000
2001-07-25,75.644500732421875,119.09999847412109,119.48000335693359,117.45999908447266,117.91999816894531,12088500
2001-07-26,76.438407897949219,120.34999847412109,120.84999847412109,118.55999755859375,119.05999755859375,12898200
2001-07-27,76.7305908203125,120.80999755859375,121.34999847412109,119.91000366210938,120.83000183105469,8478800
2001-07-30,76.755989074707031,120.84999847412109,121.34999847412109,120.30000305175781,121.19000244140625,8547700
2001-07-31,77.073562622070312,121.34999847412109,122.68000030517578,120.80000305175781,121,11918100
2001-08-01,77.556243896484375,122.11000061035156,122.69999694824219,121.55000305175781,121.97000122070312,11940800
2001-08-02,77.87384033203125,122.61000061035156,123.25,121.88999938964844,123.23000335693359,11070100
2001-08-03,77.448318481445312,121.94000244140625,122.36000061035156,120.90000152587891,122.36000061035156,10816300
2001-08-06,76.406639099121094,120.30000305175781,121.51000213623047,120.09999847412109,121.34999847412109,8550100
2001-08-07,76.705184936523438,120.76999664306641,121.19999694824219,119.91000366210938,120.26999664306641,8865100
2001-08-08,75.282478332519531,118.52999877929688,121.16000366210938,118.43000030517578,120.12000274658203,15183800
2001-08-09,75.504768371582031,118.87999725341797,118.97000122070312,117.86000061035156,118.69999694824219,14118500
2001-08-10,75.765174865722656,119.29000091552734,119.83999633789062,117.33999633789062,118.80000305175781,11173300
2001-08-13,75.78424072265625,119.31999969482422,119.84999847412109,118.80999755859375,119.59999847412109,7431600
2001-08-14,75.752479553222656,119.26999664306641,120.34999847412109,118.80000305175781,120.13999938964844,13178100
2001-08-15,75.098312377929688,118.23999786376953,119.61000061035156,118.08000183105469,119.23000335693359,8520600
2001-08-16,75.358718872070312,118.65000152587891,118.75,117,117.80000305175781,10734700
2001-08-17,74.1519775390625,116.75,117.87000274658203,116.01000213623047,117.65000152587891,11604600
2001-08-20,74.837905883789062,117.83000183105469,117.90000152587891,116.55000305175781,116.80000305175781,10417400
2001-08-21,73.561256408691406,115.81999969482422,118.54000091552734,115.80000305175781,117.80000305175781,14480800
2001-08-22,74.323448181152344,117.01999664306641,117.43000030517578,115.77999877929688,116.75,11752300
2001-08-23,74.056648254394531,116.59999847412109,117.51999664306641,116.48999786376953,116.95999908447266,8744100
2001-08-24,75.593711853027344,119.01999664306641,119.12999725341797,116.73999786376953,117.20999908447266,11687700
2001-08-27,75.142745971679688,118.30999755859375,119.19999694824219,118.26000213623047,118.97000122070312,7425100
2001-08-28,74.0439453125,116.58000183105469,118.48999786376953,116.58000183105469,118.27999877929688,12046600
2001-08-29,73.383430480957031,115.54000091552734,117.18000030517578,115.16999816894531,117.12999725341797,16180000
2001-08-30,71.973403930664062,113.31999969482422,115.73999786376953,112.04000091552734,114.84999847412109,17692600
2001-08-31,72.500572204589844,114.15000152587891,114.76999664306641,113.12999725341797,113.40000152587891,15985400
2001-09-04,72.036949157714844,113.41999816894531,116.16999816894531,113.37000274658203,113.84999847412109,24473400
2001-09-05,72.214767456054688,113.69999694824219,114.19000244140625,111.94999694824219,113.69999694824219,21477100
2001-09-06,70.353851318359375,110.76999664306641,113.30000305175781,110.76999664306641,112.65000152587891,21653000
2001-09-07,69.051826477050781,108.72000122070312,111.25,108.62999725341797,110.01999664306641,33133900
2001-09-10,69.896537780761719,110.05000305175781,110.34999847412109,107.69999694824219,107.69999694824219,23408700
2001-09-17,66.244514465332031,104.30000305175781,106.40000152587891,100,101,32388700
2001-09-18,66.085716247558594,104.05000305175781,105.30000305175781,103.36000061035156,104.33000183105469,22029200
2001-09-19,64.751937866210938,101.94999694824219,104.5,98.55999755859375,104.09999847412109,42771800
2001-09-20,62.694137573242188,98.709999084472656,101.80999755859375,98.55999755859375,100.40000152587891,36210900
2001-09-21,62.017704010009766,97.279998779296875,98.989997863769531,93.800003051757812,94.279998779296875,49782100
2001-09-24,64.197998046875,100.69999694824219,101.16000366210938,99.05999755859375,99.720001220703125,25549600
2001-09-25,64.867431640625,101.75,102,99.900001525878906,100.75,25466200
2001-09-26,64.637931823730469,101.38999938964844,102.40000152587891,100.43000030517578,102.34999847412109,18587500
2001-09-27,65.19891357421875,102.26999664306641,102.29000091552734,100,101.25,20536800
2001-09-28,66.582328796386719,104.44000244140625,109.62000274658203,102.5,102.98000335693359,21687200
2001-10-01,66.473968505859375,104.26999664306641,104.31999969482422,102.83000183105469,103.90000152587891,20457400
2001-10-02,67.309097290039062,105.58000183105469,105.58000183105469,103.65000152587891,104,19833100
2001-10-03,68.437515258789062,107.34999847412109,107.87999725341797,104.34999847412109,104.59999847412109,32045800
2001-10-04,68.494865417480469,107.44000244140625,108.97000122070312,106.75,108.29000091552734,32674100
2001-10-05,68.361007690429688,107.23000335693359,107.62000274658203,105.51999664306641,107.25,29796100
2001-10-08,67.914772033691406,106.52999877929688,107.30000305175781,105.87000274658203,106.26999664306641,12970300
2001-10-09,67.551361083984375,105.95999908447266,106.75,105.59999847412109,106.61000061035156,15976300
2001-10-10,69.055885314941406,108.31999969482422,108.55000305175781,105.51999664306641,105.80000305175781,19987400
2001-10-11,70.126930236816406,110,110.30000305175781,108.94999694824219,108.94999694824219,23006300
2001-10-12,69.808181762695312,109.5,109.88999938964844,107.30000305175781,109.15000152587891,31360500
2001-10-15,69.680679321289062,109.30000305175781,109.44999694824219,108.05999755859375,108.62999725341797,16873000
2001-10-16,70.120590209960938,109.98999786376953,110.61000061035156,108.94999694824219,109.80000305175781,15877100
2001-10-17,68.6287841796875,107.65000152587891,111.15000152587891,107.65000152587891,111.06999969482422,28542300
2001-10-18,68.482139587402344,107.41999816894531,108.16000366210938,106.75,107.81999969482422,16510000
2001-10-19,68.437515258789062,107.34999847412109,107.91000366210938,106.01000213623047,107,21912500
2001-10-22,69.789054870605469,109.47000122070312,109.56999969482422,107.20999908447266,107.30000305175781,17540600
2001-10-23,69.432052612304688,108.91000366210938,110.27999877929688,108.37999725341797,109.95999908447266,22062500
2001-10-24,69.247184753417969,108.62000274658203,109.44999694824219,108.22000122070312,108.98000335693359,16065200
2001-10-25,70.490318298339844,110.56999969482422,110.59999847412109,106.73999786376953,107.44999694824219,27467900
2001-10-26,70.3309326171875,110.31999969482422,111.79000091552734,109.66999816894531,109.94999694824219,18623300
2001-10-29,68.501251220703125,107.44999694824219,110.55000305175781,107.44999694824219,110.16000366210938,18727500
2001-10-30,67.678878784179688,106.16000366210938,107.69999694824219,105.55999755859375,107.34999847412109,26178600
2001-10-31,67.449363708496094,105.80000305175781,107.86000061035156,105.80000305175781,106.90000152587891,28124200
2001-11-01,69.177032470703125,108.51000213623047,109.01000213623047,105.69999694824219,106.59999847412109,29806800
2001-11-02,69.648750305175781,109.25,109.37999725341797,107.87000274658203,108.44000244140625,17575900
2001-11-05,70.560417175292969,110.68000030517578,111.08999633789062,109.94999694824219,110.12000274658203,15929500
2001-11-06,71.656982421875,112.40000152587891,112.48000335693359,109.84999847412109,110.34999847412109,23245800
2001-11-07,71.56134033203125,112.25,113.12000274658203,111.63999938964844,111.76999664306641,19716000
2001-11-08,71.784461975097656,112.59999847412109,114.08000183105469,111.90000152587891,112.87000274658203,22563500
2001-11-09,71.860946655273438,112.72000122070312,112.95999908447266,111.44000244140625,112.25,15895800
2001-11-12,71.421089172363281,112.02999877929688,112.65000152587891,110,111,26068800
2001-11-13,73.027641296386719,114.55000305175781,114.55000305175781,113.18000030517578,113.44000244140625,15296200
2001-11-14,73.097801208496094,114.66000366210938,115.40000152587891,113.70999908447266,115.16999816894531,17571300
2001-11-15,73.231666564941406,114.87000274658203,115.18000030517578,113.93000030517578,114.37000274658203,19470200
2001-11-16,72.906517028808594,114.36000061035156,115.09999847412109,113.40000152587891,115.08000183105469,18134900
2001-11-19,73.805412292480469,115.76999664306641,115.84999847412109,114.44999694824219,114.91999816894531,13625400
2001-11-20,73.187026977539062,114.80000305175781,115.80000305175781,114.63999938964844,115.37000274658203,16209700
2001-11-21,72.702522277832031,114.04000091552734,114.66999816894531,113.51000213623047,114.5,11470200
2001-11-23,73.748016357421875,115.68000030517578,115.75,114,114.04000091552734,6717100
2001-11-26,73.907470703125,115.93000030517578,116.33999633789062,115.06999969482422,115.75,13726000
2001-11-27,73.588676452636719,115.43000030517578,116.90000152587891,114.08999633789062,115.62000274658203,19261400
2001-11-28,72.256240844726562,113.33999633789062,115.16999816894531,113.25,114.73999786376953,20195500
2001-11-29,73.231666564941406,114.87000274658203,114.91999816894531,113,113.66000366210938,16354700
2001-11-30,72.708869934082031,114.05000305175781,114.91000366210938,114.01999664306641,114.40000152587891,13680300
2001-12-03,72.275367736816406,113.37000274658203,114.08000183105469,113.01000213623047,113.65000152587891,15220400
2001-12-04,73.499427795410156,115.29000091552734,115.30000305175781,113.34999847412109,113.91999816894531,17239900
2001-12-05,74.844566345214844,117.40000152587891,118,115.55999755859375,115.61000061035156,25204000
2001-12-06,74.806297302246094,117.33999633789062,117.94000244140625,116.93000030517578,117.33999633789062,17972900
2001-12-07,74.309066772460938,116.55999755859375,117.08999633789062,115.69999694824219,116.90000152587891,18857800
2001-12-10,72.91925048828125,114.37999725341797,116.38999938964844,114.34999847412109,115.84999847412109,13862700
2001-12-11,72.772613525390625,114.15000152587891,115.72000122070312,113.90000152587891,114.90000152587891,20833300
2001-12-12,72.855514526367188,114.27999877929688,114.77999877929688,113.11000061035156,114.55000305175781,16171500
2001-12-13,71.440216064453125,112.05999755859375,113.69999694824219,112.04000091552734,113.44999694824219,19026700
2001-12-14,72.122352600097656,113.12999725341797,113.48999786376953,112,112.33000183105469,16721900
2001-12-17,72.868263244628906,114.30000305175781,114.36000061035156,112.90000152587891,112.98999786376953,13925900
2001-12-18,73.301765441894531,114.98000335693359,115.15000152587891,114.33999633789062,114.62999725341797,13663700
2001-12-19,73.818153381347656,115.79000091552734,115.91999816894531,114,114.08999633789062,20143400
2001-12-20,73.091400146484375,114.65000152587891,115.80000305175781,114.55000305175781,115.5,14867900
2001-12-21,73.534721374511719,114.94999694824219,115.06999969482422,114.19999694824219,115.02999877929688,14037700
2001-12-24,73.393959045410156,114.73000335693359,115.04000091552734,114.61000061035156,114.83000183105469,5728800
2001-12-26,73.796989440917969,115.36000061035156,116.20999908447266,114.65000152587891,114.65000152587891,10304800
2001-12-27,74.244773864746094,116.05999755859375,116.08000183105469,115.25,115.30000305175781,9407300
2001-12-28,74.206428527832031,116,116.75,115.91999816894531,116.29000091552734,10593800
2001-12-31,73.118873596191406,114.30000305175781,116.38999938964844,114.23000335693359,116.15000152587891,14619500
2002-01-02,73.905776977539062,115.52999877929688,115.75,113.80999755859375,115.11000061035156,18651900
2002-01-03,74.743782043457031,116.83999633789062,116.94999694824219,115.54000091552734,115.65000152587891,15743000
2002-01-04,75.242744445800781,117.62000274658203,117.98000335693359,116.55000305175781,117.16999816894531,20140700
2002-01-07,74.711814880371094,116.79000091552734,117.98999786376953,116.55999755859375,117.69999694824219,13106500
2002-01-08,74.539031982421875,116.51999664306641,117.05999755859375,115.97000122070312,116.79000091552734,12683700
2002-01-09,73.931327819824219,115.56999969482422,117.77999877929688,115.33999633789062,116.68000030517578,16610300
2002-01-10,74.257575988769531,116.08000183105469,116.34999847412109,115.30000305175781,115.69000244140625,12823400
2002-01-11,73.528289794921875,114.94000244140625,116.27999877929688,114.69999694824219,116.20999908447266,13708400
2002-01-14,73.067726135253906,114.22000122070312,114.83999633789062,113.95999908447266,114.65000152587891,12301100
2002-01-15,73.662628173828125,115.15000152587891,115.38999938964844,113.90000152587891,114.55000305175781,20219900
2002-01-16,72.172111511230469,112.81999969482422,114.40000152587891,112.69000244140625,114.30000305175781,17067000
2002-01-17,72.715858459472656,113.66999816894531,114.23999786376953,113.40000152587891,113.76000213623047,17283400
2002-01-18,72.383224487304688,113.15000152587891,113.84999847412109,112.66999816894531,113,17028000
2002-01-22,71.884254455566406,112.37000274658203,113.93000030517578,112.01999664306641,113.75,11689300
2002-01-23,72.4344482421875,113.23000335693359,113.55000305175781,112.01999664306641,112.62999725341797,12438900
2002-01-24,72.658309936523438,113.58000183105469,114.25,113.31999969482422,113.63999938964844,12142800
2002-01-25,72.639106750488281,113.55000305175781,114.18000030517578,113.04000091552734,113.12000274658203,12810700
2002-01-28,72.837417602539062,113.86000061035156,114.19000244140625,112.91999816894531,113.90000152587891,10589200
2002-01-29,70.547248840332031,110.27999877929688,114.12999725341797,110.05000305175781,113.84999847412109,27720800
2002-01-30,71.564414978027344,111.87000274658203,113.38999938964844,108.40000152587891,110.38999938964844,34711800
2002-01-31,72.402435302734375,113.18000030517578,113.30000305175781,111.62000274658203,112.15000152587891,19909200
2002-02-01,72.063362121582031,112.65000152587891,113.30000305175781,112.16999816894531,113.08999633789062,15838500
2002-02-04,70.272178649902344,109.84999847412109,112.23000335693359,109.44000244140625,112.23000335693359,24243400
2002-02-05,69.837196350097656,109.16999816894531,110.48999786376953,108.52999877929688,109.40000152587891,33614000
2002-02-06,69.536529541015625,108.69999694824219,109.73999786376953,108.05999755859375,109.65000152587891,29486000
2002-02-07,69.10150146484375,108.01999664306641,109.86000061035156,108,108.72000122070312,23445400
2002-02-08,70.425735473632812,110.08999633789062,110.75,108.30000305175781,108.62999725341797,19277800
2002-02-11,71.289299011230469,111.44000244140625,111.63999938964844,109.81999969482422,110.05000305175781,18792400
2002-02-12,71.065414428710938,111.08999633789062,111.70999908447266,110.02999877929688,110.95999908447266,13942500
2002-02-13,71.8203125,112.26999664306641,112.54000091552734,111.34999847412109,111.48000335693359,16781100
2002-02-14,71.685951232910156,112.05999755859375,112.97000122070312,111.58999633789062,112.51000213623047,20453800
2002-02-15,70.937484741210938,110.88999938964844,112.23999786376953,110.70999908447266,112.15000152587891,18366800
2002-02-19,69.574874877929688,108.76000213623047,110.29000091552734,108.61000061035156,110.15000152587891,15988100
2002-02-20,70.745574951171875,110.58999633789062,110.58999633789062,107.81999969482422,109.05000305175781,29242800
2002-02-21,69.280662536621094,108.30000305175781,110.62999725341797,108.26000213623047,109.93000030517578,26288600
2002-02-22,70.137855529785156,109.63999938964844,109.94000244140625,107.87000274658203,108.34999847412109,26572900
2002-02-25,71.295783996582031,111.44999694824219,111.80999755859375,109.69999694824219,109.73999786376953,17458700
2002-02-26,71.148605346679688,111.22000122070312,112.04000091552734,110.56999969482422,111.59999847412109,22346500
2002-02-27,71.423652648925781,111.65000152587891,112.86000061035156,110.65000152587891,111.95999908447266,28597900
2002-02-28,71.103813171386719,111.15000152587891,112.75,111.02999877929688,111.83000183105469,23755400
2002-03-01,72.760665893554688,113.73999786376953,113.84999847412109,111.51000213623047,111.72000122070312,26273600
2002-03-04,74.046524047851562,115.75,115.98999786376953,113.65000152587891,113.90000152587891,27184600
2002-03-05,73.809783935546875,115.37999725341797,116.40000152587891,114.97000122070312,115.33000183105469,22718900
2002-03-06,74.686180114746094,116.75,117.15000152587891,115.06999969482422,115.09999847412109,20143200
2002-03-07,74.526268005371094,116.5,117.5,115.56999969482422,117.36000061035156,19330800
2002-03-08,74.839706420898438,116.98999786376953,117.90000152587891,116.48000335693359,117.37999725341797,19930100
2002-03-11,74.999664306640625,117.23999786376953,117.90000152587891,116.43000030517578,116.88999938964844,15621800
2002-03-12,74.954856872558594,117.16999816894531,117.25,115.94000244140625,116.09999847412109,17153600
2002-03-13,74.23199462890625,116.04000091552734,116.75,115.63999938964844,116.62999725341797,17175300
2002-03-14,74.129631042480469,115.87999725341797,116.43000030517578,115.62999725341797,116.04000091552734,11168100
2002-03-15,74.83599853515625,116.65000152587891,116.94999694824219,115.90000152587891,115.97000122070312,21220100
2002-03-18,74.848777770996094,116.66999816894531,117.55999755859375,116.09999847412109,117.09999847412109,17548900
2002-03-19,75.349205017089844,117.44999694824219,117.73999786376953,116.81999969482422,117.30000305175781,17912000
2002-03-20,73.931427001953125,115.23999786376953,116.58000183105469,115.19000244140625,116.5,17114500
2002-03-21,73.963493347167969,115.29000091552734,115.90000152587891,114.12000274658203,115.30000305175781,25846800
2002-03-22,73.803054809570312,115.04000091552734,115.94000244140625,114.69999694824219,115.5,15235400
2002-03-25,72.885688781738281,113.61000061035156,115.36000061035156,113.30000305175781,115.08999633789062,17499600
2002-03-26,73.309104919433594,114.26999664306641,115.01999664306641,113.47000122070312,113.51999664306641,19947600
2002-03-27,73.501541137695312,114.56999969482422,115.01000213623047,113.76000213623047,114.02999877929688,19020300
2002-03-28,73.469497680664062,114.51999664306641,115.76999664306641,114.5,114.97000122070312,17532900
2002-04-01,73.501541137695312,114.56999969482422,115.09999847412109,113.5,114.23000335693359,17711000
2002-04-02,73.097396850585938,113.94000244140625,114.94999694824219,113.76999664306641,113.98000335693359,15669500
2002-04-03,72.584152221679688,113.13999938964844,114.20999908447266,112.16000366210938,114.01000213623047,25658500
2002-04-04,72.282669067382812,112.66999816894531,113.40000152587891,112.23000335693359,112.59999847412109,23549000
2002-04-05,72.295463562011719,112.69000244140625,113.62999725341797,112.18000030517578,113.19000244140625,19404900
2002-04-08,72.449417114257812,112.93000030517578,113.02999877929688,111.23000335693359,111.31999969482422,16470100
2002-04-09,71.942626953125,112.13999938964844,113.18000030517578,111.93000030517578,113.18000030517578,15122700
2002-04-10,72.757392883300781,113.41000366210938,113.54000091552734,112.08999633789062,112.09999847412109,17199300
2002-04-11,70.948249816894531,110.58999633789062,113.05000305175781,110.5,112.88999938964844,25453700
2002-04-12,71.480690002441406,111.41999816894531,111.65000152587891,110.04000091552734,111.01999664306641,14950600
2002-04-15,70.935417175292969,110.56999969482422,111.86000061035156,110.19999694824219,111.62000274658203,17394900
2002-04-16,72.622642517089844,113.19999694824219,113.31999969482422,111.66999816894531,111.69999694824219,15040900
2002-04-17,72.468666076660156,112.95999908447266,113.66999816894531,112.59999847412109,113.38999938964844,12920100
2002-04-18,72.154319763183594,112.47000122070312,113.45999908447266,111.15000152587891,112.90000152587891,25204800
2002-04-19,72.417373657226562,112.87999725341797,113.23999786376953,112.55999755859375,113.19999694824219,10499200
2002-04-22,71.211250305175781,111,112.43000030517578,110.83999633789062,112.37999725341797,13922900
2002-04-23,70.903327941894531,110.51999664306641,111.48000335693359,110.16999816894531,111.08999633789062,16967000
2002-04-24,70.191184997558594,109.41000366210938,111.80999755859375,109.40000152587891,110.55999755859375,18902700
2002-04-25,70.229690551757812,109.47000122070312,109.73999786376953,108.72000122070312,109.20999908447266,25451500
2002-04-26,68.895301818847656,107.38999938964844,110.01000213623047,107.29000091552734,109.79000091552734,19769800
2002-04-29,68.5552978515625,106.86000061035156,108.26000213623047,106.62999725341797,107.93000030517578,17724400
2002-04-30,69.196807861328125,107.86000061035156,108.63999938964844,106.63999938964844,107.01999664306641,19473500
2002-05-01,70.043647766113281,109.18000030517578,109.25,106.80000305175781,107.97000122070312,24575600
2002-05-02,69.774192810058594,108.76000213623047,109.91000366210938,107.77999877929688,109.09999847412109,15666800
2002-05-03,69.017181396484375,107.58000183105469,108.76000213623047,107.19999694824219,108.59999847412109,18185500
2002-05-06,67.66351318359375,105.47000122070312,107.98999786376953,105.30999755859375,107.63999938964844,23630400
2002-05-07,67.426193237304688,105.09999847412109,106.31999969482422,104.90000152587891,106.09999847412109,21910000
2002-05-08,69.934608459472656,109.01000213623047,109.36000061035156,106.79000091552734,107.05000305175781,27917400
2002-05-09,69.126258850097656,107.75,109.09999847412109,107.58000183105469,108.65000152587891,18085600
2002-05-10,67.823890686035156,105.72000122070312,108.05000305175781,105.59999847412109,107.97000122070312,18958900
2002-05-13,69.203231811523438,107.87000274658203,107.94999694824219,105.79000091552734,106.22000122070312,14677700
2002-05-14,70.710853576660156,110.22000122070312,110.37000274658203,109,109.62000274658203,34201200
2002-05-15,70.434982299804688,109.79000091552734,110.91000366210938,109.29000091552734,109.5,29535300
2002-05-16,70.800704956054688,110.36000061035156,110.48000335693359,109.33000183105469,109.69999694824219,28092000
2002-05-17,71.147125244140625,110.90000152587891,111.25,110.09999847412109,110.66000366210938,27823700
2002-05-20,70.377250671386719,109.69999694824219,110.69000244140625,109.48999786376953,110.63999938964844,13833800
2002-05-21,69.735702514648438,108.69999694824219,110.48000335693359,108.31999969482422,110.11000061035156,16877200
2002-05-22,69.889701843261719,108.94000244140625,109.12000274658203,108,108.22000122070312,15844200
2002-05-23,70.633857727050781,110.09999847412109,110.36000061035156,108.48000335693359,109.26000213623047,13879800
2002-05-24,69.729331970214844,108.69000244140625,110.19999694824219,108.61000061035156,109.98000335693359,11877000
2002-05-28,69.350784301757812,108.09999847412109,109.12999725341797,107.44999694824219,109.05000305175781,24236900
2002-05-29,68.837539672851562,107.30000305175781,108.01999664306641,107.12999725341797,107.62000274658203,14773300
2002-05-30,68.645103454589844,107,107.51000213623047,105.90000152587891,106.55000305175781,18217900
2002-05-31,68.786216735839844,107.22000122070312,108.55999755859375,106.84999847412109,107.40000152587891,19826300
2002-06-03,66.957809448242188,104.37000274658203,107.59999847412109,104.12999725341797,107.08999633789062,26056300
2002-06-04,67.124618530273438,104.62999725341797,105.19999694824219,103.55000305175781,104.15000152587891,25856200
2002-06-05,67.753326416015625,105.61000061035156,105.66999816894531,104.34999847412109,104.94999694824219,19695900
2002-06-06,66.373992919921875,103.45999908447266,105.59999847412109,103.15000152587891,105.54000091552734,22998500
2002-06-07,66.297065734863281,103.33999633789062,103.91999816894531,101.72000122070312,101.77999877929688,24011600
2002-06-10,66.553672790527344,103.73999786376953,104.45999908447266,103.01999664306641,103.23999786376953,18759900
2002-06-11,65.411758422851562,101.95999908447266,104.54000091552734,101.73000335693359,104.12999725341797,19990700
2002-06-12,65.809478759765625,102.58000183105469,102.80999755859375,100.77999877929688,101.70999908447266,31266000
2002-06-13,65.148696899414062,101.55000305175781,103,101.33999633789062,102.12999725341797,21043900
2002-06-14,65.05242919921875,101.40000152587891,101.55999755859375,98.5,100.30999755859375,39267500
2002-06-17,66.797470092773438,104.12000274658203,104.33999633789062,101.84999847412109,101.91999816894531,17647200
2002-06-18,67.342758178710938,104.97000122070312,105.02999877929688,103.62999725341797,103.73999786376953,21628500
2002-06-19,65.770980834960938,102.51999664306641,104.43000030517578,102.23999786376953,103.5,21540700
2002-06-20,64.9305419921875,101.20999908447266,103.05000305175781,100.95999908447266,102.26000213623047,25691000
2002-06-21,63.915306091308594,99.279998779296875,100.93000030517578,98.680000305175781,100.47000122070312,31190700
2002-06-24,64.250053405761719,99.800003051757812,100.69000244140625,97.25,98.610000610351562,37169700
2002-06-25,62.807964324951172,97.55999755859375,100.88999938964844,97.540000915527344,100.30000305175781,33355000
2002-06-26,62.910987854003906,97.720001220703125,98.150001525878906,95.19000244140625,95.199996948242188,37913600
2002-06-27,64.011871337890625,99.430000305175781,99.489997863769531,96.569999694824219,98.5,31616400
2002-06-28,63.709293365478516,98.959999084472656,100.5,98.879997253417969,99.239997863769531,28184200
2002-07-01,62.466770172119141,97.029998779296875,99.800003051757812,96.889999389648438,99.180000305175781,20270200
2002-07-02,61.140583038330078,94.970001220703125,97.199996948242188,94.769996643066406,96.860000610351562,34213900
2002-07-03,61.488193511962891,95.510002136230469,95.839996337890625,93.720001220703125,94.620002746582031,30565800
2002-07-05,63.934616088867188,99.30999755859375,99.529998779296875,96.660003662109375,96.779998779296875,19013500
2002-07-08,63.136333465576172,98.069999694824219,99.699996948242188,97.55999755859375,98.980003356933594,19118600
2002-07-09,61.546180725097656,95.599998474121094,98.339996337890625,95.010002136230469,97.730003356933594,28620400
2002-07-10,59.305770874023438,92.120002746582031,96.069999694824219,92.040000915527344,96,50522500
2002-07-11,59.788619995117188,92.870002746582031,93.349998474121094,90.319999694824219,91.760002136230469,59476500
2002-07-12,59.1319580078125,91.849998474121094,93.889999389648438,91.519996643066406,93.330001831054688,39018600
2002-07-15,59.447391510009766,92.339996337890625,92.400001525878906,87.889999389648438,91.639999389648438,77317200
2002-07-16,58.301467895507812,90.55999755859375,92.379997253417969,89.870002746582031,91.120002746582031,53282400
2002-07-17,58.417343139648438,90.739997863769531,93.300003051757812,89.75,92.459999084472656,48880600
2002-07-18,56.524608612060547,87.800003051757812,91.099998474121094,87.75,90.699996948242188,32656700
2002-07-19,54.535274505615234,84.709999084472656,87.550003051757812,84.300003051757812,86.760002136230469,77572600
2002-07-22,52.919380187988281,82.199996948242188,85.910003662109375,81.449996948242188,84.099998474121094,78134000
2002-07-23,51.47088623046875,79.949996948242188,83.239997863769531,79.75,82.550003051757812,74484100
2002-07-24,54.541748046875,84.720001220703125,85.120002746582031,77.680000305175781,78.129997253417969,107022800
2002-07-25,54.078212738037109,84,85.849998474121094,81.599998474121094,84.269996643066406,87176600
2002-07-26,55.108268737792969,85.599998474121094,85.930000305175781,83.800003051757812,84.650001525878906,41206800
2002-07-29,57.792873382568359,89.769996643066406,90.339996337890625,87.300003051757812,87.5,53492900
2002-07-30,58.546100616455078,90.94000244140625,91.400001525878906,88.720001220703125,89.319999694824219,47532200
2002-07-31,58.687728881835938,91.160003662109375,91.550003051757812,89.25,90.489997863769531,44669900
2002-08-01,57.155498504638672,88.779998779296875,91.349998474121094,88.330001831054688,90.879997253417969,66571900
2002-08-02,55.874401092529297,86.790000915527344,88.910003662109375,85.620002746582031,88.5,51772900
2002-08-05,53.930137634277344,83.769996643066406,86.930000305175781,83.550003051757812,86.489997863769531,47191300
2002-08-06,55.745616912841797,86.589996337890625,87.900001525878906,85.110000610351562,85.230003356933594,64730000
2002-08-07,56.717720031738281,88.099998474121094,88.5,85.769996643066406,87.870002746582031,43289400
2002-08-08,58.55255126953125,90.949996948242188,91.099998474121094,87.800003051757812,88.419998168945312,48339800
2002-08-09,58.771427154541016,91.290000915527344,91.94000244140625,89.349998474121094,90.099998474121094,41879200
2002-08-12,58.340068817138672,90.620002746582031,91.269996643066406,89.550003051757812,89.989997863769531,25841700
2002-08-13,57.277809143066406,88.970001220703125,91.660003662109375,88.650001525878906,90.150001525878906,49690500
2002-08-14,59.370155334472656,92.220001220703125,92.629997253417969,88.019996643066406,89.019996643066406,57423600
2002-08-15,60.194217681884766,93.5,93.989997863769531,92.199996948242188,92.839996337890625,45551500
2002-08-16,60.013950347900391,93.220001220703125,94.080001831054688,92,92.819999694824219,36517300
2002-08-19,61.417404174804688,95.400001525878906,95.75,93.099998474121094,93.459999084472656,33669900
2002-08-20,60.767173767089844,94.389999389648438,95.400001525878906,93.620002746582031,94.819999694824219,30508300
2002-08-21,61.642723083496094,95.75,95.779998779296875,93.569999694824219,95.05999755859375,39628900
2002-08-22,62.241458892822266,96.680000305175781,97.150001525878906,95.069999694824219,95.489997863769531,38399800
2002-08-23,60.902359008789062,94.599998474121094,96.150001525878906,94.150001525878906,96.010002136230469,33716400
2002-08-26,61.327274322509766,95.260002136230469,95.639999389648438,93.5,94.910003662109375,33830100
2002-08-27,60.619094848632812,94.160003662109375,96.25,93.5,95.699996948242188,35335700
2002-08-28,59.292900085449219,92.099998474121094,93.489997863769531,91.800003051757812,93.279998779296875,38970600
2002-08-29,59.318630218505859,92.139999389648438,93.050003051757812,90.80999755859375,91.269996643066406,42965700
2002-08-30,59.086902618408203,91.779998779296875,93.389999389648438,91.400001525878906,91.680000305175781,30366700
2002-09-03,56.833621978759766,88.279998779296875,91,88.150001525878906,90.730003356933594,76586400
2002-09-04,57.644779205322266,89.540000915527344,90.25,88.05999755859375,88.610000610351562,51099500
2002-09-05,57.155498504638672,88.779998779296875,89.430000305175781,87.5,88.489997863769531,67250900
2002-09-06,57.940944671630859,90,90.569999694824219,89.339996337890625,89.75,38622200
2002-09-09,58.365856170654297,90.660003662109375,91.349998474121094,88.800003051757812,89.099998474121094,33998400
2002-09-10,59.035373687744141,91.699996948242188,91.779998779296875,90.55999755859375,91.139999389648438,41416600
2002-09-11,58.668430328369141,91.129997253417969,93.330001831054688,91.099998474121094,92.470001220703125,27711200
2002-09-12,57.586879730224609,89.449996948242188,90.839996337890625,88.989997863769531,90.75,43601700
2002-09-13,57.728511810302734,89.669998168945312,89.900001525878906,88.25,88.69000244140625,41131000
2002-09-16,57.870128631591797,89.889999389648438,89.889999389648438,88.459999084472656,89.30999755859375,28167600
2002-09-17,56.543933868408203,87.830001831054688,91.19000244140625,87.75,90.889999389648438,47609700
2002-09-18,55.977409362792969,86.949996948242188,88.5,86.279998779296875,87.010002136230469,54719400
2002-09-19,54.528858184814453,84.699996948242188,86.800003051757812,84.699996948242188,85.989997863769531,48510500
2002-09-20,54.546993255615234,84.349998474121094,85.199996948242188,84.050003051757812,84.919998168945312,46325600
2002-09-23,54.100799560546875,83.660003662109375,84.05999755859375,82.69000244140625,83.650001525878906,46893800
2002-09-24,53.227756500244141,82.30999755859375,83.650001525878906,81.849998474121094,82.44000244140625,69507000
2002-09-25,54.546993255615234,84.349998474121094,84.769996643066406,82.040000915527344,83.370002746582031,59294400
2002-09-26,55.439369201660156,85.730003356933594,85.970001220703125,84.449996948242188,85.019996643066406,53638000
2002-09-27,53.512310028076172,82.75,85.629997253417969,82.75,85,64648300
2002-09-30,52.891498565673828,81.790000915527344,82.800003051757812,80.900001525878906,82,73096400
2002-10-01,55.432918548583984,85.720001220703125,85.769996643066406,81.470001220703125,82.430000305175781,67198100
2002-10-02,53.770977020263672,83.150001525878906,85.529998779296875,82.599998474121094,84.69000244140625,56749100
2002-10-03,53.227756500244141,82.30999755859375,84.599998474121094,81.949996948242188,83.139999389648438,55547000
2002-10-04,52.251293182373047,80.800003051757812,82.919998168945312,79.580001831054688,82.800003051757812,68483700
2002-10-07,51.171321868896484,79.129997253417969,81.199996948242188,78.550003051757812,80.05999755859375,53188000
2002-10-08,51.973213195800781,80.370002746582031,81.30999755859375,78.199996948242188,79.80999755859375,79531000
2002-10-09,50.505241394042969,78.099998474121094,79.699996948242188,77.779998779296875,79.089996337890625,79956400
2002-10-10,52.141353607177734,80.629997253417969,81.069999694824219,77.069999694824219,77.94000244140625,76749000
2002-10-11,54.424114227294922,84.160003662109375,84.730003356933594,81.819999694824219,82.099998474121094,82308300
2002-10-14,54.728031158447266,84.629997253417969,84.849998474121094,83.040000915527344,83.199996948242188,40631900
2002-10-15,57.360012054443359,88.699996948242188,88.720001220703125,86.849998474121094,86.989997863769531,82320300
2002-10-16,55.969650268554688,86.550003051757812,87.800003051757812,85.919998168945312,87.410003662109375,62977800
2002-10-17,57.081947326660156,88.269996643066406,89.300003051757812,87.849998474121094,88.870002746582031,68534100
2002-10-18,57.321186065673828,88.639999389648438,89.110000610351562,86.930000305175781,87.650001525878906,47448700
2002-10-21,58.310630798339844,90.169998168945312,90.5,87.569999694824219,88.120002746582031,45859100
2002-10-22,57.890293121337891,89.519996643066406,90.010002136230469,88.519996643066406,89.050003051757812,40966800
2002-10-23,58.330024719238281,90.199996948242188,90.269996643066406,87.680000305175781,88.769996643066406,54905800
2002-10-24,57.140110015869141,88.360000610351562,90.900001525878906,88.099998474121094,90.75,54987400
2002-10-25,58.330024719238281,90.199996948242188,90.389999389648438,87.94000244140625,88.209999084472656,43672100
2002-10-28,57.948482513427734,89.610000610351562,91.290000915527344,88.849998474121094,91.150001525878906,39416100
2002-10-29,57.275932312011719,88.569999694824219,89.489997863769531,87,89.080001831054688,59508200
2002-10-30,57.832061767578125,89.430000305175781,89.959999084472656,88.230003356933594,88.680000305175781,41688600
2002-10-31,57.243618011474609,88.519996643066406,90.300003051757812,88.19000244140625,89.660003662109375,41620600
2002-11-01,58.375274658203125,90.269996643066406,90.819999694824219,88.050003051757812,88.349998474121094,51878900
2002-11-04,58.931427001953125,91.129997253417969,92.94000244140625,90.900001525878906,91.800003051757812,49080600
2002-11-05,59.39703369140625,91.849998474121094,92.069999694824219,90.839996337890625,90.839996337890625,37270800
2002-11-06,60.166568756103516,93.040000915527344,93.069999694824219,90.790000915527344,92.480003356933594,65013100
2002-11-07,58.692169189453125,90.760002136230469,92.220001220703125,90.220001220703125,92.019996643066406,51572000
2002-11-08,57.974342346191406,89.650001525878906,91.569999694824219,89.519996643066406,90.529998779296875,37905400
2002-11-11,57.075466156005859,88.260002136230469,89.55999755859375,87.800003051757812,89.510002136230469,33505100
2002-11-12,57.528133392333984,88.959999084472656,89.930000305175781,88.370002746582031,88.660003662109375,37724500
2002-11-13,57.586330413818359,89.050003051757812,89.739997863769531,87.449996948242188,88.319999694824219,63891500
2002-11-14,58.672763824462891,90.730003356933594,91,89.75,90.069999694824219,31896800
2002-11-15,59.106044769287109,91.400001525878906,91.550003051757812,89.949996948242188,90,39152100
2002-11-18,58.511116027832031,90.480003356933594,92.150001525878906,90.349998474121094,92.150001525878906,28934800
2002-11-19,58.433506011962891,90.360000610351562,91.099998474121094,89.760002136230469,90.019996643066406,32806600
2002-11-20,59.733299255371094,92.370002746582031,92.419998168945312,89.949996948242188,89.980003356933594,36688400
2002-11-21,60.845584869384766,94.089996337890625,94.19000244140625,92.430000305175781,92.599998474121094,55128200
2002-11-22,60.412300109863281,93.419998168945312,94.269996643066406,93.269996643066406,93.480003356933594,32513800
2002-11-25,60.451133728027344,93.480003356933594,94.260002136230469,92.769996643066406,93.430000305175781,33846400
2002-11-26,59.300018310546875,91.699996948242188,93.449996948242188,91.620002746582031,93.069999694824219,42284700
2002-11-27,60.968463897705078,94.279998779296875,94.650001525878906,92.430000305175781,92.519996643066406,37764000
2002-11-29,60.774452209472656,93.980003356933594,94.949996948242188,93.769996643066406,94.800003051757812,19385700
2002-12-02,60.871452331542969,94.129997253417969,96.050003051757812,93.220001220703125,95.470001220703125,49911900
2002-12-03,60.056644439697266,92.870002746582031,93.400001525878906,92.349998474121094,93.25,34407700
2002-12-04,59.785015106201172,92.449996948242188,93.139999389648438,91.430000305175781,91.769996643066406,64040800
2002-12-05,59.125411987304688,91.430000305175781,92.800003051757812,91.099998474121094,92.730003356933594,36724900
2002-12-06,59.513423919677734,92.029998779296875,92.169998168945312,89.980003356933594,90.120002746582031,49824100
2002-12-09,57.877338409423828,89.5,91.459999084472656,89.480003356933594,91.069999694824219,36789600
2002-12-10,58.653354644775391,90.699996948242188,91.099998474121094,89.760002136230469,90.019996643066406,33319900
2002-12-11,58.705101013183594,90.779998779296875,91.620002746582031,90.160003662109375,90.419998168945312,39201000
2002-12-12,58.698619842529297,90.769996643066406,91.489997863769531,90.199996948242188,91.199996948242188,34465600
2002-12-13,57.773891448974609,89.339996337890625,90.480003356933594,89.269996643066406,89.910003662109375,36862200
2002-12-16,59.267707824707031,91.650001525878906,91.790000915527344,89.660003662109375,89.819999694824219,37098400
2002-12-17,58.750377655029297,90.849998474121094,91.739997863769531,90.739997863769531,91.370002746582031,32353900
2002-12-18,58.071338653564453,89.800003051757812,90.400001525878906,89.330001831054688,90.319999694824219,35612600
2002-12-19,57.657485961914062,89.160003662109375,90.699996948242188,88.599998474121094,89.349998474121094,39264200
2002-12-20,58.480190277099609,89.989997863769531,90.019996643066406,89.099998474121094,89.199996948242188,31176900
2002-12-23,58.499717712402344,90.019996643066406,90.470001220703125,89.30999755859375,89.589996337890625,22599300
2002-12-24,58.064292907714844,89.349998474121094,89.860000610351562,89.25,89.589996337890625,10937000
2002-12-26,58.090263366699219,89.389999389648438,90.610000610351562,88.839996337890625,89.699996948242188,17485600
2002-12-27,56.784084320068359,87.379997253417969,89.290000915527344,87.379997253417969,88.959999084472656,22205700
2002-12-30,57.258457183837891,88.110000610351562,88.470001220703125,87.220001220703125,87.790000915527344,29968000
2002-12-31,57.336444854736328,88.230003356933594,88.430000305175781,87.110000610351562,87.989997863769531,34036600
2003-01-02,59.182014465332031,91.069999694824219,91.300003051757812,88.540000915527344,88.849998474121094,44516300
2003-01-03,59.363986968994141,91.349998474121094,91.379997253417969,90.5,90.910003662109375,32222600
2003-01-06,60.410266876220703,92.959999084472656,93.489997863769531,91.169998168945312,91.239997863769531,40984500
2003-01-07,60.26080322265625,92.730003356933594,93.370002746582031,92.199996948242188,92.900001525878906,38640400
2003-01-08,59.389972686767578,91.389999389648438,92.400001525878906,91.050003051757812,92.199996948242188,38702200
2003-01-09,60.312824249267578,92.80999755859375,93.180000305175781,91.410003662109375,91.819999694824219,34804900
2003-01-10,60.475215911865234,93.05999755859375,93.639999389648438,91.800003051757812,91.949996948242188,37768900
2003-01-13,60.455753326416016,93.029998779296875,93.860000610351562,92.44000244140625,93.540000915527344,31649900
2003-01-14,60.650691986083984,93.330001831054688,93.830001831054688,92.410003662109375,92.69000244140625,30733000
2003-01-15,60.046329498291016,92.400001525878906,93.569999694824219,91.910003662109375,93.540000915527344,33511800
2003-01-16,59.799396514892578,92.019996643066406,92.930000305175781,91.449996948242188,92.5,44812100
2003-01-17,58.915599822998047,90.660003662109375,92.300003051757812,90.150001525878906,90.989997863769531,35618300
2003-01-21,57.999290466308594,89.25,90.919998168945312,88.949996948242188,90.870002746582031,36826200
2003-01-22,57.297466278076172,88.169998168945312,89.800003051757812,88,88.769996643066406,42286500
2003-01-23,57.648403167724609,88.709999084472656,89.379997253417969,87.949996948242188,88.75,55919800
2003-01-24,56.134246826171875,86.379997253417969,88.680000305175781,86.169998168945312,88.589996337890625,68633900
2003-01-27,55.367408752441406,85.199996948242188,86.800003051757812,84.5,85.730003356933594,57884400
2003-01-28,55.77679443359375,85.830001831054688,86.400001525878906,85.129997253417969,85.629997253417969,46929100
2003-01-29,56.199207305908203,86.480003356933594,87.180000305175781,84.769996643066406,85.419998168945312,53712200
2003-01-30,54.86700439453125,84.430000305175781,86.879997253417969,84.400001525878906,86.790000915527344,49845900
2003-01-31,55.926258087158203,86.05999755859375,86.209999084472656,84.150001525878906,84.150001525878906,55317000
2003-02-03,56.036773681640625,86.230003356933594,86.80999755859375,85.919998168945312,86.139999389648438,39696000
2003-02-04,55.484348297119141,85.379997253417969,85.75,84.300003051757812,85.30999755859375,43633400
2003-02-05,55.139938354492188,84.849998474121094,86.540000915527344,84.480003356933594,85.75,55270600
2003-02-06,54.880054473876953,84.449996948242188,84.889999389648438,83.650001525878906,84.370002746582031,53638000
2003-02-07,54.210662841796875,83.419998168945312,84.989997863769531,82.970001220703125,84.910003662109375,43165000
2003-02-10,54.594097137451172,84.010002136230469,84.129997253417969,82.650001525878906,83.459999084472656,45455900
2003-02-11,54.2171630859375,83.430000305175781,84.879997253417969,82.830001831054688,84.370002746582031,46861000
2003-02-12,53.352863311767578,82.099998474121094,83.620002746582031,82.089996337890625,83.160003662109375,35873600
2003-02-13,53.515293121337891,82.349998474121094,82.660003662109375,81,82.150001525878906,57934100
2003-02-14,54.685035705566406,84.150001525878906,84.199996948242188,81.819999694824219,82.370002746582031,59580900
2003-02-18,55.646835327148438,85.629997253417969,85.800003051757812,84.389999389648438,84.529998779296875,39492700
2003-02-19,55.354396820068359,85.180000305175781,85.470001220703125,84.279998779296875,85.319999694824219,31432000
2003-02-20,54.802036285400391,84.330001831054688,85.419998168945312,84.050003051757812,85.209999084472656,29280100
2003-02-21,55.354396820068359,85.180000305175781,85.739997863769531,83.459999084472656,84.379997253417969,60955800
2003-02-24,54.457626342773438,83.800003051757812,85,83.589996337890625,84.930000305175781,30628600
2003-02-25,54.892997741699219,84.470001220703125,84.489997863769531,82.220001220703125,82.949996948242188,56770600
2003-02-26,54.093681335449219,83.239997863769531,84.529998779296875,83.080001831054688,84.019996643066406,37787200
2003-02-27,54.808525085449219,84.339996337890625,84.75,83.160003662109375,83.699996948242188,51126000
2003-02-28,55.172443389892578,84.900001525878906,85.230003356933594,84.160003662109375,84.470001220703125,43666800
2003-03-03,54.646060943603516,84.089996337890625,85.779998779296875,83.720001220703125,85.260002136230469,42923100
2003-03-04,53.775272369384766,82.75,84.010002136230469,82.650001525878906,83.949996948242188,31440500
2003-03-05,54.230148315429688,83.449996948242188,83.540000915527344,82.360000610351562,82.610000610351562,43974700
2003-03-06,53.775272369384766,82.75,83.519996643066406,82.470001220703125,82.870002746582031,41217700
2003-03-07,54.145687103271484,83.319999694824219,83.989997863769531,81.430000305175781,81.610000610351562,63538000
2003-03-10,52.845962524414062,81.319999694824219,82.860000610351562,81.099998474121094,82.599998474121094,41014100
2003-03-11,52.326068878173828,80.519996643066406,82,80.480003356933594,81.480003356933594,48102700
2003-03-12,52.677017211914062,81.05999755859375,81.099998474121094,79.379997253417969,80.379997253417969,62459800
2003-03-13,54.496601104736328,83.860000610351562,83.910003662109375,81.529998779296875,82.180000305175781,72117800
2003-03-14,54.672035217285156,84.129997253417969,84.769996643066406,83.349998474121094,84.199996948242188,63951800
2003-03-17,56.394184112548828,86.779998779296875,86.949996948242188,83.220001220703125,83.459999084472656,88217500
2003-03-18,56.725612640380859,87.290000915527344,87.349998474121094,86.279998779296875,87.150001525878906,50792300
2003-03-19,57.160991668701172,87.959999084472656,88.160003662109375,86.680000305175781,87.279998779296875,49630800
2003-03-20,57.284461975097656,88.150001525878906,88.589996337890625,86.349998474121094,87.330001831054688,67321600
2003-03-21,58.507209777832031,89.669998168945312,89.879997253417969,87.930000305175781,88.800003051757812,71165300
2003-03-24,56.562847137451172,86.69000244140625,88.139999389648438,86.349998474121094,88.019996643066406,65398900
2003-03-25,57.104393005371094,87.519996643066406,88.260002136230469,86.44000244140625,86.739997863769531,61040100
2003-03-26,56.817298889160156,87.080001831054688,87.849998474121094,86.800003051757812,87.55999755859375,45740800
2003-03-27,56.862957000732422,87.150001525878906,87.660003662109375,85.989997863769531,86.400001525878906,53120200
2003-03-28,56.575859069824219,86.709999084472656,87.279998779296875,86.25,86.470001220703125,32583000
2003-03-31,55.290504455566406,84.739997863769531,86.589996337890625,84.400001525878906,85.349998474121094,61119500
2003-04-01,56.138744354248047,86.040000915527344,86.389999389648438,84.910003662109375,85.25,53574000
2003-04-02,57.495891571044922,88.120002746582031,88.769996643066406,87.5,87.540000915527344,50431200
2003-04-03,57.221843719482422,87.699996948242188,88.989997863769531,87.650001525878906,88.870002746582031,48755500
2003-04-04,57.561126708984375,88.220001220703125,88.589996337890625,87.620002746582031,88.430000305175781,36250100
2003-04-07,57.450164794921875,88.050003051757812,90.849998474121094,87.970001220703125,90.339996337890625,69776200
2003-04-08,57.541538238525391,88.19000244140625,88.650001525878906,87.709999084472656,88.300003051757812,39712700
2003-04-09,56.784694671630859,87.029998779296875,89.099998474121094,86.769996643066406,88.360000610351562,55647300
2003-04-10,57.097850799560547,87.510002136230469,87.629997253417969,85.709999084472656,87.089996337890625,41812400
2003-04-11,56.862957000732422,87.150001525878906,88.699996948242188,86.860000610351562,88.160003662109375,47730100
2003-04-14,58.037441253662109,88.949996948242188,89,87,87.470001220703125,36711700
2003-04-15,58.5789794921875,89.779998779296875,89.779998779296875,88.419998168945312,88.839996337890625,49709800
2003-04-16,57.5806884765625,88.25,90.05999755859375,88.029998779296875,89.910003662109375,51788000
2003-04-17,58.435466766357422,89.55999755859375,89.720001220703125,88.19000244140625,88.300003051757812,37403100
2003-04-21,58.494140625,89.650001525878906,90.160003662109375,89.05999755859375,89.860000610351562,32052700
2003-04-22,59.596851348876953,91.339996337890625,91.55999755859375,88.889999389648438,89.099998474121094,59763600
2003-04-23,60.144905090332031,92.180000305175781,92.349998474121094,91.239997863769531,91.620002746582031,44227100
2003-04-24,59.609889984130859,91.360000610351562,92.080001831054688,90.959999084472656,91.529998779296875,49692400
2003-04-25,58.872581481933594,90.230003356933594,91.470001220703125,90.019996643066406,91.300003051757812,43917200
2003-04-28,59.890430450439453,91.790000915527344,92.19000244140625,90.300003051757812,90.44000244140625,46432900
2003-04-29,60.099212646484375,92.110000610351562,92.800003051757812,91.400001525878906,92.139999389648438,52017100
2003-04-30,59.968715667724609,91.910003662109375,92.569999694824219,91.410003662109375,91.910003662109375,48709100
2003-05-01,59.962203979492188,91.900001525878906,92.730003356933594,90.5,91.919998168945312,50240400
2003-05-02,60.816921234130859,93.209999084472656,93.470001220703125,91.489997863769531,91.55999755859375,50201500
2003-05-05,60.699501037597656,93.029998779296875,93.779998779296875,92.5,93.470001220703125,35437800
2003-05-06,61.273731231689453,93.910003662109375,94.379997253417969,93,93.040000915527344,44401000
2003-05-07,60.934364318847656,93.389999389648438,94.139999389648438,92.970001220703125,93.419998168945312,41413100
2003-05-08,60.321086883544922,92.449996948242188,93.330001831054688,92.279998779296875,92.519996643066406,40570700
2003-05-09,61.156227111816406,93.730003356933594,93.800003051757812,92.610000610351562,92.830001831054688,33608100
2003-05-12,61.906597137451172,94.879997253417969,95.120002746582031,93.279998779296875,93.5,35662300
2003-05-13,61.795642852783203,94.709999084472656,95.180000305175781,94.260002136230469,94.529998779296875,39253600
2003-05-14,61.665149688720703,94.510002136230469,95.239997863769531,93.910003662109375,95.089996337890625,32195100
2003-05-15,62.056648254394531,95.110000610351562,95.330001831054688,94.25,94.889999389648438,43879200
2003-05-16,61.900062561035156,94.870002746582031,95.449996948242188,94.260002136230469,94.889999389648438,38905000
2003-05-19,60.451576232910156,92.650001525878906,94.419998168945312,92.330001831054688,94.150001525878906,41606000
2003-05-20,60.327587127685547,92.459999084472656,93.029998779296875,91.589996337890625,92.819999694824219,55404600
2003-05-21,60.451576232910156,92.650001525878906,92.879997253417969,91.910003662109375,92.110000610351562,49333800
2003-05-22,61.051853179931641,93.569999694824219,94.050003051757812,92.680000305175781,92.949996948242188,38421800
2003-05-23,61.175796508789062,93.760002136230469,93.980003356933594,93.139999389648438,93.529998779296875,26155900
2003-05-27,62.245857238769531,95.400001525878906,95.839996337890625,93.069999694824219,93.300003051757812,43719200
2003-05-28,62.422019958496094,95.669998168945312,96.470001220703125,95.430000305175781,95.849998474121094,37727100
2003-05-29,62.258888244628906,95.419998168945312,96.819999694824219,95.080001831054688,95.879997253417969,50844200
2003-05-30,63.257194519042969,96.949996948242188,97.089996337890625,95.55999755859375,95.900001525878906,52529500
2003-06-02,63.518196105957031,97.349998474121094,98.449996948242188,96.669998168945312,97.529998779296875,50305500
2003-06-03,63.779140472412109,97.75,97.839996337890625,96.849998474121094,97.150001525878906,38254500
2003-06-04,64.699142456054688,99.160003662109375,99.349998474121094,97.569999694824219,97.660003662109375,49360700
2003-06-05,65.018890380859375,99.650001525878906,99.650001525878906,98.269996643066406,98.580001831054688,46262400
2003-06-06,64.764411926269531,99.260002136230469,101.40000152587891,99.129997253417969,100.40000152587891,60356800
2003-06-09,64.105392456054688,98.25,99.099998474121094,97.769996643066406,98.769996643066406,37808500
2003-06-10,64.75787353515625,99.25,99.260002136230469,98.19000244140625,98.459999084472656,29965900
2003-06-11,65.442947387695312,100.30000305175781,100.38999938964844,98.709999084472656,99.160003662109375,37610200
2003-06-12,65.645256042480469,100.61000061035156,100.90000152587891,99.620002746582031,100.75,36442000
2003-06-13,64.960151672363281,99.55999755859375,100.75,98.949996948242188,100.61000061035156,48628300
2003-06-16,66.330345153808594,101.66000366210938,101.69999694824219,99.800003051757812,99.959999084472656,36326300
2003-06-17,66.330345153808594,101.66000366210938,102.18000030517578,101.23000335693359,102.06999969482422,36801800
2003-06-18,66.2716064453125,101.56999969482422,102.13999938964844,101,101.29000091552734,35521000
2003-06-19,65.260299682617188,100.01999664306641,101.73000335693359,99.839996337890625,101.63999938964844,43551700
2003-06-20,65.116233825683594,99.44000244140625,100.5,99.419998168945312,100.38999938964844,41545000
2003-06-23,64.44830322265625,98.419998168945312,99.660003662109375,97.919998168945312,99.449996948242188,34237500
2003-06-24,64.513755798339844,98.519996643066406,99.089996337890625,98.019996643066406,98.220001220703125,36213600
2003-06-25,63.865505218505859,97.529998779296875,99.44000244140625,97.529998779296875,98.529998779296875,47743400
2003-06-26,64.697128295898438,98.800003051757812,98.980003356933594,96.959999084472656,97.779998779296875,33477300
2003-06-27,63.950626373291016,97.660003662109375,99.19000244140625,97.580001831054688,98.75,54208800
2003-06-30,63.930973052978516,97.629997253417969,98.669998168945312,97.470001220703125,98.220001220703125,33349000
2003-07-01,64.52032470703125,98.529998779296875,98.849998474121094,96.430000305175781,97.25,51322800
2003-07-02,65.332344055175781,99.769996643066406,99.790000915527344,98.569999694824219,98.769996643066406,34662100
2003-07-03,64.657814025878906,98.739997863769531,99.849998474121094,97.900001525878906,99.069999694824219,30792800
2003-07-07,65.9412841796875,100.69999694824219,100.90000152587891,99.650001525878906,99.650001525878906,31391100
2003-07-08,66.235969543457031,101.15000152587891,101.29000091552734,100.16999816894531,100.5,30952500
2003-07-09,65.862739562988281,100.58000183105469,101.40000152587891,100.02999877929688,100.91999816894531,36528500
2003-07-10,65.024543762207031,99.300003051757812,100.04000091552734,98.629997253417969,99.839996337890625,49777700
2003-07-11,65.64007568359375,100.23999786376953,100.44999694824219,99.389999389648438,99.389999389648438,39976300
2003-07-14,65.960990905761719,100.73000335693359,101.90000152587891,100.44999694824219,101.19999694824219,42114900
2003-07-15,65.816909790039062,100.51000213623047,101.45999908447266,99.949996948242188,101.37999725341797,42573600
2003-07-16,65.430557250976562,99.919998168945312,100.87000274658203,99.230003356933594,100.80999755859375,39894200
2003-07-17,64.500679016113281,98.5,99.879997253417969,98.160003662109375,99.150001525878906,52253500
2003-07-18,65.162063598632812,99.510002136230469,99.800003051757812,98.459999084472656,99.019996643066406,35698100
2003-07-21,64.356651306152344,98.279998779296875,99.489997863769531,97.849998474121094,99.449996948242188,34786000
2003-07-22,64.93939208984375,99.169998168945312,99.410003662109375,97.919998168945312,98.69000244140625,49968300
2003-07-23,64.985267639160156,99.239997863769531,99.449996948242188,98.279998779296875,99.209999084472656,37275400
2003-07-24,64.494171142578125,98.489997863769531,100.33999633789062,98.370002746582031,99.989997863769531,40896200
2003-07-25,65.633544921875,100.23000335693359,100.29000091552734,98.040000915527344,98.660003662109375,43241100
2003-07-28,65.391242980957031,99.860000610351562,100.98000335693359,99.669998168945312,100.37000274658203,34382800
2003-07-29,65.090011596679688,99.400001525878906,100.26000213623047,98.680000305175781,100.13999938964844,53472100
2003-07-30,64.932853698730469,99.160003662109375,99.75,98.930000305175781,99.599998474121094,28363300
2003-07-31,65.083473205566406,99.389999389648438,100.91000366210938,99.169998168945312,99.980003356933594,54937200
2003-08-01,64.507209777832031,98.510002136230469,99.529998779296875,98.239997863769531,99.19000244140625,49321000
2003-08-04,64.507209777832031,98.510002136230469,99,97,98.30999755859375,55214100
2003-08-05,63.138648986816406,96.419998168945312,98.760002136230469,96.339996337890625,98.410003662109375,61415600
2003-08-06,63.505378723144531,96.980003356933594,98.05999755859375,96.419998168945312,96.69000244140625,50096900
2003-08-07,64.173240661621094,98,98.069999694824219,96.760002136230469,97.169998168945312,43427400
2003-08-08,64.356651306152344,98.279998779296875,98.550003051757812,97.760002136230469,98.319999694824219,27357300
2003-08-11,64.598915100097656,98.650001525878906,99.040000915527344,97.839996337890625,98.260002136230469,34631400
2003-08-12,65.188262939453125,99.550003051757812,99.589996337890625,98.419998168945312,98.709999084472656,43285600
2003-08-13,64.854331970214844,99.040000915527344,99.849998474121094,98.529998779296875,99.819999694824219,36152000
2003-08-14,65.031105041503906,99.30999755859375,99.75,98.449996948242188,99.099998474121094,35525100
2003-08-15,65.234092712402344,99.620002746582031,99.790000915527344,99.120002746582031,99.360000610351562,12567000
2003-08-18,65.797233581542969,100.48000335693359,100.59999847412109,99.739997863769531,99.930000305175781,22873800
2003-08-19,66.04608154296875,100.86000061035156,100.94000244140625,100,100.69000244140625,37437700
2003-08-20,65.77764892578125,100.44999694824219,100.88999938964844,100.16000366210938,100.29000091552734,21295300
2003-08-21,65.987136840820312,100.76999664306641,101.51999664306641,100.40000152587891,101.05000305175781,46494200
2003-08-22,65.332344055175781,99.769996643066406,101.81999969482422,99.730003356933594,101.75,52040300
2003-08-25,65.437057495117188,99.930000305175781,100.83000183105469,99.279998779296875,99.709999084472656,23473000
2003-08-26,65.554962158203125,100.11000061035156,100.38999938964844,98.830001831054688,99.5,45065800
2003-08-27,65.574592590332031,100.13999938964844,100.36000061035156,99.569999694824219,100.05000305175781,18919500
2003-08-28,65.980598449707031,100.76000213623047,101,99.660003662109375,100.40000152587891,27402400
2003-08-29,66.425880432128906,101.44000244140625,101.48000335693359,100.48000335693359,100.61000061035156,28706600
2003-09-02,67.316444396972656,102.80000305175781,102.87999725341797,101.05000305175781,101.63999938964844,49419100
2003-09-03,67.683174133300781,103.36000061035156,103.69999694824219,102.77999877929688,103.02999877929688,44912400
2003-09-04,67.715873718261719,103.41000366210938,103.55000305175781,102.76000213623047,103.09999847412109,28381000
2003-09-05,67.336135864257812,102.83000183105469,103.55000305175781,102.40000152587891,102.94000244140625,31637300
2003-09-08,67.892677307128906,103.68000030517578,103.87999725341797,102.93000030517578,103.04000091552734,32632800
2003-09-09,67.447410583496094,103,103.45999908447266,102.68000030517578,103.37000274658203,35053200
2003-09-10,66.766387939453125,101.95999908447266,102.80000305175781,101.55000305175781,102.52999877929688,45904900
2003-09-11,66.962867736816406,102.26000213623047,102.76000213623047,101.83999633789062,102.09999847412109,38396300
2003-09-12,67.087249755859375,102.44999694824219,102.63999938964844,101.34999847412109,101.91000366210938,42524800
2003-09-15,66.851547241210938,102.08999633789062,102.62999725341797,101.94999694824219,102.51999664306641,21312800
2003-09-16,67.82720947265625,103.58000183105469,103.63999938964844,102.16999816894531,102.23000335693359,37892600
2003-09-17,67.696273803710938,103.37999725341797,103.79000091552734,103.05000305175781,103.48000335693359,31885800
2003-09-18,68.495155334472656,104.59999847412109,104.69999694824219,103.16999816894531,103.40000152587891,30243600
2003-09-19,68.146743774414062,103.66999816894531,104.59999847412109,103.40000152587891,104.26999664306641,34331600
2003-09-22,67.410514831542969,102.55000305175781,102.95999908447266,102.02999877929688,102.84999847412109,36677400
2003-09-23,67.666938781738281,102.94000244140625,103.29000091552734,102.36000061035156,102.58999633789062,32489200
2003-09-24,66.463973999023438,101.11000061035156,103.22000122070312,101.06999969482422,103.12000274658203,41694700
2003-09-25,65.918373107910156,100.27999877929688,101.87999725341797,100.19999694824219,101.41000366210938,52673100
2003-09-26,65.701446533203125,99.949996948242188,100.66000366210938,99.849998474121094,100.44000244140625,42914700
2003-09-29,66.345649719238281,100.93000030517578,100.98999786376953,99.790000915527344,100.30000305175781,36771600
2003-09-30,65.701446533203125,99.949996948242188,100.76000213623047,99.25,100.48000335693359,70764500
2003-10-01,67.101585388183594,102.08000183105469,102.18000030517578,100.19999694824219,100.23999786376953,65797600
2003-10-02,67.34478759765625,102.44999694824219,102.55999755859375,101.62999725341797,101.93000030517578,44591500
2003-10-03,67.962684631347656,103.38999938964844,104.27999877929688,103.08000183105469,103.66999816894531,48806900
2003-10-06,68.271636962890625,103.86000061035156,103.98999786376953,103.19999694824219,103.48000335693359,20226500
2003-10-07,68.534584045410156,104.26000213623047,104.30999755859375,102.91000366210938,103.26000213623047,42602900
2003-10-08,68.363677978515625,104,104.38999938964844,103.41000366210938,104.33000183105469,30920800
2003-10-09,68.547737121582031,104.27999877929688,105.22000122070312,103.83000183105469,104.87999725341797,40066500
2003-10-10,68.738357543945312,104.56999969482422,104.59999847412109,103.91000366210938,104.26999664306641,22682800
2003-10-13,68.955284118652344,104.90000152587891,105.29000091552734,104.51000213623047,104.70999908447266,23825600
2003-10-14,69.198448181152344,105.26999664306641,105.43000030517578,104.36000061035156,104.80000305175781,38484400
2003-10-15,69.014450073242188,104.98999786376953,105.88999938964844,104.63999938964844,105.86000061035156,39021700
2003-10-16,69.290534973144531,105.41000366210938,105.73000335693359,104.65000152587891,104.68000030517578,32772200
2003-10-17,68.534584045410156,104.26000213623047,105.62999725341797,103.98000335693359,105.47000122070312,32790300
2003-10-20,69.047309875488281,105.04000091552734,105.04000091552734,103.94000244140625,104.44999694824219,27657000
2003-10-21,68.928962707519531,104.86000061035156,105.27999877929688,104.31999969482422,104.81999969482422,26729100
2003-10-22,68.061286926269531,103.54000091552734,104.19000244140625,103.19000244140625,104.02999877929688,33914500
2003-10-23,67.936378479003906,103.34999847412109,103.94999694824219,102.83999633789062,102.88999938964844,45830500
2003-10-24,68.087593078613281,103.58000183105469,103.58000183105469,102.18000030517578,102.83000183105469,51723600
2003-10-27,68.120475769042969,103.62999725341797,104.18000030517578,103.26999664306641,103.73999786376953,32460200
2003-10-28,69.047309875488281,105.04000091552734,105.15000152587891,103.81999969482422,103.98000335693359,34956200
2003-10-29,69.139373779296875,105.18000030517578,105.43000030517578,103.87000274658203,104.76999664306641,30955400
2003-10-30,69.283973693847656,105.40000152587891,105.97000122070312,104.80000305175781,105.79000091552734,39123100
2003-10-31,69.218231201171875,105.30000305175781,105.73999786376953,105.22000122070312,105.40000152587891,25761600
2003-11-03,69.671791076660156,105.98999786376953,106.61000061035156,105.70999908447266,105.75,37589300
2003-11-04,69.520606994628906,105.76000213623047,106.26999664306641,105.58000183105469,105.98999786376953,31421600
2003-11-05,69.573173522949219,105.83999633789062,105.97000122070312,104.90000152587891,105.48999786376953,33558800
2003-11-06,69.941307067871094,106.40000152587891,106.44000244140625,105.09999847412109,105.59999847412109,28392300
2003-11-07,69.4219970703125,105.61000061035156,106.72000122070312,105.56999969482422,106.63999938964844,31723200
2003-11-10,69.139373779296875,105.18000030517578,105.83999633789062,105.01000213623047,105.73999786376953,25530800
2003-11-11,69.11962890625,105.15000152587891,105.33000183105469,104.80000305175781,105.08999633789062,26558600
2003-11-12,69.895286560058594,106.33000183105469,106.47000122070312,105.16000366210938,105.23000335693359,28000000
2003-11-13,69.915031433105469,106.36000061035156,106.54000091552734,105.77999877929688,106.01000213623047,29714800
2003-11-14,69.323387145996094,105.45999908447266,106.94999694824219,105.29000091552734,106.40000152587891,49158500
2003-11-17,68.975013732910156,104.93000030517578,105.13999938964844,104.04000091552734,104.91000366210938,44382100
2003-11-18,68.258506774902344,103.83999633789062,105.44999694824219,103.69999694824219,105.23999786376953,41155000
2003-11-19,68.836936950683594,104.72000122070312,105.01000213623047,103.91999816894531,104.02999877929688,29827000
2003-11-20,68.219078063964844,103.77999877929688,105.23999786376953,103.75,104,53578700
2003-11-21,68.501716613769531,104.20999908447266,104.33000183105469,103.62000274658203,104.23999786376953,30016000
2003-11-24,69.408843994140625,105.58999633789062,105.77999877929688,104.68000030517578,104.69000244140625,28906400
2003-11-25,69.671791076660156,105.98999786376953,106.41999816894531,105.44999694824219,105.73000335693359,37580000
2003-11-26,69.921592712402344,106.37000274658203,106.44999694824219,105.38999938964844,106.41999816894531,33053600
2003-11-28,69.974143981933594,106.44999694824219,106.66000366210938,106.19999694824219,106.27999877929688,10507500
2003-12-01,70.7301025390625,107.59999847412109,107.68000030517578,106.80000305175781,106.84999847412109,38699000
2003-12-02,70.552627563476562,107.33000183105469,107.76999664306641,107.06999969482422,107.37999725341797,35352000
2003-12-03,70.440864562988281,107.16000366210938,108.08000183105469,107.06999969482422,107.65000152587891,39078600
2003-12-04,70.7301025390625,107.59999847412109,107.72000122070312,106.94000244140625,107.16999816894531,36089500
2003-12-05,70.237091064453125,106.84999847412109,107.80000305175781,106.62000274658203,107.12000274658203,28824400
2003-12-08,70.710403442382812,107.56999969482422,107.63999938964844,106.68000030517578,106.73999786376953,32482900
2003-12-09,70.164802551269531,106.73999786376953,107.93000030517578,106.54000091552734,107.90000152587891,43596100
2003-12-10,70.158210754394531,106.73000335693359,106.98000335693359,105.95999908447266,106.76999664306641,36915400
2003-12-11,70.947013854980469,107.93000030517578,108.09999847412109,106.66999816894531,106.68000030517578,45304000
2003-12-12,71.085067749023438,108.13999938964844,108.19999694824219,107.38999938964844,107.97000122070312,34142200
2003-12-15,70.7301025390625,107.59999847412109,109.23000335693359,107.48000335693359,109.16999816894531,38693400
2003-12-16,71.09820556640625,108.16000366210938,108.5,107.51999664306641,107.68000030517578,32894200
2003-12-17,71.32171630859375,108.5,108.5,107.80000305175781,108.05999755859375,23198800
2003-12-18,72.123703002929688,109.72000122070312,109.73000335693359,108.38999938964844,108.55000305175781,29353100
2003-12-19,71.922904968261719,108.90000152587891,109.37000274658203,108.58000183105469,109.30000305175781,41465100
2003-12-22,72.424858093261719,109.66000366210938,109.66000366210938,108.77999877929688,108.79000091552734,27611300
2003-12-23,72.471061706542969,109.73000335693359,109.94999694824219,109.37999725341797,109.48000335693359,24741200
2003-12-24,72.398399353027344,109.62000274658203,109.87999725341797,109.43000030517578,109.51999664306641,8055800
2003-12-26,72.451255798339844,109.69999694824219,110.08000183105469,109.62999725341797,109.70999908447266,8308400
2003-12-29,73.415504455566406,111.16000366210938,111.26999664306641,109.77999877929688,110.09999847412109,22483700
2003-12-30,73.428726196289062,111.18000030517578,111.26999664306641,110.84999847412109,111.08999633789062,19559500
2003-12-31,73.494758605957031,111.27999877929688,111.51999664306641,110.83999633789062,111.22000122070312,31501800
2004-01-02,73.46173095703125,111.23000335693359,112.19000244140625,110.73000335693359,111.73999786376953,38072300
2004-01-05,74.260902404785156,112.44000244140625,112.51999664306641,111.58999633789062,111.69000244140625,27959800
2004-01-06,74.333572387695312,112.55000305175781,112.73000335693359,112,112.16000366210938,20472800
2004-01-07,74.584510803222656,112.93000030517578,113.05999755859375,111.88999938964844,112.38999938964844,30170400
2004-01-08,74.881706237792969,113.37999725341797,113.41000366210938,112.76999664306641,113.25,36438400
2004-01-09,74.227859497070312,112.38999938964844,113.5,112.26999664306641,112.83000183105469,54084300
2004-01-12,74.776031494140625,113.22000122070312,113.25,112.36000061035156,112.55000305175781,31564100
2004-01-13,74.340141296386719,112.55999755859375,113.23000335693359,111.76000213623047,113.08999633789062,54239700
2004-01-14,74.960975646972656,113.5,113.66000366210938,112.66999816894531,112.76000213623047,30112800
2004-01-15,75.145881652832031,113.77999877929688,114.05999755859375,112.58000183105469,113.56999969482422,38408700
2004-01-16,75.443092346191406,114.23000335693359,114.30999755859375,113.62999725341797,114.04000091552734,31922700
2004-01-20,75.42327880859375,114.19999694824219,114.65000152587891,113.81999969482422,114.52999877929688,29863000
2004-01-21,76.017654418945312,115.09999847412109,115.30000305175781,113.72000122070312,114.12999725341797,30725000
2004-01-22,75.819572448730469,114.80000305175781,115.37999725341797,114.58000183105469,115.13999938964844,29888500
2004-01-23,75.575218200683594,114.43000030517578,115.37000274658203,113.94999694824219,115,44245300
2004-01-26,76.526214599609375,115.87000274658203,115.93000030517578,114.37999725341797,114.38999938964844,30460600
2004-01-27,75.740280151367188,114.68000030517578,116.5,114.65000152587891,115.75,35322800
2004-01-28,74.8751220703125,113.37000274658203,115.27999877929688,112.94000244140625,114.98000335693359,52621300
2004-01-29,74.947776794433594,113.48000335693359,113.84999847412109,112.55999755859375,113.55999755859375,60117100
2004-01-30,74.947776794433594,113.48000335693359,113.72000122070312,113.08999633789062,113.51999664306641,30984400
2004-02-02,75.271385192871094,113.97000122070312,114.68000030517578,113.12000274658203,113.69999694824219,38832400
2004-02-03,75.145881652832031,113.77999877929688,114.13999938964844,113.44000244140625,113.73999786376953,25093500
2004-02-04,74.53167724609375,112.84999847412109,113.73000335693359,112.79000091552734,113.19000244140625,39332600
2004-02-05,74.749626159667969,113.18000030517578,113.54000091552734,112.77999877929688,113.16999816894531,37226800
2004-02-06,75.588386535644531,114.44999694824219,114.69999694824219,113.19999694824219,113.41999816894531,37216000
2004-02-09,75.60821533203125,114.48000335693359,114.87000274658203,114.29000091552734,114.66999816894531,24851300
2004-02-10,75.852569580078125,114.84999847412109,115.13999938964844,114.26000213623047,114.27999877929688,27908100
2004-02-11,76.658340454101562,116.06999969482422,116.38999938964844,114.16999816894531,114.84999847412109,42965700
2004-02-12,76.380966186523438,115.65000152587891,116.26999664306641,115.58000183105469,115.97000122070312,27814700
2004-02-13,76.037506103515625,115.12999725341797,116.19999694824219,114.75,115.81999969482422,44739900
2004-02-17,76.724349975585938,116.16999816894531,116.43000030517578,115.76999664306641,115.84999847412109,23984300
2004-02-18,76.387542724609375,115.66000366210938,116.59999847412109,115.34999847412109,116.19999694824219,28618000
2004-02-19,76.103553771972656,115.23000335693359,116.38999938964844,115.05999755859375,116.33000183105469,51146200
2004-02-20,75.872360229492188,114.87999725341797,115.55999755859375,114.31999969482422,115.48000335693359,46728800
2004-02-23,75.6807861328125,114.58999633789062,115.26000213623047,114.16999816894531,115.22000122070312,36357000
2004-02-24,75.548774719238281,114.38999938964844,114.98999786376953,113.02999877929688,114.26999664306641,43953000
2004-02-25,75.865821838378906,114.87000274658203,115.05999755859375,114.31999969482422,114.45999908447266,31213600
2004-02-26,75.91204833984375,114.94000244140625,115.29000091552734,114.33999633789062,114.61000061035156,29683000
2004-02-27,75.964851379394531,115.01999664306641,115.73999786376953,114.62999725341797,115.19000244140625,39312000
2004-03-01,76.717781066894531,116.16000366210938,116.33999633789062,115.25,115.43000030517578,33130800
2004-03-02,76.268623352050781,115.48000335693359,116.97000122070312,115.23000335693359,115.94000244140625,38556400
2004-03-03,76.407356262207031,115.69000244140625,115.87000274658203,114.91999816894531,115.25,31346200
2004-03-04,76.605499267578125,115.98999786376953,116.09999847412109,115.51999664306641,115.72000122070312,21060000
2004-03-05,76.863021850585938,116.37999725341797,116.94999694824219,115.27999877929688,115.41999816894531,55905600
2004-03-08,75.925224304199219,114.95999908447266,116.62000274658203,114.91000366210938,116.33999633789062,39281600
2004-03-09,75.621383666992188,114.5,115.20999908447266,114.23999786376953,115.09999847412109,39746100
2004-03-10,74.353370666503906,112.58000183105469,114.76999664306641,112.55999755859375,114.72000122070312,67671800
2004-03-11,73.389068603515625,111.12000274658203,113.26999664306641,111.09999847412109,112.40000152587891,89134800
2004-03-12,74.353370666503906,112.58000183105469,112.70999908447266,111.58000183105469,111.73000335693359,54012200
2004-03-15,73.441932678222656,111.19999694824219,112.34999847412109,110.90000152587891,112.26999664306641,57677200
2004-03-16,73.831550598144531,111.79000091552734,112.05999755859375,110.83999633789062,111.77999877929688,59832600
2004-03-17,74.657157897949219,113.04000091552734,113.26000213623047,112.09999847412109,112.18000030517578,41607300
2004-03-18,74.676979064941406,113.06999969482422,113.26999664306641,111.93000030517578,112.69999694824219,60014300
2004-03-19,73.60662841796875,111.05999755859375,112.56999969482422,111.04000091552734,112.41000366210938,48636200
2004-03-22,72.672096252441406,109.65000152587891,110.56999969482422,109.09999847412109,110.54000091552734,62752100
2004-03-23,72.546188354492188,109.45999908447266,110.40000152587891,109.36000061035156,110.25,54080200
2004-03-24,72.605850219726562,109.55000305175781,110.13999938964844,108.84999847412109,109.58000183105469,51584300
2004-03-25,73.566848754882812,111,111.30000305175781,109.79000091552734,110.08000183105469,49873600
2004-03-26,73.586708068847656,111.02999877929688,111.79000091552734,110.80000305175781,110.95999908447266,37409500
2004-03-29,74.620635986328125,112.58999633789062,112.73999786376953,111.58000183105469,111.62999725341797,44113600
2004-03-30,74.872505187988281,112.97000122070312,113.06999969482422,112.22000122070312,112.30000305175781,39059900
2004-03-31,74.958641052246094,113.09999847412109,113.40000152587891,112.37999725341797,112.98999786376953,48517600
2004-04-01,75.409324645996094,113.77999877929688,113.87000274658203,113.05000305175781,113.06999969482422,45103800
2004-04-02,75.979286193847656,114.63999938964844,114.83999633789062,113.90000152587891,114.80999755859375,50987700
2004-04-05,76.396827697753906,115.26999664306641,115.37999725341797,114.44000244140625,114.45999908447266,30251800
2004-04-06,76.151641845703125,114.90000152587891,115.18000030517578,114.62000274658203,114.83000183105469,28420900
2004-04-07,75.972671508789062,114.62999725341797,114.98000335693359,114.11000061035156,114.94999694824219,45890500
2004-04-08,75.800369262695312,114.37000274658203,115.41000366210938,113.73999786376953,115.41000366210938,46929700
2004-04-12,76.098609924316406,114.81999969482422,115.08000183105469,114.56999969482422,114.58000183105469,23085200
2004-04-13,75.031570434570312,113.20999908447266,115.30000305175781,113.01999664306641,115.26000213623047,56210300
2004-04-14,75.150833129882812,113.38999938964844,113.63999938964844,112.55000305175781,112.61000061035156,62322300
2004-04-15,74.865852355957031,112.95999908447266,113.77999877929688,112.36000061035156,113.44999694824219,61602500
2004-04-16,75.442466735839844,113.83000183105469,114.05000305175781,112.98000335693359,113.37999725341797,47059200
2004-04-19,75.442466735839844,113.83000183105469,113.98999786376953,113.26999664306641,113.55000305175781,28277600
2004-04-20,74.176589965820312,111.91999816894531,114.31999969482422,111.77999877929688,114.08000183105469,53299400
2004-04-21,74.673660278320312,112.66999816894531,112.94999694824219,111.87000274658203,112.19999694824219,50177300
2004-04-22,75.720802307128906,114.25,114.66999816894531,112.44000244140625,112.48000335693359,62071500
2004-04-23,75.793716430664062,114.36000061035156,114.56999969482422,113.79000091552734,114.41999816894531,29395700
2004-04-26,75.687690734863281,114.19999694824219,114.94000244140625,113.59999847412109,114.5,35515200
2004-04-27,75.753974914550781,114.30000305175781,115.12000274658203,113.95999908447266,114.23000335693359,43485500
2004-04-28,74.773048400878906,112.81999969482422,114.01000213623047,112.5,113.88999938964844,50165800
2004-04-29,74.116950988769531,111.83000183105469,113.31999969482422,111.16000366210938,112.72000122070312,69687600
2004-04-30,73.540321350097656,110.95999908447266,112.37999725341797,110.90000152587891,112.16999816894531,48681400
2004-05-03,74.32904052734375,112.15000152587891,112.29000091552734,111.34999847412109,111.37000274658203,33758000
2004-05-04,74.269363403320312,112.05999755859375,113.26000213623047,111.66000366210938,112.25,51185100
2004-05-05,74.746559143066406,112.77999877929688,112.95999908447266,112.16000366210938,112.41000366210938,34405000
2004-05-06,74.103668212890625,111.80999755859375,112.58999633789062,111,112.01999664306641,54997000
2004-05-07,72.877571105957031,109.95999908447266,112.23000335693359,109.95999908447266,111.22000122070312,60950000
2004-05-10,72.128616333007812,108.83000183105469,109.75,108.36000061035156,109.44000244140625,75279400
2004-05-11,72.738380432128906,109.75,110.05000305175781,109.33000183105469,109.45999908447266,48300600
2004-05-12,73.202301025390625,110.44999694824219,110.54000091552734,108.05999755859375,109.56999969482422,90830500
2004-05-13,72.897445678710938,109.98999786376953,110.80999755859375,109.62999725341797,109.76000213623047,57393700
2004-05-14,72.930610656738281,110.04000091552734,110.73999786376953,109.26999664306641,109.94999694824219,54123100
2004-05-17,72.307594299316406,109.09999847412109,109.5,108.41000366210938,108.88999938964844,55020400
2004-05-18,72.672096252441406,109.65000152587891,109.94000244140625,109.33000183105469,109.48999786376953,30193100
2004-05-19,72.4202880859375,109.26999664306641,111.18000030517578,109.15000152587891,110.5,54804100
2004-05-20,72.652206420898438,109.62000274658203,109.87000274658203,109.04000091552734,109.44999694824219,38082900
2004-05-21,72.77813720703125,109.80999755859375,110.55000305175781,109.47000122070312,109.97000122070312,47480400
2004-05-24,73.083015441894531,110.26999664306641,110.76000213623047,109.68000030517578,110.52999877929688,40961500
2004-05-25,74.130195617675781,111.84999847412109,111.98000335693359,109.59999847412109,109.90000152587891,48668000
2004-05-26,74.388656616210938,112.23999786376953,112.29000091552734,111.51000213623047,111.66000366210938,35977000
2004-05-27,74.806228637695312,112.87000274658203,113.02999877929688,112.05999755859375,112.54000091552734,45306900
2004-05-28,74.799568176269531,112.86000061035156,112.87999725341797,112.36000061035156,112.73000335693359,23367200
2004-06-01,74.7001953125,112.70999908447266,112.86000061035156,111.87000274658203,112.45999908447266,41044700
2004-06-02,74.978523254394531,113.12999725341797,113.48000335693359,112.45999908447266,113.02999877929688,39774200
2004-06-03,74.289276123046875,112.08999633789062,113.19000244140625,112.06999969482422,112.80999755859375,38688300
2004-06-04,74.879158020019531,112.98000335693359,113.58000183105469,112.70999908447266,112.98000335693359,32739500
2004-06-07,76.019035339355469,114.69999694824219,114.80999755859375,113.41999816894531,113.43000030517578,31643800
2004-06-08,76.125091552734375,114.86000061035156,114.91999816894531,114.16999816894531,114.37000274658203,32846500
2004-06-09,75.415946960449219,113.79000091552734,114.69999694824219,113.72000122070312,114.51000213623047,36737600
2004-06-10,75.787124633789062,114.34999847412109,114.34999847412109,113.93000030517578,114.04000091552734,21711000
2004-06-14,75.038169860839844,113.22000122070312,113.84999847412109,112.87000274658203,113.81999969482422,34633000
2004-06-15,75.568374633789062,114.01999664306641,114.44999694824219,113.51000213623047,113.90000152587891,37445000
2004-06-16,75.555145263671875,114,114.19999694824219,113.69999694824219,114,26633400
2004-06-17,75.442466735839844,113.83000183105469,114.06999969482422,113.33000183105469,113.84999847412109,28402400
2004-06-18,75.584800720214844,113.62999725341797,114.22000122070312,113.18000030517578,113.26999664306641,31799800
2004-06-21,75.298774719238281,113.19999694824219,114.13999938964844,113.12999725341797,113.75,25284000
2004-06-22,75.677978515625,113.76999664306641,113.87999725341797,112.66999816894531,113.12999725341797,37334000
2004-06-23,76.329849243164062,114.75,114.83999633789062,113.41999816894531,113.61000061035156,35580000
2004-06-24,76.090354919433594,114.38999938964844,114.93000030517578,114.26000213623047,114.55999755859375,35272100
2004-06-25,75.724517822265625,113.83999633789062,114.94000244140625,113.68000030517578,114.41000366210938,32837900
2004-06-28,75.465065002441406,113.44999694824219,114.61000061035156,113.41000366210938,114.51999664306641,40824500
2004-06-29,75.777694702148438,113.91999816894531,114.16999816894531,113.41999816894531,113.52999877929688,28418100
2004-06-30,76.183509826660156,114.52999877929688,114.79000091552734,113.65000152587891,114.06999969482422,52230600
2004-07-01,75.125831604003906,112.94000244140625,114.40000152587891,112.58000183105469,114.25,57734700
2004-07-02,75.085945129394531,112.87999725341797,113.29000091552734,112.59999847412109,113.16000366210938,34615100
2004-07-06,74.42742919921875,111.88999938964844,112.44999694824219,111.62999725341797,112.37000274658203,38698200
2004-07-07,74.646888732910156,112.22000122070312,112.56999969482422,111.75,111.80999755859375,29839800
2004-07-08,74.128059387207031,111.44000244140625,112.31999969482422,111.19999694824219,111.80999755859375,45291100
2004-07-09,74.320960998535156,111.73000335693359,111.94000244140625,111.37999725341797,111.72000122070312,27412900
2004-07-12,74.354255676269531,111.77999877929688,112.04000091552734,111,111.51999664306641,35691300
2004-07-13,74.407463073730469,111.86000061035156,112.01999664306641,111.59999847412109,111.91999816894531,26752000
2004-07-14,74.1812744140625,111.51999664306641,112.38999938964844,111.12000274658203,111.26000213623047,54089400
2004-07-15,73.702346801757812,110.80000305175781,111.91000366210938,110.69999694824219,111.73999786376953,38403500
2004-07-16,73.642494201660156,110.70999908447266,111.66999816894531,110.44000244140625,111.56999969482422,40871200
2004-07-19,73.329826354980469,110.23999786376953,110.95999908447266,109.98999786376953,110.75,39592800
2004-07-20,74.261100769042969,111.63999938964844,111.90000152587891,110.25,110.52999877929688,46679800
2004-07-21,72.890823364257812,109.58000183105469,112.05999755859375,109.44999694824219,111.81999969482422,56241100
2004-07-22,73.090385437011719,109.87999725341797,110.38999938964844,108.76999664306641,109.36000061035156,72477100
2004-07-23,72.47845458984375,108.95999908447266,109.70999908447266,108.69000244140625,109.62000274658203,49610500
2004-07-26,72.338714599609375,108.75,109.43000030517578,108.20999908447266,109.19000244140625,49679100
2004-07-27,73.017234802246094,109.76999664306641,110.11000061035156,108.97000122070312,109.05000305175781,51295100
2004-07-28,73.236686706542969,110.09999847412109,110.37000274658203,108.58999633789062,109.55000305175781,65862300
2004-07-29,73.549346923828125,110.56999969482422,110.87000274658203,110,110.54000091552734,52200500
2004-07-30,73.72894287109375,110.83999633789062,110.90000152587891,110.09999847412109,110.31999969482422,41581700
2004-08-02,73.881965637207031,111.06999969482422,111.36000061035156,110.05000305175781,110.19000244140625,38263100
2004-08-03,73.309867858886719,110.20999908447266,111.05999755859375,110.16000366210938,110.93000030517578,40948800
2004-08-04,73.303253173828125,110.19999694824219,110.75,109.63999938964844,109.88999938964844,40763200
2004-08-05,72.105926513671875,108.40000152587891,110.37999725341797,108.26999664306641,110.29000091552734,50772000
2004-08-06,71.074844360351562,106.84999847412109,107.95999908447266,106.62000274658203,107.62999725341797,74729000
2004-08-09,71.174667358398438,107,107.48000335693359,106.87000274658203,107.01999664306641,37476300
2004-08-10,72.09259033203125,108.37999725341797,108.41000366210938,107.26000213623047,107.30999755859375,55870600
2004-08-11,71.946258544921875,108.16000366210938,108.33000183105469,107.09999847412109,107.68000030517578,52933200
2004-08-12,71.161384582519531,106.98000335693359,107.94999694824219,106.62999725341797,107.68000030517578,50015900
2004-08-13,71.301010131835938,107.19000244140625,107.34999847412109,106.58999633789062,107.09999847412109,41634700
2004-08-16,72.039375305175781,108.30000305175781,108.63999938964844,107.09999847412109,107.13999938964844,45731900
2004-08-17,72.445159912109375,108.91000366210938,109.27999877929688,108.52999877929688,108.75,40701600
2004-08-18,73.190139770507812,110.02999877929688,110.16999816894531,108.48999786376953,108.51999664306641,43165400
2004-08-19,72.977294921875,109.70999908447266,110.01999664306641,109.18000030517578,109.80999755859375,39881600
2004-08-20,73.489486694335938,110.48000335693359,110.62999725341797,109.51000213623047,109.61000061035156,44870900
2004-08-23,73.303253173828125,110.19999694824219,110.76999664306641,110.05000305175781,110.55000305175781,33745100
2004-08-24,73.403045654296875,110.34999847412109,110.73000335693359,109.84999847412109,110.63999938964844,30453100
2004-08-25,73.901901245117188,111.09999847412109,111.26999664306641,109.90000152587891,110.33000183105469,38551400
2004-08-26,73.901901245117188,111.09999847412109,111.30999755859375,110.84999847412109,110.95999908447266,26629500
2004-08-27,74.134712219238281,111.44999694824219,111.62999725341797,111.05000305175781,111.19999694824219,24902900
2004-08-30,73.522743225097656,110.52999877929688,111.33999633789062,110.44999694824219,111.22000122070312,26726500
2004-08-31,73.908576965332031,111.11000061035156,111.16000366210938,110.09999847412109,110.66000366210938,44125300
2004-09-01,74.048225402832031,111.31999969482422,111.63999938964844,110.48000335693359,110.94999694824219,52778300
2004-09-02,74.88641357421875,112.58000183105469,112.69999694824219,111.23999786376953,111.23999786376953,42736600
2004-09-03,74.58038330078125,112.12000274658203,112.81999969482422,112.01000213623047,112.33000183105469,30480500
2004-09-07,75.072601318359375,112.86000061035156,113.12999725341797,112.31999969482422,112.54000091552734,37338800
2004-09-08,74.88641357421875,112.58000183105469,113.05999755859375,112.30999755859375,112.62000274658203,32963100
2004-09-09,74.819854736328125,112.48000335693359,112.87999725341797,112.02999877929688,112.56999969482422,34314800
2004-09-10,75.205680847167969,113.05999755859375,113.26999664306641,112.08000183105469,112.51999664306641,27900600
2004-09-13,75.4517822265625,113.43000030517578,113.73999786376953,113.01000213623047,113.30999755859375,44398100
2004-09-14,75.604759216308594,113.66000366210938,113.69000244140625,113.19000244140625,113.30000305175781,28048900
2004-09-15,75.03271484375,112.80000305175781,113.36000061035156,112.68000030517578,113.30000305175781,38295000
2004-09-16,75.258872985839844,113.13999938964844,113.37000274658203,112.80000305175781,112.84999847412109,23911700
2004-09-17,75.578834533691406,113.15000152587891,113.36000061035156,112.69000244140625,112.94999694824219,33683000
2004-09-20,75.124603271484375,112.47000122070312,112.98999786376953,112.27999877929688,112.66999816894531,37149400
2004-09-21,75.451904296875,112.95999908447266,113.47000122070312,112.54000091552734,112.75,40920800
2004-09-22,74.510093688964844,111.55000305175781,112.51999664306641,111.47000122070312,112.5,49042100
2004-09-23,74.109352111816406,110.94999694824219,111.69999694824219,110.94999694824219,111.59999847412109,44068700
2004-09-24,74.449989318847656,111.45999908447266,111.73000335693359,111.12999725341797,111.16999816894531,34981100
2004-09-27,73.975746154785156,110.75,111.19999694824219,110.58000183105469,111.09999847412109,39355100
2004-09-28,74.329719543457031,111.27999877929688,111.51000213623047,110.41000366210938,110.91000366210938,41662900
2004-09-29,74.703819274902344,111.83999633789062,111.84999847412109,111,111.20999908447266,33325700
2004-09-30,74.650375366210938,111.76000213623047,111.98000335693359,111.26000213623047,111.55000305175781,43536700
2004-10-01,75.91278076171875,113.65000152587891,113.65000152587891,112.20999908447266,112.26000213623047,62824300
2004-10-04,76.039703369140625,113.83999633789062,114.44000244140625,113.80000305175781,114.09999847412109,33082400
2004-10-05,76.079795837402344,113.90000152587891,114.16000366210938,113.54000091552734,113.84999847412109,36910600
2004-10-06,76.600814819335938,114.68000030517578,114.68000030517578,113.68000030517578,113.76999664306641,42297800
2004-10-07,75.779182434082031,113.44999694824219,114.40000152587891,113.36000061035156,114.37999725341797,39388800
2004-10-08,75.151321411132812,112.51000213623047,113.76999664306641,112.34999847412109,113.15000152587891,51872600
2004-10-11,75.458595275878906,112.97000122070312,113.01999664306641,112.63999938964844,112.77999877929688,20229100
2004-10-12,75.164665222167969,112.52999877929688,112.83000183105469,111.94000244140625,112.19999694824219,41754700
2004-10-13,74.503448486328125,111.54000091552734,113.06999969482422,111.31999969482422,113,54212600
2004-10-14,73.902297973632812,110.63999938964844,111.93000030517578,110.58000183105469,111.68000030517578,64082200
2004-10-15,74.316413879394531,111.26000213623047,111.73999786376953,110.56999969482422,111.01999664306641,63482200
2004-10-18,74.596961975097656,111.68000030517578,111.90000152587891,110.69999694824219,110.88999938964844,43535100
2004-10-19,73.969047546386719,110.73999786376953,112.23000335693359,110.58999633789062,112.01999664306641,55851900
2004-10-20,73.822097778320312,110.51999664306641,110.81999969482422,109.75,110.37999725341797,57118500
2004-10-21,74.303054809570312,111.23999786376953,111.31999969482422,110.20999908447266,110.79000091552734,53218300
2004-10-22,73.468116760253906,109.98999786376953,111.25,109.86000061035156,111.19000244140625,48752400
2004-10-25,73.381263732910156,109.86000061035156,110.12000274658203,109.34999847412109,109.75,43990900
2004-10-26,74.503448486328125,111.54000091552734,111.59999847412109,109.87999725341797,110.12999725341797,54337400
2004-10-27,75.39849853515625,112.87999725341797,113.09999847412109,111.12000274658203,111.37999725341797,73896000
2004-10-28,75.625564575195312,113.22000122070312,113.55999755859375,112.48999786376953,112.77999877929688,54413300
2004-10-29,75.612205505371094,113.19999694824219,113.63999938964844,112.90000152587891,113.12000274658203,48820200
2004-11-01,75.819290161132812,113.51000213623047,113.83999633789062,113.19999694824219,113.55999755859375,36720900
2004-11-02,75.846023559570312,113.55000305175781,114.56999969482422,113.22000122070312,113.66999816894531,56210000
2004-11-03,76.801185607910156,114.98000335693359,115.36000061035156,114.23999786376953,115.02999877929688,76960200
2004-11-04,77.849868774414062,116.55000305175781,116.66999816894531,114.68000030517578,114.77999877929688,55350300
2004-11-05,78.337448120117188,117.27999877929688,117.63999938964844,116.48999786376953,117.05000305175781,63287200
2004-11-08,78.22393798828125,117.11000061035156,117.23000335693359,116.72000122070312,116.98000335693359,33863800
2004-11-09,78.070304870605469,116.87999725341797,117.5,116.76000213623047,117.08000183105469,44658100
2004-11-10,78.130401611328125,116.97000122070312,117.55000305175781,116.76000213623047,117.05999755859375,45265400
2004-11-11,78.724906921386719,117.86000061035156,118.12000274658203,117.09999847412109,117.18000030517578,37863200
2004-11-12,79.346099853515625,118.79000091552734,119,117.68000030517578,117.97000122070312,55583700
2004-11-15,79.541007995605469,118.73000335693359,118.76999664306641,118.23000335693359,118.5,35297900
2004-11-16,78.971580505371094,117.87999725341797,118.41000366210938,117.73000335693359,118.36000061035156,40028700
2004-11-17,79.440544128417969,118.58000183105469,119.13999938964844,118.06999969482422,118.37000274658203,54494000
2004-11-18,79.547721862792969,118.73999786376953,118.80000305175781,118.23000335693359,118.52999877929688,31854300
2004-11-19,78.663414001464844,117.41999816894531,118.72000122070312,117.13999938964844,118.69999694824219,54276500
2004-11-22,79.038581848144531,117.98000335693359,118.12000274658203,117.02999877929688,117.16999816894531,37560200
2004-11-23,79.159187316894531,118.16000366210938,118.26000213623047,117.37000274658203,117.93000030517578,41968800
2004-11-24,79.34674072265625,118.44000244140625,118.58999633789062,118.05000305175781,118.26999664306641,29724800
2004-11-26,79.286476135253906,118.34999847412109,118.98000335693359,118.30000305175781,118.51000213623047,15487700
2004-11-29,78.924705505371094,117.80999755859375,119.01000213623047,117.48000335693359,118.79000091552734,61460800
2004-11-30,78.978256225585938,117.88999938964844,118.23999786376953,117.63999938964844,118,53685200
2004-12-01,79.875991821289062,119.23000335693359,119.5,118.09999847412109,118.16000366210938,49898300
2004-12-02,79.943000793457031,119.33000183105469,119.87000274658203,119.01000213623047,119.09999847412109,60163500
2004-12-03,79.889404296875,119.25,120.13999938964844,119.08999633789062,119.30999755859375,49067900
2004-12-06,79.862602233886719,119.20999908447266,119.63999938964844,118.83999633789062,119.20999908447266,33030500
2004-12-07,79.118949890136719,118.09999847412109,119.62000274658203,118.04000091552734,119.48999786376953,52047200
2004-12-08,79.58123779296875,118.79000091552734,118.81999969482422,118.01000213623047,118.20999908447266,43895100
2004-12-09,79.862602233886719,119.20999908447266,119.45999908447266,117.73000335693359,118.13999938964844,60922800
2004-12-10,79.943000793457031,119.33000183105469,119.55999755859375,118.84999847412109,118.91999816894531,47828600
2004-12-13,80.63970947265625,120.37000274658203,120.40000152587891,119.34999847412109,119.76000213623047,38541000
2004-12-14,80.921073913574219,120.79000091552734,120.95999908447266,120.18000030517578,120.18000030517578,41500700
2004-12-15,80.981391906738281,120.87999725341797,121.11000061035156,120.30999755859375,120.69999694824219,46699200
2004-12-16,80.934478759765625,120.80999755859375,121.23999786376953,120.04000091552734,120.72000122070312,51641800
2004-12-17,80.394683837890625,119.44000244140625,119.97000122070312,119.16000366210938,119.45999908447266,70761900
2004-12-20,80.414848327636719,119.47000122070312,120.29000091552734,119.16999816894531,119.75,47187400
2004-12-21,81.034095764160156,120.38999938964844,120.48000335693359,119.45999908447266,119.59999847412109,33094200
2004-12-22,81.229316711425781,120.68000030517578,121.08000183105469,120.30000305175781,120.37999725341797,31500700
2004-12-23,81.289886474609375,120.76999664306641,121.27999877929688,120.66000366210938,120.87000274658203,25646100
2004-12-27,81.121604919433594,120.51999664306641,121.36000061035156,120.38999938964844,121.19999694824219,29944100
2004-12-28,81.565841674804688,121.18000030517578,121.33000183105469,120.59999847412109,120.63999938964844,23422900
2004-12-29,81.686996459960938,121.36000061035156,121.40000152587891,120.94999694824219,121.08000183105469,22650600
2004-12-30,81.532188415527344,121.12999725341797,121.56999969482422,121.04000091552734,121.40000152587891,21076900
2004-12-31,81.357215881347656,120.87000274658203,121.66000366210938,120.80000305175781,121.30000305175781,28648800
2005-01-03,80.973526000976562,120.30000305175781,121.76000213623047,119.90000152587891,121.55999755859375,55748000
2005-01-04,79.984107971191406,118.83000183105469,120.54000091552734,118.44000244140625,120.45999908447266,69167600
2005-01-05,79.432136535644531,118.01000213623047,119.25,118,118.73999786376953,65667300
2005-01-06,79.83599853515625,118.61000061035156,119.15000152587891,118.26000213623047,118.44000244140625,47814700
2005-01-07,79.721580505371094,118.44000244140625,119.23000335693359,118.12999725341797,118.97000122070312,55847700
2005-01-10,80.098487854003906,119,119.45999908447266,118.33999633789062,118.33999633789062,56563300
2005-01-11,79.546585083007812,118.18000030517578,118.73999786376953,117.98999786376953,118.63999938964844,63099700
2005-01-12,79.809066772460938,118.56999969482422,118.83999633789062,117.51999664306641,118.40000152587891,72720500
2005-01-13,79.169624328613281,117.62000274658203,118.73000335693359,117.5,118.63999938964844,55537500
2005-01-14,79.586936950683594,118.23999786376953,118.52999877929688,117.76000213623047,117.97000122070312,42032500
2005-01-18,80.414848327636719,119.47000122070312,119.62000274658203,117.94999694824219,118.05000305175781,57391700
2005-01-19,79.573493957519531,118.22000122070312,119.51999664306641,118.20999908447266,119.43000030517578,54378900
2005-01-20,79.088844299316406,117.5,118.19999694824219,117.29000091552734,117.88999938964844,72049300
2005-01-21,78.604217529296875,116.77999877929688,118,116.65000152587891,117.79000091552734,63160400
2005-01-24,78.449417114257812,116.55000305175781,117.33999633789062,116.37000274658203,117.08999633789062,58441900
2005-01-25,78.671531677246094,116.87999725341797,117.47000122070312,116.72000122070312,116.91000366210938,68245000
2005-01-26,78.907127380371094,117.23000335693359,117.59999847412109,117.04000091552734,117.31999969482422,57195100
2005-01-27,79.041755676269531,117.43000030517578,117.75,116.98000335693359,117.19000244140625,55878800
2005-01-28,79.041755676269531,117.43000030517578,117.55000305175781,116.61000061035156,117.48999786376953,60738900
2005-01-31,79.533134460449219,118.16000366210938,118.25,117.70999908447266,117.94999694824219,52532700
2005-02-01,80.037910461425781,118.91000366210938,119.08000183105469,118.09999847412109,118.25,49841200
2005-02-02,80.280227661132812,119.26999664306641,119.58999633789062,118.90000152587891,119.05999755859375,52468900
2005-02-03,80.071571350097656,118.95999908447266,119.16000366210938,118.56999969482422,119.05999755859375,48837100
2005-02-04,80.926429748535156,120.23000335693359,120.43000030517578,118.98000335693359,119,50024600
2005-02-07,80.818733215332031,120.06999969482422,120.51999664306641,119.95999908447266,120.25,45412000
2005-02-08,80.912940979003906,120.20999908447266,120.65000152587891,120.06999969482422,120.16999816894531,39263500
2005-02-09,80.307159423828125,119.30999755859375,120.48999786376953,119.25,120.41999816894531,55279400
2005-02-10,80.59661865234375,119.73999786376953,120.01999664306641,119.26000213623047,119.66000366210938,45858600
2005-02-11,81.289886474609375,120.76999664306641,121.04000091552734,119.45999908447266,119.69999694824219,53133000
2005-02-14,81.229316711425781,120.68000030517578,120.86000061035156,120.48000335693359,120.69000244140625,32432100
2005-02-15,81.532188415527344,121.12999725341797,121.43000030517578,120.68000030517578,120.80000305175781,43852700
2005-02-16,81.586021423339844,121.20999908447266,121.45999908447266,120.66999816894531,120.93000030517578,55523000
2005-02-17,80.926429748535156,120.23000335693359,121.33000183105469,120.22000122070312,121.23000335693359,58124000
2005-02-18,81.034095764160156,120.38999938964844,120.48000335693359,119.90000152587891,120.23999786376953,47723300
2005-02-22,79.82928466796875,118.59999847412109,120.47000122070312,118.58000183105469,119.90000152587891,80697600
2005-02-23,80.401374816894531,119.44999694824219,119.56999969482422,118.62000274658203,118.93000030517578,68292600
2005-02-24,80.933158874511719,120.23999786376953,120.31999969482422,118.98000335693359,119.23999786376953,68563600
2005-02-25,81.734100341796875,121.43000030517578,121.66999816894531,120.18000030517578,120.26999664306641,60899900
2005-02-28,81.1956787109375,120.62999725341797,121.30000305175781,120.04000091552734,121.15000152587891,69381300
2005-03-01,81.599525451660156,121.23000335693359,121.51999664306641,120.77999877929688,120.81999969482422,47294400
2005-03-02,81.559120178222656,121.16999816894531,121.93000030517578,120.65000152587891,120.76000213623047,64226500
2005-03-03,81.592788696289062,121.22000122070312,121.90000152587891,120.69999694824219,121.66000366210938,61230800
2005-03-04,82.609138488769531,122.73000335693359,122.83000183105469,121.79000091552734,122.05000305175781,56168500
2005-03-07,82.649551391601562,122.79000091552734,123.25,122.40000152587891,122.66000366210938,43442400
2005-03-08,82.339897155761719,122.33000183105469,123,122.11000061035156,122.66999816894531,44362000
2005-03-09,81.424514770507812,120.97000122070312,122.29000091552734,120.95999908447266,121.97000122070312,73263600
2005-03-10,81.60626220703125,121.23999786376953,121.5,120.40000152587891,121.19999694824219,65149000
2005-03-11,81.034095764160156,120.38999938964844,121.72000122070312,120.16000366210938,121.30999755859375,57976500
2005-03-14,81.5389404296875,121.13999938964844,121.16000366210938,120.27999877929688,120.61000061035156,36336400
2005-03-15,80.8658447265625,120.13999938964844,121.45999908447266,120.08000183105469,121.41999816894531,62438500
2005-03-16,80.179275512695312,119.12000274658203,120.16000366210938,118.90000152587891,119.69999694824219,74874200
2005-03-17,80.340835571289062,119.36000061035156,119.73999786376953,118.98000335693359,119.30999755859375,62584200
2005-03-18,80.102249145507812,118.54000091552734,119.52999877929688,118.15000152587891,119.11000061035156,60232000
2005-03-21,79.804931640625,118.09999847412109,118.77999877929688,117.76000213623047,118.70999908447266,61244300
2005-03-22,78.994087219238281,116.90000152587891,118.93000030517578,116.90000152587891,118.37000274658203,92472400
2005-03-23,79.061653137207031,117,117.72000122070312,116.75,116.94999694824219,70817300
2005-03-24,79.156242370605469,117.13999938964844,117.98999786376953,117.05999755859375,117.45999908447266,51932500
2005-03-28,79.271110534667969,117.30999755859375,117.94000244140625,117.30999755859375,117.41999816894531,46765500
2005-03-29,78.7440185546875,116.52999877929688,117.90000152587891,116.25,117.13999938964844,71160300
2005-03-30,79.8590087890625,118.18000030517578,118.19999694824219,116.76999664306641,116.77999877929688,62002100
2005-03-31,79.710304260253906,117.95999908447266,118.45999908447266,117.87000274658203,118.19000244140625,64575400
2005-04-01,79.35223388671875,117.43000030517578,118.98999786376953,116.91000366210938,118.62999725341797,95255300
2005-04-04,79.487335205078125,117.62999725341797,117.86000061035156,116.73999786376953,117.36000061035156,71581200
2005-04-05,79.865776062011719,118.19000244140625,118.37999725341797,117.66999816894531,117.77999877929688,46853900
2005-04-06,80.142852783203125,118.59999847412109,118.94999694824219,118.18000030517578,118.44999694824219,53268200
2005-04-07,80.575279235839844,119.23999786376953,119.26000213623047,118.31999969482422,118.41000366210938,46734600
2005-04-08,79.737373352050781,118,119.20999908447266,118,119.16999816894531,63772900
2005-04-11,79.798202514648438,118.08999633789062,118.41999816894531,117.83000183105469,118.29000091552734,44945000
2005-04-12,80.210418701171875,118.69999694824219,119.05999755859375,117.06999969482422,117.88999938964844,86144800
2005-04-13,79.264350891113281,117.30000305175781,118.80000305175781,117.12999725341797,118.55999755859375,65949000
2005-04-14,78.230461120605469,115.76999664306641,117.5,115.76999664306641,117.40000152587891,96119800
2005-04-15,77.135772705078125,114.15000152587891,116.19999694824219,114.09999847412109,115.73999786376953,128677300
2005-04-18,77.372291564941406,114.5,114.95999908447266,113.95999908447266,114.12000274658203,100035200
2005-04-19,77.987220764160156,115.41000366210938,115.52999877929688,114.83000183105469,115.09999847412109,64930100
2005-04-20,76.899238586425781,113.80000305175781,115.62999725341797,113.55000305175781,115.37999725341797,107735900
2005-04-21,78.392654418945312,116.01000213623047,116.20999908447266,114.37999725341797,114.79000091552734,86952200
2005-04-22,78.095321655273438,115.56999969482422,116.5,114.26999664306641,115.73999786376953,88845800
2005-04-25,78.608848571777344,116.33000183105469,116.5,115.72000122070312,115.86000061035156,52284100
2005-04-26,77.845306396484375,115.19999694824219,116.76999664306641,115.15000152587891,115.95999908447266,72626000
2005-04-27,78.149398803710938,115.65000152587891,116.06999969482422,114.44000244140625,114.86000061035156,84131900
2005-04-28,77.169548034667969,114.19999694824219,115.68000030517578,114.19999694824219,115.26999664306641,72481500
2005-04-29,78.21697998046875,115.75,115.87000274658203,113.97000122070312,115.06999969482422,103993800
2005-05-02,78.656204223632812,116.40000152587891,116.41000366210938,115.51999664306641,116.06999969482422,56026400
2005-05-03,78.79132080078125,116.59999847412109,116.84999847412109,115.69000244140625,116.06999969482422,86000300
2005-05-04,79.399513244628906,117.5,117.75,116.27999877929688,116.65000152587891,81055700
2005-05-05,79.372451782226562,117.45999908447266,118,116.73999786376953,117.66999816894531,96906700
2005-05-06,79.122444152832031,117.08999633789062,117.98999786376953,117.05999755859375,117.93000030517578,67415400
2005-05-09,79.615753173828125,117.81999969482422,118.08000183105469,117.05000305175781,117.20999908447266,43750500
2005-05-10,78.79132080078125,116.59999847412109,117.5,116.38999938964844,117.36000061035156,74613500
2005-05-11,79.22381591796875,117.23999786376953,117.40000152587891,115.84999847412109,116.93000030517578,91647400
2005-05-12,78.352081298828125,115.94999694824219,117.58999633789062,115.94999694824219,117.31999969482422,95086800
2005-05-13,78.196685791015625,115.72000122070312,116.62000274658203,114.80000305175781,116.30000305175781,85267000
2005-05-16,78.926498413085938,116.80000305175781,116.83999633789062,115.66000366210938,115.69999694824219,49207000
2005-05-17,79.453559875488281,117.58000183105469,117.69999694824219,116.16000366210938,116.41000366210938,61071800
2005-05-18,80.271224975585938,118.79000091552734,119.08000183105469,118.01000213623047,118.08999633789062,77944900
2005-05-19,80.609062194824219,119.29000091552734,119.41000366210938,118.69999694824219,119.01999664306641,61768100
2005-05-20,80.494209289550781,119.12000274658203,119.38999938964844,118.73999786376953,119.33999633789062,46345500
2005-05-23,80.940185546875,119.77999877929688,120.04000091552734,119.19000244140625,119.20999908447266,51047900
2005-05-24,80.750984191894531,119.5,119.83000183105469,119.19999694824219,119.44000244140625,50654100
2005-05-25,80.690185546875,119.41000366210938,119.87000274658203,118.83000183105469,119.34999847412109,47608800
2005-05-26,81.122665405273438,120.05000305175781,120.20999908447266,119.62000274658203,119.79000091552734,43256200
2005-05-27,81.257789611816406,120.25,120.25,119.80000305175781,120.05999755859375,24596100
2005-05-31,80.737510681152344,119.48000335693359,120.16999816894531,119.40000152587891,120.08000183105469,43377200
2005-06-01,81.426727294921875,120.5,120.91999816894531,119.44999694824219,119.51999664306641,69611000
2005-06-02,81.602439880371094,120.76000213623047,120.83999633789062,120.09999847412109,120.23000335693359,39704500
2005-06-03,81.190238952636719,120.15000152587891,120.88999938964844,119.73000335693359,120.55000305175781,60999400
2005-06-06,81.11590576171875,120.04000091552734,120.19999694824219,119.55000305175781,119.94999694824219,36046400
2005-06-07,81.17669677734375,120.12999725341797,121.25,120.01000213623047,120.38999938964844,66501300
2005-06-08,81.028045654296875,119.91000366210938,120.58999633789062,119.66999816894531,120.43000030517578,46881200
2005-06-09,81.413230895996094,120.48000335693359,120.58000183105469,119.44000244140625,119.73999786376953,56653300
2005-06-10,81.224037170410156,120.19999694824219,120.65000152587891,119.59999847412109,120.55999755859375,36465300
2005-06-13,81.480804443359375,120.58000183105469,121.08000183105469,119.80999755859375,119.94000244140625,49383200
2005-06-14,81.670005798339844,120.86000061035156,121.19999694824219,120.37999725341797,120.44999694824219,33857100
2005-06-15,81.825424194335938,121.08999633789062,121.23999786376953,120.23000335693359,121.16000366210938,53195600
2005-06-16,82.034912109375,121.40000152587891,121.63999938964844,120.91999816894531,121.05999755859375,46564500
2005-06-17,82.338859558105469,121.36000061035156,121.90000152587891,121.22000122070312,121.54000091552734,51529400
2005-06-20,82.366012573242188,121.40000152587891,121.83999633789062,120.94000244140625,121.08000183105469,41019400
2005-06-21,82.413482666015625,121.47000122070312,121.65000152587891,121.02999877929688,121.5,39879800
2005-06-22,82.481353759765625,121.56999969482422,121.94000244140625,121.06999969482422,121.68000030517578,46310100
2005-06-23,81.321159362792969,119.86000061035156,121.59999847412109,119.83000183105469,121.31999969482422,62185600
2005-06-24,80.724075317382812,118.98000335693359,120.01000213623047,118.83999633789062,119.87999725341797,58572500
2005-06-27,80.839408874511719,119.15000152587891,119.41000366210938,118.75,118.97000122070312,48183800
2005-06-28,81.517898559570312,120.15000152587891,120.23999786376953,119.37000274658203,119.40000152587891,41174200
2005-06-29,81.300804138183594,119.83000183105469,120.40000152587891,119.76000213623047,120.37000274658203,42316500
2005-06-30,80.859786987304688,119.18000030517578,120.31999969482422,118.94999694824219,120.22000122070312,62288800
2005-07-01,81.097244262695312,119.52999877929688,119.80000305175781,119.20999908447266,119.44999694824219,49737500
2005-07-05,81.748558044433594,120.48999786376953,120.65000152587891,119.19000244140625,119.25,51549000
2005-07-06,81.063339233398438,119.48000335693359,120.65000152587891,119.41000366210938,120.38999938964844,52363600
2005-07-07,81.3822021484375,119.94999694824219,119.94999694824219,118.26000213623047,118.29000091552734,103268800
2005-07-08,82.311729431152344,121.31999969482422,121.31999969482422,119.72000122070312,119.97000122070312,64491200
2005-07-11,82.73236083984375,121.94000244140625,122.09999847412109,121.30999755859375,121.33000183105469,49688300
2005-07-12,82.949516296386719,122.26000213623047,122.62999725341797,121.63999938964844,121.98999786376953,51871100
2005-07-13,83.064849853515625,122.43000030517578,122.51999664306641,121.98999786376953,122.26999664306641,41182300
2005-07-14,83.390487670898438,122.91000366210938,123.44000244140625,122.48999786376953,122.98000335693359,63638800
2005-07-15,83.342987060546875,122.83999633789062,123.04000091552734,122.36000061035156,122.79000091552734,56075900
2005-07-18,83.010528564453125,122.34999847412109,122.62999725341797,122.05000305175781,122.5,56598400
2005-07-19,83.465103149414062,123.01999664306641,123.11000061035156,122.41000366210938,122.70999908447266,59165700
2005-07-20,83.750106811523438,123.44000244140625,123.73000335693359,122.30000305175781,122.58999633789062,69477000
2005-07-21,83.261566162109375,122.72000122070312,123.61000061035156,122.47000122070312,123.55000305175781,101110900
2005-07-22,83.817924499511719,123.54000091552734,123.55999755859375,122.62999725341797,122.87999725341797,52607100
2005-07-25,83.580436706542969,123.19000244140625,123.94999694824219,122.84999847412109,123.41000366210938,57301600
2005-07-26,83.682212829589844,123.33999633789062,123.52999877929688,122.94999694824219,123.23000335693359,42758800
2005-07-27,83.987525939941406,123.79000091552734,123.88999938964844,123.05000305175781,123.5,43181600
2005-07-28,84.516769409179688,124.56999969482422,124.63999938964844,123.63999938964844,123.95999908447266,47880700
2005-07-29,83.953605651855469,123.73999786376953,124.62999725341797,123.5,124.41000366210938,62358100
2005-08-01,83.892555236816406,123.65000152587891,124.04000091552734,123.44999694824219,123.83000183105469,40418200
2005-08-02,84.394622802734375,124.38999938964844,124.59999847412109,123.73999786376953,123.87000274658203,45147400
2005-08-03,84.618492126464844,124.72000122070312,124.73999786376953,124.12000274658203,124.25,36837200
2005-08-04,83.940078735351562,123.72000122070312,124.30999755859375,123.56999969482422,124.23000335693359,50855600
2005-08-05,83.370109558105469,122.87999725341797,123.98000335693359,122.66999816894531,123.44999694824219,53595500
2005-08-08,83.214057922363281,122.65000152587891,123.41000366210938,122.37999725341797,123.15000152587891,47616000
2005-08-09,83.716133117675781,123.38999938964844,123.58999633789062,122.87000274658203,123.05999755859375,47170000
2005-08-10,83.675437927246094,123.33000183105469,124.5,122.81999969482422,123.81999969482422,72863700
2005-08-11,84.007896423339844,123.81999969482422,124.02999877929688,123.01000213623047,123.26999664306641,58570200
2005-08-12,83.492233276367188,123.05999755859375,123.69000244140625,122.75,123.56999969482422,54776900
2005-08-15,84.007896423339844,123.81999969482422,123.87000274658203,122.83000183105469,123.22000122070312,36208500
2005-08-16,82.915519714355469,122.20999908447266,123.51999664306641,122.08999633789062,123.44000244140625,71942100
2005-08-17,82.908775329589844,122.19999694824219,122.87000274658203,122.02999877929688,122.19000244140625,62275100
2005-08-18,82.901992797851562,122.19000244140625,122.55999755859375,121.83999633789062,122.05000305175781,53388600
2005-08-19,83.091949462890625,122.47000122070312,122.81999969482422,122.19999694824219,122.62999725341797,39842100
2005-08-22,83.091949462890625,122.47000122070312,123.23000335693359,121.87999725341797,122.58000183105469,69912000
2005-08-23,82.935897827148438,122.23999786376953,122.61000061035156,121.15000152587891,122.5,55168600
2005-08-24,82.196372985839844,121.15000152587891,122.73000335693359,121.08999633789062,121.94000244140625,79104600
2005-08-25,82.494873046875,121.58999633789062,121.66999816894531,121.20999908447266,121.34999847412109,35631100
2005-08-26,81.931770324707031,120.76000213623047,121.48999786376953,120.68000030517578,121.48000335693359,61956800
2005-08-29,82.562744140625,121.69000244140625,121.77999877929688,120.37999725341797,120.41000366210938,56179200
2005-08-30,82.128509521484375,121.05000305175781,121.30000305175781,120.38999938964844,121.25,74160200
2005-08-31,83.16656494140625,122.58000183105469,122.66000366210938,120.73999786376953,121.19000244140625,102945200
2005-09-01,83.105484008789062,122.48999786376953,123.15000152587891,121.13999938964844,122.51999664306641,74578700
2005-09-02,82.956245422363281,122.26999664306641,122.87999725341797,122.04000091552734,122.84999847412109,47653400
2005-09-06,83.926506042480469,123.69999694824219,123.80000305175781,122.65000152587891,122.66000366210938,57251300
2005-09-07,84.068939208984375,123.91000366210938,124.12999725341797,123.45999908447266,123.62999725341797,41749700
2005-09-08,83.790748596191406,123.5,124,123.30999755859375,123.66000366210938,39068700
2005-09-09,84.537071228027344,124.59999847412109,124.73999786376953,123.80000305175781,123.83000183105469,43093900
2005-09-12,84.367477416992188,124.34999847412109,124.66999816894531,124.26999664306641,124.44999694824219,33017600
2005-09-13,83.899360656738281,123.66000366210938,124.41999816894531,123.51999664306641,124.12999725341797,58427500
2005-09-14,83.593986511230469,123.20999908447266,123.91999816894531,123.01999664306641,123.73999786376953,57694600
2005-09-15,83.553321838378906,123.15000152587891,123.65000152587891,122.90000152587891,123.58999633789062,73156900
2005-09-16,84.147438049316406,123.5,123.73999786376953,122.87000274658203,123.30000305175781,75424100
2005-09-19,83.868087768554688,123.08999633789062,123.55000305175781,122.63999938964844,123.47000122070312,53355300
2005-09-20,83.159507751464844,122.05000305175781,123.61000061035156,121.87000274658203,123.19999694824219,84480300
2005-09-21,82.382720947265625,120.91000366210938,121.87000274658203,120.77999877929688,121.79000091552734,94469100
2005-09-22,82.67572021484375,121.33999633789062,121.66000366210938,120.44000244140625,120.94999694824219,84597200
2005-09-23,82.743881225585938,121.44000244140625,121.88999938964844,120.90000152587891,121.23999786376953,59368100
2005-09-26,82.839271545410156,121.58000183105469,122.23999786376953,121.08000183105469,122.01999664306641,70415400
2005-09-27,82.818809509277344,121.55000305175781,121.98999786376953,121.01999664306641,121.51999664306641,66150800
2005-09-28,82.90057373046875,121.66999816894531,122.12000274658203,121.19999694824219,121.93000030517578,58620500
2005-09-29,83.575103759765625,122.66000366210938,122.86000061035156,121.08000183105469,121.55000305175781,66607700
2005-09-30,83.83404541015625,123.04000091552734,123.04000091552734,121.73999786376953,122.62000274658203,47824200
2005-10-03,83.534217834472656,122.59999847412109,123.33999633789062,122.44999694824219,122.95999908447266,50994800
2005-10-04,82.593978881835938,121.22000122070312,123.02999877929688,121.16000366210938,122.79000091552734,60776300
2005-10-05,81.510589599609375,119.62999725341797,121.30999755859375,119.56999969482422,121.25,106052100
2005-10-06,81.217613220214844,119.19999694824219,120.26000213623047,118.16999816894531,119.77999877929688,140941800
2005-10-07,81.496994018554688,119.61000061035156,120.05000305175781,119.12999725341797,119.69999694824219,75661400
2005-10-10,80.808799743652344,118.59999847412109,119.70999908447266,118.30000305175781,119.68000030517578,52677000
2005-10-11,80.693016052246094,118.43000030517578,119.38999938964844,118.31999969482422,118.98999786376953,75629800
2005-10-12,80.059303283691406,117.5,119.12999725341797,117.41000366210938,118.38999938964844,100510400
2005-10-13,80.01165771484375,117.43000030517578,118.08000183105469,116.87999725341797,117.45999908447266,99052900
2005-10-14,80.85650634765625,118.66999816894531,118.80999755859375,117.55999755859375,118.12000274658203,88651000
2005-10-17,81.156288146972656,119.11000061035156,119.26999664306641,118.44999694824219,118.80000305175781,68109300
2005-10-18,80.277351379394531,117.81999969482422,118.95999908447266,117.80000305175781,118.94000244140625,74996900
2005-10-19,81.61279296875,119.77999877929688,119.80000305175781,117.12000274658203,117.5,116563800
2005-10-20,80.17510986328125,117.66999816894531,119.80999755859375,117.30000305175781,119.48999786376953,131966700
2005-10-21,80.488571166992188,118.12999725341797,118.77999877929688,117.51000213623047,118.29000091552734,96579500
2005-10-24,81.73541259765625,119.95999908447266,120.08999633789062,118.41000366210938,118.44000244140625,71308400
2005-10-25,81.571922302246094,119.72000122070312,120.23999786376953,118.94000244140625,119.72000122070312,76594500
2005-10-26,81.333427429199219,119.37000274658203,120.54000091552734,119.19000244140625,119.51000213623047,80855800
2005-10-27,80.468124389648438,118.09999847412109,119.37000274658203,117.93000030517578,119.19999694824219,66623100
2005-10-28,81.62646484375,119.80000305175781,119.94999694824219,118.09999847412109,118.43000030517578,72322000
2005-10-31,81.851264953613281,120.12999725341797,121.30000305175781,120.12999725341797,120.29000091552734,77698900
2005-11-01,82.096527099609375,120.48999786376953,120.90000152587891,120.22000122070312,120.58000183105469,66365100
2005-11-02,82.955078125,121.75,121.75,120.12999725341797,120.16999816894531,74012300
2005-11-03,83.309394836425781,122.26999664306641,122.66000366210938,121.75,122.15000152587891,84897600
2005-11-04,83.200386047363281,122.11000061035156,122.45999908447266,121.55000305175781,122.40000152587891,59156000
2005-11-07,83.282112121582031,122.23000335693359,122.62000274658203,121.84999847412109,122.37000274658203,46765400
2005-11-08,83.282112121582031,122.23000335693359,122.41999816894531,121.79000091552734,121.93000030517578,42152800
2005-11-09,83.391143798828125,122.38999938964844,122.94999694824219,121.86000061035156,122.08000183105469,57666800
2005-11-10,84.038429260253906,123.33999633789062,123.51999664306641,121.75,122.33999633789062,79048100
2005-11-11,84.324607849121094,123.76000213623047,123.83999633789062,122.43000030517578,123.34999847412109,34867000
2005-11-14,84.27691650390625,123.69000244140625,124.01999664306641,123.37999725341797,123.79000091552734,45092200
2005-11-15,83.970283508300781,123.23999786376953,124.08999633789062,122.86000061035156,123.55000305175781,69592500
2005-11-16,84.140647888183594,123.48999786376953,123.55000305175781,122.98000335693359,123.37000274658203,51133000
2005-11-17,84.924186706542969,124.63999938964844,124.65000152587891,123.13999938964844,123.68000030517578,55717500
2005-11-18,85.258087158203125,125.12999725341797,125.27999877929688,124.33000183105469,125.05999755859375,72437200
2005-11-21,85.687347412109375,125.76000213623047,125.91000366210938,124.98000335693359,125.15000152587891,50021200
2005-11-22,86.055252075195312,126.30000305175781,126.51999664306641,125.41999816894531,125.55999755859375,66438800
2005-11-23,86.552635192871094,127.02999877929688,127.41000366210938,126.20999908447266,126.25,50854700
2005-11-25,86.62078857421875,127.12999725341797,127.22000122070312,126.80999755859375,126.98000335693359,15270000
2005-11-28,86.007575988769531,126.23000335693359,127.26999664306641,126.04000091552734,127.25,54498500
2005-11-29,85.91217041015625,126.08999633789062,126.98000335693359,126.08999633789062,126.65000152587891,51738900
2005-11-30,85.448822021484375,125.41000366210938,126.51999664306641,125.29000091552734,126.16000366210938,56007200
2005-12-01,86.320968627929688,126.69000244140625,127.02999877929688,125.98000335693359,126.01999664306641,65468200
2005-12-02,86.429977416992188,126.84999847412109,127.08000183105469,126.5,126.76999664306641,46699400
2005-12-05,86.246040344238281,126.58000183105469,126.73000335693359,126.18000030517578,126.69999694824219,59273400
2005-12-06,86.4095458984375,126.81999969482422,127.73999786376953,126.62999725341797,127.05000305175781,57935200
2005-12-07,85.905380249023438,126.08000183105469,126.87000274658203,125.68000030517578,126.76999664306641,66816500
2005-12-08,85.850845336914062,126,126.81999969482422,125.48000335693359,126.22000122070312,62608600
2005-12-09,86.075706481933594,126.33000183105469,126.77999877929688,125.81999969482422,126.16000366210938,50744500
2005-12-12,86.157470703125,126.44999694824219,126.86000061035156,125.95999908447266,126.70999908447266,48389900
2005-12-13,86.743453979492188,127.30999755859375,127.69999694824219,126.29000091552734,126.41999816894531,88630900
2005-12-14,87.084075927734375,127.80999755859375,128.08999633789062,127.13999938964844,127.19000244140625,64375000
2005-12-15,86.832008361816406,127.44000244140625,128,127.18000030517578,127.83999633789062,55900300
2005-12-16,86.552520751953125,126.36000061035156,127.36000061035156,126.36000061035156,127.27999877929688,46238300
2005-12-19,86.107315063476562,125.70999908447266,126.87000274658203,125.69000244140625,126.73000335693359,48733000
2005-12-20,86.189491271972656,125.83000183105469,126.58999633789062,125.48000335693359,125.86000061035156,46603200
2005-12-21,86.326507568359375,126.02999877929688,126.76000213623047,125.80000305175781,126.22000122070312,51806900
2005-12-22,86.778564453125,126.69000244140625,126.69000244140625,126.08000183105469,126.30999755859375,32247900
2005-12-23,86.826515197753906,126.76000213623047,126.86000061035156,126.41999816894531,126.77999877929688,27977300
2005-12-27,85.942939758300781,125.47000122070312,127.05000305175781,125.37999725341797,126.95999908447266,44499500
2005-12-28,86.134696960449219,125.75,125.98999786376953,125.5,125.73999786376953,30764300
2005-12-29,85.751113891601562,125.19000244140625,125.95999908447266,125.05999755859375,125.72000122070312,32788900
2005-12-30,85.285331726074219,124.51000213623047,125.05999755859375,124.36000061035156,124.80000305175781,44645600
2006-01-03,86.785392761230469,126.69999694824219,127,124.38999938964844,125.19000244140625,73256700
2006-01-04,87.196403503417969,127.30000305175781,127.48999786376953,126.69999694824219,126.86000061035156,51899600
2006-01-05,87.251174926757812,127.37999725341797,127.58999633789062,126.87999725341797,127.15000152587891,47307500
2006-01-06,87.977264404296875,128.44000244140625,128.58000183105469,127.36000061035156,128.02000427246094,62885900
2006-01-09,88.203292846679688,128.77000427246094,129.05999755859375,128.3800048828125,128.41999816894531,43527400
2006-01-10,88.2923583984375,128.89999389648438,128.97999572753906,128.25999450683594,128.38999938964844,44960800
2006-01-11,88.573173522949219,129.30999755859375,129.44000244140625,128.72999572753906,129.02000427246094,49598900
2006-01-12,88.223854064941406,128.80000305175781,129.27999877929688,128.44000244140625,129.08000183105469,40509200
2006-01-13,88.141647338867188,128.67999267578125,128.89999389648438,128.19999694824219,128.57000732421875,44856700
2006-01-17,87.901939392089844,128.33000183105469,128.41999816894531,127.80999755859375,128.19999694824219,52066600
2006-01-18,87.552635192871094,127.81999969482422,128.89999389648438,127.16000366210938,127.58000183105469,75067600
2006-01-19,87.888214111328125,128.30999755859375,128.77000427246094,127.80999755859375,128.1300048828125,81530400
2006-01-20,86.285377502441406,125.97000122070312,128.30999755859375,125.97000122070312,128.27999877929688,114957800
2006-01-23,86.5936279296875,126.41999816894531,126.81999969482422,126.12999725341797,126.20999908447266,67017400
2006-01-24,86.682693481445312,126.55000305175781,127.15000152587891,126.41999816894531,126.62999725341797,53008800
2006-01-25,86.758041381835938,126.66000366210938,127.18000030517578,125.83999633789062,127.04000091552734,87747700
2006-01-26,87.23748779296875,127.36000061035156,127.66999816894531,126.76000213623047,127.25,71294000
2006-01-27,88.045745849609375,128.53999328613281,128.66000366210938,127.44999694824219,127.66000366210938,65771200
2006-01-30,87.977264404296875,128.44000244140625,128.80999755859375,128.35000610351562,128.44000244140625,33709600
2006-01-31,87.3333740234375,127.5,128.53999328613281,127.48999786376953,128.32000732421875,72937000
2006-02-01,87.943008422851562,128.38999938964844,128.42999267578125,127.72000122070312,127.81999969482422,63561000
2006-02-02,86.922401428222656,126.90000152587891,128.13999938964844,126.80000305175781,128.10000610351562,83626900
2006-02-03,86.490875244140625,126.26999664306641,128.38999938964844,126.13999938964844,126.58000183105469,86040400
2006-02-06,86.716934204101562,126.59999847412109,126.80000305175781,126.16999816894531,126.44000244140625,45511900
2006-02-07,85.949798583984375,125.48000335693359,126.66000366210938,125.40000152587891,126.37999725341797,71208100
2006-02-08,86.730613708496094,126.62000274658203,128.10000610351562,125.59999847412109,125.84999847412109,59422200
2006-02-09,86.586746215820312,126.41000366210938,127.59999847412109,126.37000274658203,126.91999816894531,62023300
2006-02-10,86.744300842285156,126.63999938964844,127.12999725341797,125.44999694824219,126.43000030517578,64508700
2006-02-13,86.586746215820312,126.41000366210938,126.79000091552734,125.94999694824219,126.59999847412109,52308700
2006-02-14,87.504638671875,127.75,128.02999877929688,126.20999908447266,126.45999908447266,90964400
2006-02-15,87.8128662109375,128.19999694824219,128.32000732421875,127.23999786376953,127.68000030517578,85471300
2006-02-16,88.470405578613281,129.16000366210938,129.21000671386719,128.17999267578125,128.33999633789062,61017900
2006-02-17,88.230697631835938,128.80999755859375,129.16000366210938,128.58000183105469,129.05000305175781,40342600
2006-02-21,88.011489868164062,128.49000549316406,129.39999389648438,128.28999328613281,129.11000061035156,46456300
2006-02-22,88.545761108398438,129.27000427246094,129.64999389648438,128.64999389648438,128.77000427246094,42326700
2006-02-23,88.415657043457031,129.08000183105469,129.63999938964844,128.27999877929688,129.27000427246094,43423200
2006-02-24,88.641670227050781,129.41000366210938,129.47999572753906,128.75999450683594,129.11000061035156,36777400
2006-02-27,88.675918579101562,129.46000671386719,130.03999328613281,129.27999877929688,129.39999389648438,35858600
2006-02-28,87.833412170410156,128.22999572753906,129.91000366210938,128.1300048828125,129.19999694824219,74394800
2006-03-01,88.614273071289062,129.3699951171875,129.49000549316406,128.5,128.60000610351562,48641600
2006-03-02,88.607398986816406,129.36000061035156,129.41999816894531,128.61000061035156,128.89999389648438,60642300
2006-03-03,88.196418762207031,128.75999450683594,130.07000732421875,128.64999389648438,128.66999816894531,73402500
2006-03-06,87.792304992675781,128.16999816894531,129.17999267578125,127.84999847412109,129.13999938964844,57478400
2006-03-07,87.655342102050781,127.97000122070312,128.05999755859375,127.40000152587891,127.86000061035156,61780800
2006-03-08,87.84027099609375,128.24000549316406,128.44000244140625,127.18000030517578,127.69999694824219,66692400
2006-03-09,87.251174926757812,127.37999725341797,128.67999267578125,127.37999725341797,128.27999877929688,56313600
2006-03-10,88.079963684082031,128.58999633789062,128.83999633789062,127.44000244140625,127.70999908447266,60490800
2006-03-13,88.244407653808594,128.83000183105469,129.16000366210938,128.52999877929688,128.83999633789062,45479100
2006-03-14,89.169075012207031,130.17999267578125,130.22999572753906,128.61000061035156,128.71000671386719,69877300
2006-03-15,89.566383361816406,130.75999450683594,130.86000061035156,129.85000610351562,130.14999389648438,53398900
2006-03-16,89.7513427734375,131.02999877929688,131.47000122070312,130.83999633789062,131.00999450683594,65526400
2006-03-17,89.826263427734375,130.6199951171875,130.89999389648438,130.3800048828125,130.67999267578125,47286800
2006-03-20,89.681854248046875,130.41000366210938,130.89999389648438,130.21000671386719,130.63999938964844,45538500
2006-03-21,89.117950439453125,129.58999633789062,130.99000549316406,129.44999694824219,130.3699951171875,87102700
2006-03-22,89.661247253417969,130.3800048828125,130.50999450683594,129.44999694824219,129.50999450683594,51605700
2006-03-23,89.475532531738281,130.11000061035156,130.38999938964844,129.66000366210938,130.25999450683594,46704200
2006-03-24,89.544281005859375,130.21000671386719,130.57000732421875,129.74000549316406,129.99000549316406,43209200
2006-03-27,89.413665771484375,130.02000427246094,130.27999877929688,129.74000549316406,130.02999877929688,32523000
2006-03-28,88.863517761230469,129.22000122070312,130.52999877929688,129.05000305175781,129.92999267578125,82079900
2006-03-29,89.420555114746094,130.02999877929688,130.5,129.28999328613281,129.41000366210938,61505700
2006-03-30,89.262344360351562,129.80000305175781,130.97999572753906,129.55000305175781,130.11000061035156,70571700
2006-03-31,89.283027648925781,129.83000183105469,130.24000549316406,129.3699951171875,130.02000427246094,62925600
2006-04-03,89.214241027832031,129.72999572753906,130.8699951171875,129.49000549316406,130.07000732421875,61624700
2006-04-04,89.785003662109375,130.55999755859375,130.72999572753906,129.36000061035156,129.72999572753906,54809300
2006-04-05,90.094467163085938,131.00999450683594,131.27999877929688,130.3800048828125,130.61000061035156,50607200
2006-04-06,89.998207092285156,130.8699951171875,131.21000671386719,130.19000244140625,130.85000610351562,57906200
2006-04-07,89.083564758300781,129.53999328613281,131.39999389648438,129.35000610351562,131.05999755859375,80180900
2006-04-10,89.22113037109375,129.74000549316406,130.08000183105469,129.25999450683594,129.74000549316406,41496500
2006-04-11,88.464668273925781,128.63999938964844,130.05999755859375,128.25,129.85000610351562,72799400
2006-04-12,88.629714965820312,128.8800048828125,129.1300048828125,128.61000061035156,128.77000427246094,43033700
2006-04-13,88.512771606445312,128.71000671386719,129.25,128.30999755859375,128.58999633789062,51051800
2006-04-17,88.478408813476562,128.66000366210938,129.30999755859375,128.02000427246094,128.83000183105469,64167700
2006-04-18,89.881294250488281,130.69999694824219,130.94000244140625,128.92999267578125,128.92999267578125,92531800
2006-04-19,90.053215026855469,130.94999694824219,131.07000732421875,130.24000549316406,130.75,87269000
2006-04-20,90.177047729492188,131.1300048828125,131.86000061035156,130.60000610351562,131,86005500
2006-04-21,90.190765380859375,131.14999389648438,131.78999328613281,130.6199951171875,131.69000244140625,72342600
2006-04-24,90.025703430175781,130.91000366210938,131.07000732421875,130.3800048828125,130.88999938964844,52546400
2006-04-25,89.654373168945312,130.3699951171875,131.1199951171875,129.91999816894531,131.03999328613281,84359800
2006-04-26,89.674972534179688,130.39999389648438,131.13999938964844,130.30000305175781,130.5,67262400
2006-04-27,90.108238220214844,131.02999877929688,131.6300048828125,129.58999633789062,129.89999389648438,124478600
2006-04-28,90.41082763671875,131.47000122070312,131.75,130.71000671386719,130.78999328613281,55854400
2006-05-01,89.674972534179688,130.39999389648438,131.80000305175781,130.32000732421875,131.47000122070312,64990300
2006-05-02,90.34893798828125,131.3800048828125,131.46000671386719,130.74000549316406,131.00999450683594,49063500
2006-05-03,90.011932373046875,130.88999938964844,131.32000732421875,130.44999694824219,131.14999389648438,60821300
2006-05-04,90.335205078125,131.36000061035156,131.6199951171875,130.97000122070312,131.08000183105469,42921400
2006-05-05,91.132896423339844,132.52000427246094,132.80000305175781,131.85000610351562,132.05000305175781,62588200
2006-05-08,91.022872924804688,132.36000061035156,132.77000427246094,132.36000061035156,132.50999450683594,30016700
2006-05-09,91.201644897460938,132.6199951171875,132.77000427246094,132.30999755859375,132.41999816894531,29864000
2006-05-10,91.153526306152344,132.55000305175781,132.75,131.88999938964844,132.41000366210938,64378200
2006-05-11,90.053215026855469,130.94999694824219,132.55000305175781,130.52000427246094,132.50999450683594,80626900
2006-05-12,88.877250671386719,129.24000549316406,130.72000122070312,129.19000244140625,130.36000061035156,91726500
2006-05-15,89.05609130859375,129.5,129.74000549316406,128.61000061035156,128.78999328613281,84029300
2006-05-16,88.925369262695312,129.30999755859375,130,129.00999450683594,129.75999450683594,62137600
2006-05-17,87.23370361328125,126.84999847412109,129.10000610351562,126.76999664306641,128.66999816894531,144789500
2006-05-18,86.793563842773438,126.20999908447266,127.75,126.11000061035156,127.34999847412109,87906300
2006-05-19,87.4056396484375,127.09999847412109,127.48999786376953,125.80000305175781,126.87000274658203,124309400
2006-05-22,86.738540649414062,126.12999725341797,127.16999816894531,125.5,126.27999877929688,110852800
2006-05-23,86.078353881835938,125.16999816894531,127.62999725341797,125.16999816894531,127.18000030517578,92006500
2006-05-24,86.766044616699219,126.16999816894531,126.88999938964844,124.76000213623047,125.68000030517578,168405000
2006-05-25,87.838859558105469,127.73000335693359,127.73000335693359,126.43000030517578,126.91999816894531,78977900
2006-05-26,88.285873413085938,128.3800048828125,128.3800048828125,127.51000213623047,128.00999450683594,62989700
2006-05-30,86.7178955078125,126.09999847412109,128,126.05000305175781,127.97000122070312,72419900
2006-05-31,87.687576293945312,127.51000213623047,127.51000213623047,126.19999694824219,126.62000274658203,86926200
2006-06-01,88.52655029296875,128.72999572753906,128.94000244140625,127.26999664306641,127.37999725341797,73721700
2006-06-02,88.712226867675781,129,129.42999267578125,128.32000732421875,129.25,91702600
2006-06-05,87.419395446777344,127.12000274658203,128.86000061035156,126.76999664306641,128.85000610351562,86105100
2006-06-06,87.206138610839844,126.80999755859375,127.37999725341797,125.76000213623047,127.20999908447266,130498600
2006-06-07,86.552864074707031,125.86000061035156,127.65000152587891,125.79000091552734,126.91000366210938,108599400
2006-06-08,86.477226257324219,125.75,126.5,123.87000274658203,125.58000183105469,204957200
2006-06-09,86.202125549316406,125.34999847412109,126.95999908447266,125.29000091552734,126.36000061035156,94972200
2006-06-12,85.266899108886719,123.98999786376953,125.93000030517578,123.81999969482422,125.87999725341797,95815900
2006-06-13,84.276611328125,122.55000305175781,124.83999633789062,122.55000305175781,123.73999786376953,185688800
2006-06-14,84.929931640625,123.5,123.62999725341797,122.33999633789062,122.83999633789062,163566400
2006-06-15,86.731658935546875,126.12000274658203,126.36000061035156,123.86000061035156,123.94999694824219,134057000
2006-06-16,86.099617004394531,124.65000152587891,125.55999755859375,124.45999908447266,125.29000091552734,94253500
2006-06-19,85.422714233398438,123.66999816894531,125.48000335693359,123.55000305175781,125.40000152587891,95804400
2006-06-20,85.712837219238281,124.08999633789062,124.80999755859375,123.72000122070312,124.01000213623047,65494700
2006-06-21,86.348297119140625,125.01000213623047,125.69999694824219,123.95999908447266,124,75008200
2006-06-22,85.968452453613281,124.45999908447266,125.05999755859375,124.04000091552734,124.94999694824219,74566100
2006-06-23,85.954612731933594,124.44000244140625,125.30000305175781,124.02999877929688,124.33000183105469,54107000
2006-06-26,86.334503173828125,124.98999786376953,125.05999755859375,124.25,124.54000091552734,37899600
2006-06-27,85.588516235351562,123.91000366210938,125.29000091552734,123.76999664306641,125.01000213623047,69780200
2006-06-28,86.168724060058594,124.75,124.76999664306641,123.65000152587891,124.19000244140625,62368100
2006-06-29,87.909370422363281,127.26999664306641,127.34999847412109,125.16999816894531,125.19999694824219,110634800
2006-06-30,87.916259765625,127.27999877929688,127.66000366210938,126.95999908447266,127.54000091552734,54227800
2006-07-03,88.275459289550781,127.80000305175781,128.00999450683594,127.30999755859375,127.43000030517578,23914000
2006-07-05,87.771217346191406,127.06999969482422,127.44999694824219,126.51999664306641,127.29000091552734,69653400
2006-07-06,88.026809692382812,127.44000244140625,127.84999847412109,127.08000183105469,127.19999694824219,50100300
2006-07-07,87.453475952148438,126.61000061035156,127.55999755859375,126.29000091552734,127.19000244140625,81626500
2006-07-10,87.619255065917969,126.84999847412109,127.43000030517578,126.41000366210938,126.94000244140625,60964100
2006-07-11,88.006072998046875,127.41000366210938,127.41000366210938,125.94000244140625,126.61000061035156,73640800
2006-07-12,87.066673278808594,126.05000305175781,127.40000152587891,125.72000122070312,127.15000152587891,82561300
2006-07-13,85.650665283203125,124,125.68000030517578,124,125.44999694824219,102405700
2006-07-14,85.319122314453125,123.51999664306641,124.26000213623047,122.83000183105469,124.12999725341797,103242500
2006-07-17,85.194793701171875,123.33999633789062,124.09999847412109,123.15000152587891,123.51999664306641,81159000
2006-07-18,85.629920959472656,123.97000122070312,124.05000305175781,122.38999938964844,123.70999908447266,122771000
2006-07-19,86.818008422851562,125.69000244140625,126.26000213623047,123.72000122070312,124.18000030517578,133565300
2006-07-20,86.223976135253906,124.83000183105469,126.30000305175781,124.66000366210938,126.12000274658203,112259800
2006-07-21,85.616119384765625,123.94999694824219,125.19000244140625,123.81999969482422,125.15000152587891,101560000
2006-07-24,87.177200317382812,126.20999908447266,126.31999969482422,124.44000244140625,124.44000244140625,92884000
2006-07-25,87.488006591796875,126.66000366210938,127.30000305175781,125.72000122070312,125.98000335693359,95480700
2006-07-26,87.605445861816406,126.83000183105469,127.44999694824219,126.18000030517578,126.58999633789062,84525800
2006-07-27,87.522552490234375,126.70999908447266,127.69000244140625,126.19999694824219,127.37999725341797,87257100
2006-07-28,88.399765014648438,127.98000335693359,128.13999938964844,126.86000061035156,127.04000091552734,82137000
2006-07-31,88.30999755859375,127.84999847412109,127.95999908447266,127.44999694824219,127.66000366210938,49593100
2006-08-01,87.874839782714844,127.22000122070312,127.37999725341797,126.59999847412109,127.33999633789062,65225600
2006-08-02,88.468864440917969,128.08000183105469,128.46000671386719,127.55000305175781,127.58000183105469,64770900
2006-08-03,88.703697204589844,128.41999816894531,128.55000305175781,127.15000152587891,127.33999633789062,63693800
2006-08-04,88.551742553710938,128.19999694824219,129.42999267578125,127.48000335693359,129.08000183105469,96294200
2006-08-07,88.344528198242188,127.90000152587891,128.08000183105469,127.40000152587891,127.90000152587891,45377300
2006-08-08,88.006072998046875,127.41000366210938,128.46000671386719,126.94999694824219,128.08999633789062,90901300
2006-08-09,87.709068298339844,126.98000335693359,128.60000610351562,126.61000061035156,128.17999267578125,78910600
2006-08-10,87.978462219238281,127.37000274658203,127.5,126.27999877929688,126.58000183105469,69322300
2006-08-11,87.729774475097656,127.01000213623047,127.19999694824219,126.38999938964844,127.16999816894531,47482200
2006-08-14,87.798866271972656,127.11000061035156,128.16000366210938,126.91999816894531,127.62999725341797,57839000
2006-08-15,88.848739624023438,128.6300048828125,128.8699951171875,127.90000152587891,128.25,68143000
2006-08-16,89.587837219238281,129.69999694824219,129.88999938964844,129.03999328613281,129.32000732421875,71737600
2006-08-17,89.815788269042969,130.02999877929688,130.3699951171875,129.49000549316406,129.58000183105469,70992800
2006-08-18,90.271690368652344,130.69000244140625,130.69000244140625,129.58999633789062,130.19000244140625,58288400
2006-08-21,89.884841918945312,130.1300048828125,130.27999877929688,129.80000305175781,130.17999267578125,42133600
2006-08-22,89.877967834472656,130.1199951171875,130.52000427246094,129.67999267578125,129.99000549316406,60839900
2006-08-23,89.629295349121094,129.75999450683594,130.44000244140625,129.19000244140625,130.17999267578125,66592100
2006-08-24,89.553276062011719,129.64999389648438,130.10000610351562,129.39999389648438,129.99000549316406,57983000
2006-08-25,89.663825988769531,129.80999755859375,130.25,129.55000305175781,129.63999938964844,41756000
2006-08-28,90.092056274414062,130.42999267578125,130.82000732421875,129.63999938964844,129.64999389648438,52681500
2006-08-29,90.195693969726562,130.58000183105469,130.83000183105469,129.80999755859375,130.49000549316406,61817800
2006-08-30,90.250946044921875,130.66000366210938,131.03999328613281,130.55000305175781,130.8699951171875,50052200
2006-08-31,90.23712158203125,130.63999938964844,130.99000549316406,130.58000183105469,130.85000610351562,37510300
2006-09-01,90.775924682617188,131.41999816894531,131.58000183105469,130.83999633789062,131.13999938964844,48794500
2006-09-05,90.9486083984375,131.66999816894531,131.85000610351562,131.19999694824219,131.50999450683594,52348300
2006-09-06,90.147331237792969,130.50999450683594,131.16000366210938,130.33000183105469,131.11000061035156,53795600
2006-09-07,89.732933044433594,129.91000366210938,130.57000732421875,129.35000610351562,130.05999755859375,86269400
2006-09-08,89.988441467285156,130.27999877929688,130.46000671386719,129.83000183105469,130.08000183105469,45096300
2006-09-11,90.0782470703125,130.41000366210938,130.69000244140625,129.47999572753906,129.86000061035156,68496600
2006-09-12,90.962387084960938,131.69000244140625,131.83999633789062,130.3699951171875,130.55999755859375,69875600
2006-09-13,91.328536987304688,132.22000122070312,132.44999694824219,131.52000427246094,131.63999938964844,62898400
2006-09-14,91.335403442382812,132.22999572753906,132.24000549316406,131.75,131.96000671386719,57805400
2006-09-15,91.549774169921875,131.96000671386719,132.38999938964844,131.67999267578125,132.30999755859375,76703100
2006-09-18,91.674674987792969,132.13999938964844,132.38999938964844,131.64999389648438,131.78999328613281,64154100
2006-09-19,91.445671081542969,131.80999755859375,132.1300048828125,131.07000732421875,132.1199951171875,92089100
2006-09-20,91.931312561035156,132.50999450683594,132.77000427246094,132.05999755859375,132.25,75204100
2006-09-21,91.487342834472656,131.8699951171875,132.75,131.41999816894531,132.61000061035156,88932500
2006-09-22,91.209854125976562,131.47000122070312,131.67999267578125,131,131.66999816894531,65966800
2006-09-25,91.9105224609375,132.47999572753906,132.85000610351562,131.05000305175781,131.72999572753906,92299100
2006-09-26,92.6737060546875,133.58000183105469,133.60000610351562,132.39999389648438,132.5,73962700
2006-09-27,92.78466796875,133.74000549316406,133.97000122070312,133.27000427246094,133.49000549316406,82432200
2006-09-28,92.750007629394531,133.69000244140625,133.99000549316406,133.27999877929688,133.74000549316406,58597500
2006-09-29,92.6737060546875,133.58000183105469,133.94000244140625,133.47999572753906,133.80000305175781,47966600
2006-10-02,92.3267822265625,133.08000183105469,133.83000183105469,132.94999694824219,133.53999328613281,51687400
2006-10-03,92.521072387695312,133.36000061035156,133.8699951171875,132.64999389648438,132.88999938964844,73108100
2006-10-04,93.603309631347656,134.91999816894531,135,133.08000183105469,133.22999572753906,80890500
2006-10-05,93.783683776855469,135.17999267578125,135.41000366210938,134.75,134.91999816894531,60505900
2006-10-06,93.665740966796875,135.00999450683594,135.10000610351562,134.39999389648438,134.94999694824219,64983600
2006-10-09,93.721267700195312,135.08999633789062,135.30000305175781,134.63999938964844,134.85000610351562,41176800
2006-10-10,93.846138000488281,135.27000427246094,135.44999694824219,134.83999633789062,135.10000610351562,56403700
2006-10-11,93.735160827636719,135.11000061035156,135.42999267578125,134.30000305175781,134.83999633789062,104071800
2006-10-12,94.546859741210938,136.27999877929688,136.38999938964844,135.39999389648438,135.44999694824219,59158600
2006-10-13,94.789634704589844,136.6300048828125,136.71000671386719,136.03999328613281,136.16000366210938,53944000
2006-10-16,94.935401916503906,136.83999633789062,137.05000305175781,136.41999816894531,136.52000427246094,42273000
2006-10-17,94.637008666992188,136.41000366210938,136.69999694824219,135.66999816894531,136.47000122070312,90500600
2006-10-18,94.761924743652344,136.58999633789062,137.3699951171875,136.10000610351562,137.03999328613281,86848600
2006-10-19,94.914581298828125,136.80999755859375,136.8800048828125,136.22999572753906,136.38999938964844,64063200
2006-10-20,94.935401916503906,136.83999633789062,136.94999694824219,136.33000183105469,136.83999633789062,48094500
2006-10-23,95.372451782226562,137.47000122070312,137.80000305175781,136.38999938964844,136.55999755859375,66219900
2006-10-24,95.656875610351562,137.8800048828125,137.92999267578125,137.22000122070312,137.27999877929688,53234900
2006-10-25,95.982948303222656,138.35000610351562,138.41000366210938,137.50999450683594,137.74000549316406,78105400
2006-10-26,96.281295776367188,138.77999877929688,139,137.97999572753906,138.66000366210938,66843700
2006-10-27,95.677711486816406,137.91000366210938,138.75,137.6300048828125,138.61000061035156,80238000
2006-10-30,95.608314514160156,137.80999755859375,138.19999694824219,137.39999389648438,137.66000366210938,49717800
2006-10-31,95.594436645507812,137.78999328613281,138.25999450683594,137.25,138.07000732421875,71274100
2006-11-01,94.949211120605469,136.86000061035156,138.30999755859375,136.72000122070312,138.22000122070312,83005600
2006-11-02,94.893730163574219,136.77999877929688,137.00999450683594,136.36000061035156,136.50999450683594,60693100
2006-11-03,94.727256774902344,136.53999328613281,137.38999938964844,135.6199951171875,137.27000427246094,71346400
2006-11-06,95.795631408691406,138.08000183105469,138.27999877929688,136.94999694824219,136.96000671386719,63303300
2006-11-07,96.163314819335938,138.61000061035156,138.97999572753906,138,138.19999694824219,63318900
2006-11-08,96.371467590332031,138.91000366210938,139.05000305175781,136.86000061035156,138,87517800
2006-11-09,95.865043640136719,138.17999267578125,139.13999938964844,137.89999389648438,139.00999450683594,95916300
2006-11-10,95.906639099121094,138.24000549316406,138.33999633789062,137.72000122070312,138.13999938964844,48991500
2006-11-13,96.142486572265625,138.58000183105469,139.03999328613281,138.07000732421875,138.17999267578125,59398200
2006-11-14,96.864021301269531,139.6199951171875,139.74000549316406,138.1199951171875,138.97000122070312,96704000
2006-11-15,97.1416015625,140.02000427246094,140.44999694824219,139.52999877929688,139.57000732421875,76509600
2006-11-16,97.39129638671875,140.3800048828125,140.67999267578125,139.49000549316406,140.44000244140625,76728800
2006-11-17,97.419052124023438,140.41999816894531,140.42999267578125,139.72999572753906,139.92999267578125,56353800
2006-11-20,97.474533081054688,140.5,140.74000549316406,139.94000244140625,140.30000305175781,69174200
2006-11-21,97.571670532226562,140.63999938964844,140.66999816894531,140.28999328613281,140.49000549316406,51367900
2006-11-22,97.76593017578125,140.91999816894531,141.16000366210938,140.5,140.75,45505300
2006-11-24,97.370521545410156,140.35000610351562,140.83999633789062,140.19999694824219,140.24000549316406,30998000
2006-11-27,96.031501770019531,138.41999816894531,140.35000610351562,138.3800048828125,140.27999877929688,84545100
2006-11-28,96.447776794433594,139.02000427246094,139.16000366210938,138.11000061035156,138.24000549316406,106652900
2006-11-29,97.453742980957031,140.47000122070312,140.52999877929688,139.08000183105469,139.47000122070312,90034900
2006-11-30,97.495376586914062,140.52999877929688,141.05000305175781,139.75999450683594,140.44000244140625,83994300
2006-12-01,97.280288696289062,140.22000122070312,140.66000366210938,138.97000122070312,140.52999877929688,126080000
2006-12-04,98.022628784179688,141.28999328613281,141.55000305175781,140.22999572753906,140.25,87813200
2006-12-05,98.445831298828125,141.89999389648438,141.96000671386719,141.25999450683594,141.55999755859375,73374400
2006-12-06,98.362571716308594,141.77999877929688,142.07000732421875,141.5,141.8699951171875,53253200
2006-12-07,97.932411193847656,141.16000366210938,142.30000305175781,141.11000061035156,142.02999877929688,62857400
2006-12-08,98.112838745117188,141.41999816894531,141.89999389648438,140.77999877929688,141.1300048828125,79625500
2006-12-11,98.397239685058594,141.83000183105469,142.08999633789062,141.33999633789062,141.41999816894531,39779400
2006-12-12,98.320968627929688,141.72000122070312,141.8699951171875,140.88999938964844,141.69000244140625,77451600
2006-12-13,98.425048828125,141.8699951171875,142.33999633789062,141.55999755859375,142.22999572753906,55520200
2006-12-14,99.292213439941406,143.1199951171875,143.24000549316406,141.83999633789062,141.86000061035156,64755200
2006-12-15,99.301307678222656,142.33999633789062,142.88999938964844,142.24000549316406,142.63999938964844,70857400
2006-12-18,99.029220581054688,141.94999694824219,142.8800048828125,141.75,142.53999328613281,48954600
2006-12-19,99.217582702636719,142.22000122070312,142.55999755859375,141.19000244140625,141.55000305175781,65023600
2006-12-20,99.161796569824219,142.13999938964844,142.66000366210938,142.00999450683594,142.27999877929688,41469600
2006-12-21,98.799026489257812,141.6199951171875,142.42999267578125,141.32000732421875,142.27000427246094,48698400
2006-12-22,98.192070007324219,140.75,141.64999389648438,140.66999816894531,141.63999938964844,62069100
2006-12-26,98.771034240722656,141.58000183105469,141.61000061035156,140.77999877929688,140.80999755859375,32696900
2006-12-27,99.419868469238281,142.50999450683594,142.60000610351562,141.83000183105469,141.8699951171875,39727100
2006-12-28,99.210578918457031,142.21000671386719,142.69999694824219,141.99000549316406,142.41000366210938,37288800
2006-12-29,98.799026489257812,141.6199951171875,142.53999328613281,141.42999267578125,142.05999755859375,45461200
2007-01-03,98.624595642089844,141.3699951171875,142.86000061035156,140.57000732421875,142.25,94807600
2007-01-04,98.8338623046875,141.66999816894531,142.05000305175781,140.61000061035156,141.22999572753906,69620600
2007-01-05,98.045539855957031,140.53999328613281,141.39999389648438,140.3800048828125,141.33000183105469,76645300
2007-01-08,98.499008178710938,141.19000244140625,141.41000366210938,140.25,140.82000732421875,71655000
2007-01-09,98.415306091308594,141.07000732421875,141.60000610351562,140.39999389648438,141.30999755859375,75680100
2007-01-10,98.743194580078125,141.53999328613281,141.57000732421875,140.30000305175781,140.58000183105469,72428000
2007-01-11,99.175735473632812,142.16000366210938,142.6199951171875,141.5,141.58000183105469,54476800
2007-01-12,99.929191589355469,143.24000549316406,143.24000549316406,142.11000061035156,142.14999389648438,55370600
2007-01-16,99.73382568359375,142.96000671386719,143.44000244140625,142.72999572753906,143.07000732421875,44871300
2007-01-17,99.775688171386719,143.02000427246094,143.46000671386719,142.72999572753906,142.85000610351562,50241400
2007-01-18,99.440826416015625,142.53999328613281,143.25999450683594,142.30999755859375,143.16999816894531,68177300
2007-01-19,99.636199951171875,142.82000732421875,143.10000610351562,142.46000671386719,142.53999328613281,56973000
2007-01-22,99.329154968261719,142.3800048828125,143.10000610351562,141.92999267578125,143.07000732421875,60253600
2007-01-23,99.622207641601562,142.80000305175781,143.08000183105469,142.05999755859375,142.25999450683594,54064400
2007-01-24,100.42446136474609,143.94999694824219,143.97999572753906,142.91000366210938,142.97000122070312,55834700
2007-01-25,99.245475769042969,142.25999450683594,143.91999816894531,142.00999450683594,143.86000061035156,73583800
2007-01-26,99.154823303222656,142.1300048828125,142.64999389648438,141.58000183105469,142.57000732421875,67255600
2007-01-29,99.098960876464844,142.05000305175781,142.80000305175781,141.74000549316406,142.19000244140625,66114600
2007-01-30,99.615257263183594,142.78999328613281,142.86000061035156,142.05999755859375,142.35000610351562,70407600
2007-01-31,100.28498077392578,143.75,144.1300048828125,142.39999389648438,142.6300048828125,91868600
2007-02-01,100.88496398925781,144.61000061035156,144.66000366210938,143.91000366210938,144.14999389648438,69312400
2007-02-02,101.02445983886719,144.80999755859375,144.94999694824219,144.3800048828125,144.72999572753906,49607000
2007-02-05,101.05234527587891,144.85000610351562,144.94000244140625,144.33999633789062,144.69999694824219,45705300
2007-02-06,101.08027648925781,144.88999938964844,145.02999877929688,144.33000183105469,144.97000122070312,57081300
2007-02-07,101.30351257324219,145.21000671386719,145.36000061035156,144.57000732421875,145.1199951171875,55669700
2007-02-08,101.17094421386719,145.02000427246094,145.1199951171875,144.27000427246094,144.77999877929688,70641000
2007-02-09,100.41751098632812,143.94000244140625,145.33000183105469,143.38999938964844,145.05999755859375,79084400
2007-02-12,100.07566833496094,143.44999694824219,144.03999328613281,143.19000244140625,143.94000244140625,65657000
2007-02-13,100.91980743408203,144.66000366210938,144.89999389648438,143.75999450683594,143.77000427246094,64081800
2007-02-14,101.58255004882812,145.61000061035156,145.89999389648438,144.77999877929688,144.80000305175781,66039400
2007-02-15,101.71511077880859,145.80000305175781,145.94999694824219,145.42999267578125,145.66999816894531,38715200
2007-02-16,101.66628265380859,145.72999572753906,145.75999450683594,145.22999572753906,145.44000244140625,39841800
2007-02-20,101.88257598876953,146.03999328613281,146.19999694824219,145,145.55999755859375,56911800
2007-02-21,101.84069061279297,145.97999572753906,146.07000732421875,145.35000610351562,145.61000061035156,63971600
2007-02-22,101.76394653320312,145.8699951171875,146.41999816894531,145.16999816894531,146.05000305175781,79067400
2007-02-23,101.36630249023438,145.30000305175781,145.78999328613281,145.02999877929688,145.74000549316406,71966200
2007-02-26,101.27558898925781,145.16999816894531,145.94999694824219,144.75,145.83000183105469,69192800
2007-02-27,97.319992065429688,139.5,144.19999694824219,139,143.8800048828125,274466500
2007-02-28,98.317596435546875,140.92999267578125,141.97999572753906,139.80000305175781,140.38999938964844,177536300
2007-03-01,98.024604797363281,140.50999450683594,141.25,138.05000305175781,139.33999633789062,212828600
2007-03-02,96.740989685058594,138.66999816894531,140.66000366210938,138.66000366210938,140.05000305175781,162574000
2007-03-05,95.820106506347656,137.35000610351562,139.58000183105469,137.33000183105469,137.92999267578125,143750400
2007-03-06,97.45953369140625,139.69999694824219,140.1199951171875,137.72000122070312,138.77999877929688,143333300
2007-03-07,97.361892700195312,139.55999755859375,140.46000671386719,139.39999389648438,139.58999633789062,115144900
2007-03-08,98.18505859375,140.74000549316406,141.16000366210938,140.07000732421875,140.53999328613281,117891600
2007-03-09,98.212982177734375,140.77999877929688,141.41999816894531,140.08000183105469,141.30999755859375,107765100
2007-03-12,98.359474182128906,140.99000549316406,141.33999633789062,140.16000366210938,140.41999816894531,80366900
2007-03-13,96.447952270507812,138.25,140.77000427246094,138.03999328613281,140.17999267578125,190605200
2007-03-14,97.166526794433594,139.27999877929688,139.36000061035156,136.75,138.42999267578125,231853800
2007-03-15,97.299079895019531,139.47000122070312,139.99000549316406,138.80000305175781,138.97000122070312,132435900
2007-03-16,97.026641845703125,138.52999877929688,139.6300048828125,138.1199951171875,139.30999755859375,121531600
2007-03-19,98.196311950683594,140.19999694824219,140.33000183105469,139.14999389648438,139.25999450683594,96161200
2007-03-20,98.735626220703125,140.97000122070312,141.05000305175781,139.96000671386719,140.08000183105469,82147400
2007-03-21,100.36053466796875,143.28999328613281,143.64999389648438,140.82000732421875,141.10000610351562,152368700
2007-03-22,100.28347778320312,143.17999267578125,143.67999267578125,142.78999328613281,143.47999572753906,118942200
2007-03-23,100.43055725097656,143.38999938964844,143.80999755859375,143.14999389648438,143.27999877929688,74416800
2007-03-26,100.29747772216797,143.19999694824219,143.64999389648438,142.08999633789062,143.5,113787500
2007-03-27,100.05937194824219,142.86000061035156,143.16000366210938,142.38999938964844,143.1199951171875,99864600
2007-03-28,99.330978393554688,141.82000732421875,142.47000122070312,141.25999450683594,142.13999938964844,152907900
2007-03-29,99.435997009277344,141.97000122070312,142.61000061035156,141.19000244140625,142.53999328613281,139432700
2007-03-30,99.457023620605469,142,142.83999633789062,140.55999755859375,142.24000549316406,128194100
2007-04-02,99.569091796875,142.16000366210938,142.46000671386719,141.47999572753906,142.16000366210938,79416400
2007-04-03,100.64067840576172,143.69000244140625,143.97999572753906,142.91000366210938,142.97000122070312,82417800
2007-04-04,100.75276947021484,143.85000610351562,143.94999694824219,143.16000366210938,143.69000244140625,63995200
2007-04-05,101.02592468261719,144.24000549316406,144.44000244140625,143.61000061035156,143.66999816894531,46822800
2007-04-09,101.16600036621094,144.44000244140625,144.80000305175781,144.14999389648438,144.64999389648438,50967400
2007-04-10,101.28507995605469,144.61000061035156,144.85000610351562,144.27000427246094,144.33000183105469,56620000
2007-04-11,100.87184906005859,144.02000427246094,144.86000061035156,143.53999328613281,144.82000732421875,106365700
2007-04-12,101.32009124755859,144.66000366210938,144.91999816894531,143.33999633789062,143.74000549316406,115534400
2007-04-13,101.78237152099609,145.32000732421875,145.32000732421875,144.36000061035156,144.89999389648438,84287000
2007-04-16,102.74888610839844,146.69999694824219,146.86000061035156,145.82000732421875,145.83000183105469,83064600
2007-04-17,103.02204132080078,147.08999633789062,147.39999389648438,146.64999389648438,146.97000122070312,108424100
2007-04-18,103.14813995361328,147.27000427246094,147.69999694824219,146.57000732421875,146.60000610351562,88345300
2007-04-19,103.12008666992188,147.22999572753906,147.39999389648438,146.36000061035156,146.55000305175781,102947700
2007-04-20,104.09368133544922,148.6199951171875,148.6199951171875,147.03999328613281,148.22000122070312,124114100
2007-04-23,103.70145416259766,148.05999755859375,148.72999572753906,147.97000122070312,148.3699951171875,77270800
2007-04-24,103.74344635009766,148.1199951171875,148.39999389648438,147.32000732421875,148.22999572753906,114471000
2007-04-25,104.69603729248047,149.47999572753906,149.66000366210938,148.02000427246094,148.72999572753906,108418800
2007-04-26,104.81509399414062,149.64999389648438,149.80000305175781,149.10000610351562,149.49000549316406,88741600
2007-04-27,104.73101806640625,149.52999877929688,149.74000549316406,148.83999633789062,149.08999633789062,108191100
2007-04-30,103.86251068115234,148.28999328613281,149.74000549316406,148.21000671386719,149.63999938964844,100874100
2007-05-01,104.12870025634766,148.66999816894531,149.47000122070312,147.66999816894531,148.41999816894531,134342700
2007-05-02,104.73805999755859,149.53999328613281,149.94999694824219,148.75,148.89999389648438,87129800
2007-05-03,105.30539703369141,150.35000610351562,150.39999389648438,149.72999572753906,149.97000122070312,86569700
2007-05-04,105.70462036132812,150.91999816894531,151.1199951171875,150.22000122070312,150.75,96409000
2007-05-07,105.72560119628906,150.94999694824219,151.19999694824219,150.80999755859375,150.8800048828125,63461400
2007-05-08,105.58553314208984,150.75,150.91999816894531,150.1300048828125,150.58000183105469,80584000
2007-05-09,105.87273406982422,151.16000366210938,152.82000732421875,150.3699951171875,150.63999938964844,102070100
2007-05-10,104.76606750488281,149.58000183105469,151.02000427246094,149.27000427246094,150.72999572753906,153617800
2007-05-11,105.66255950927734,150.86000061035156,150.92999267578125,149.72000122070312,149.75,113408900
2007-05-14,105.43146514892578,150.52999877929688,151.30000305175781,149.78999328613281,150.86000061035156,108027500
2007-05-15,105.45943450927734,150.57000732421875,151.66000366210938,150.19000244140625,150.69999694824219,180673300
2007-05-16,106.180908203125,151.60000610351562,151.6300048828125,150.3800048828125,150.80000305175781,114166500
2007-05-17,105.97074127197266,151.30000305175781,151.96000671386719,151.11000061035156,151.3800048828125,101132800
2007-05-18,106.895263671875,152.6199951171875,152.6199951171875,151.80999755859375,152.00999450683594,99182000
2007-05-21,106.83921813964844,152.53999328613281,153.22999572753906,152.5,152.58000183105469,174664600
2007-05-22,106.75515747070312,152.41999816894531,153.16000366210938,152.3800048828125,152.69999694824219,82148800
2007-05-23,106.76920318603516,152.44000244140625,153.5,152.36000061035156,152.94999694824219,133786600
2007-05-24,105.80267333984375,151.05999755859375,153.21000671386719,150.74000549316406,152.52999877929688,187593000
2007-05-25,106.24394989013672,151.69000244140625,152.02000427246094,151.17999267578125,151.5,83309200
2007-05-29,106.62915802001953,152.24000549316406,152.5,151.44999694824219,151.94000244140625,82020000
2007-05-30,107.49758911132812,153.47999572753906,153.53999328613281,151.33999633789062,151.46000671386719,129013600
2007-05-31,107.38560485839844,153.32000732421875,153.88999938964844,153.1199951171875,153.66999816894531,114866700
2007-06-01,107.91790008544922,154.08000183105469,154.39999389648438,153.50999450683594,153.8800048828125,107771700
2007-06-04,107.93187713623047,154.10000610351562,154.38999938964844,153.47999572753906,153.53999328613281,78008800
2007-06-05,107.504638671875,153.49000549316406,153.89999389648438,152.86000061035156,153.74000549316406,126917900
2007-06-06,106.34896087646484,151.83999633789062,152.94999694824219,151.75,152.86000061035156,164096800
2007-06-07,104.42987823486328,149.10000610351562,152.5,149.05999755859375,151.55999755859375,232414600
2007-06-08,105.78865814208984,151.03999328613281,151.19000244140625,149.08999633789062,149.58000183105469,175886000
2007-06-11,105.97074127197266,151.30000305175781,151.94999694824219,150.69999694824219,150.92999267578125,102015600
2007-06-12,104.81509399414062,149.64999389648438,151.53999328613281,149.55000305175781,150.66999816894531,233898000
2007-06-13,106.38400268554688,151.88999938964844,152.07000732421875,149.72000122070312,150.5,193208200
2007-06-14,107.06338500976562,152.86000061035156,153.1199951171875,152.02999877929688,152.05999755859375,146396500
2007-06-15,107.67254638671875,153.07000732421875,153.66000366210938,152.92999267578125,153.13999938964844,154030800
2007-06-18,107.54592132568359,152.88999938964844,153.38999938964844,152.66000366210938,153.3800048828125,88537500
2007-06-19,107.813232421875,153.27000427246094,153.3800048828125,152.36000061035156,152.55000305175781,110851700
2007-06-20,106.31494140625,151.13999938964844,153.58000183105469,150.96000671386719,153.58000183105469,177119700
2007-06-21,106.90580749511719,151.97999572753906,152.11000061035156,150.25,151.08000183105469,205262000
2007-06-22,105.89994812011719,150.55000305175781,151.77000427246094,149.85000610351562,151.52000427246094,204964700
2007-06-25,105.39350128173828,149.83000183105469,151.25,149.02000427246094,150.24000549316406,232014400
2007-06-26,104.31017303466797,148.28999328613281,150.46000671386719,148.27999877929688,150.21000671386719,198445700
2007-06-27,105.79446411132812,150.39999389648438,150.57000732421875,148.05999755859375,148.1300048828125,213638000
2007-06-28,105.78035736083984,150.3800048828125,151.41000366210938,149.66999816894531,150.3800048828125,157705000
2007-06-29,105.81552886962891,150.42999267578125,151.64999389648438,149.14999389648438,150.89999389648438,199701800
2007-07-02,106.77214813232422,151.78999328613281,151.91999816894531,150.77000427246094,150.8699951171875,103357000
2007-07-03,107.15907287597656,152.33999633789062,152.5,151.99000549316406,152.17999267578125,54048400
2007-07-05,107.04648590087891,152.17999267578125,152.55999755859375,151.6300048828125,152.39999389648438,89279000
2007-07-06,107.60923004150391,152.97999572753906,153.16999816894531,151.92999267578125,152.3800048828125,81109000
2007-07-09,107.69365692138672,153.10000610351562,153.36000061035156,152.6199951171875,153.16000366210938,72348100
2007-07-10,106.16020965576172,150.91999816894531,152.61000061035156,150.77000427246094,152.28999328613281,180362600
2007-07-11,106.91283416748047,151.99000549316406,152.05000305175781,150.52000427246094,150.75,175607600
2007-07-12,108.60105133056641,154.38999938964844,154.75,152.33999633789062,152.3699951171875,133882500
2007-07-13,108.92462158203125,154.85000610351562,155.46000671386719,154.38999938964844,154.57000732421875,111794300
2007-07-16,108.91058349609375,154.83000183105469,155.52999877929688,154.58000183105469,154.99000549316406,98378700
2007-07-17,108.85430908203125,154.75,155.47999572753906,154.67999267578125,154.92999267578125,126201300
2007-07-18,108.65729522705078,154.47000122070312,154.80000305175781,153.30000305175781,154.22999572753906,237887400
2007-07-19,109.07944488525391,155.07000732421875,155.52999877929688,154.75,155.19999694824219,145212700
2007-07-20,107.97506713867188,153.5,154.99000549316406,152.83000183105469,154.88999938964844,245502500
2007-07-23,108.30561828613281,153.97000122070312,154.72000122070312,153.30000305175781,154.17999267578125,121183900
2007-07-24,106.42745971679688,151.30000305175781,154.27999877929688,150.75999450683594,153.1199951171875,256732400
2007-07-25,106.64551544189453,151.61000061035156,152.38999938964844,150.25,152.02000427246094,265214500
2007-07-26,104.12028503417969,148.02000427246094,150.80000305175781,146.38999938964844,150.19000244140625,467592500
2007-07-27,102.07332611083984,145.11000061035156,148.8699951171875,145.05000305175781,148.21000671386719,422987600
2007-07-30,103.67007446289062,147.3800048828125,147.80999755859375,145.28999328613281,145.92999267578125,283017500
2007-07-31,102.50244140625,145.72000122070312,149.46000671386719,145.03999328613281,148.33000183105469,316976700
2007-08-01,103.00183868408203,146.42999267578125,147.00999450683594,143.94999694824219,145.17999267578125,467670000
2007-08-02,103.82486724853516,147.60000610351562,147.75999450683594,145.25999450683594,146.75999450683594,294758400
2007-08-03,101.15181732177734,143.80000305175781,147.58000183105469,143.19999694824219,147.27999877929688,359398200
2007-08-06,102.84706878662109,146.21000671386719,146.83000183105469,142.52999877929688,144.21000671386719,324980000
2007-08-07,103.94440460205078,147.77000427246094,149,145.22999572753906,145.94000244140625,232568700
2007-08-08,105.39350128173828,149.83000183105469,150.58999633789062,147.33999633789062,148.41000366210938,274930600
2007-08-09,102.27029418945312,145.38999938964844,148.94999694824219,145.28999328613281,147.42999267578125,357622100
2007-08-10,101.79195404052734,144.71000671386719,146.5,143.1199951171875,144.38999938964844,411018400
2007-08-13,102.15773773193359,145.22999572753906,146.88999938964844,145.02000427246094,146.5,181917200
2007-08-14,100.59614562988281,143.00999450683594,146.05999755859375,142.72000122070312,145.69999694824219,264134500
2007-08-15,99.21038818359375,141.03999328613281,144.46000671386719,140.6199951171875,142.72000122070312,323834000
2007-08-16,99.956047058105469,142.10000610351562,142.94000244140625,137,139.78999328613281,546743700
2007-08-17,101.79195404052734,144.71000671386719,145.80999755859375,141.38999938964844,145.5,388218100
2007-08-20,101.74272155761719,144.63999938964844,145.47000122070312,143.28999328613281,145.16999816894531,187320400
2007-08-21,101.94670867919922,144.92999267578125,145.97000122070312,144.13999938964844,144.60000610351562,157066400
2007-08-22,103.15659332275391,146.64999389648438,146.80000305175781,145.33000183105469,146.00999450683594,173156700
2007-08-23,103.06514739990234,146.52000427246094,147.64999389648438,145.61000061035156,147.33999633789062,203915300
2007-08-24,104.33835601806641,148.33000183105469,148.33000183105469,146.27999877929688,146.47999572753906,128901900
2007-08-27,103.36756134033203,146.94999694824219,148.33000183105469,146.72999572753906,147.85000610351562,113024300
2007-08-28,101.0955810546875,143.72000122070312,146.25,143.46000671386719,146.16000366210938,219790700
2007-08-29,103.07918548583984,146.53999328613281,146.74000549316406,143.96000671386719,144.3699951171875,207654200
2007-08-30,102.80485534667969,146.14999389648438,147.19000244140625,145.30999755859375,145.44999694824219,191817300
2007-08-31,103.81782531738281,147.58999633789062,148.5,146.83000183105469,147.64999389648438,185477500
2007-09-04,104.86590576171875,149.08000183105469,149.97999572753906,147.39999389648438,147.44999694824219,120062000
2007-09-05,103.95854187011719,147.78999328613281,148.36000061035156,147,148.19999694824219,166261800
2007-09-06,104.1976318359375,148.1300048828125,148.61000061035156,147.1199951171875,147.94999694824219,127878400
2007-09-07,102.74858093261719,146.07000732421875,146.88999938964844,145.25999450683594,146.47999572753906,235447600
2007-09-10,102.55162048339844,145.78999328613281,146.72000122070312,144.33000183105469,146.52000427246094,192305900
2007-09-11,103.74746704101562,147.49000549316406,147.69999694824219,146.1300048828125,146.24000549316406,162081900
2007-09-12,104.0147705078125,147.8699951171875,148.44000244140625,146.97999572753906,147.28999328613281,149554600
2007-09-13,104.746337890625,148.91000366210938,149.44999694824219,148.19999694824219,148.55000305175781,154079000
2007-09-14,104.73927307128906,148.89999389648438,149.08999633789062,147.74000549316406,147.96000671386719,121911000
2007-09-17,104.176513671875,148.10000610351562,148.64999389648438,147.6300048828125,148.30999755859375,109870800
2007-09-18,107.24346923828125,152.46000671386719,152.5,148.1300048828125,148.83000183105469,263759500
2007-09-19,107.87653350830078,153.36000061035156,154.38999938964844,152.71000671386719,153.41000366210938,193779900
2007-09-20,107.11686706542969,152.27999877929688,153.42999267578125,152.11000061035156,153.33999633789062,175186800
2007-09-21,107.40592193603516,151.97000122070312,153.1199951171875,151.74000549316406,152.71000671386719,141457500
2007-09-24,107.20804595947266,151.69000244140625,152.82000732421875,151.36000061035156,152.41999816894531,139450200
2007-09-25,106.99593353271484,151.38999938964844,151.66000366210938,150.47000122070312,150.80999755859375,142289900
2007-09-26,107.56140899658203,152.19000244140625,152.77000427246094,151.38999938964844,152.25,135547000
2007-09-27,108.19748687744141,153.08999633789062,153.10000610351562,152.19000244140625,152.91000366210938,102713300
2007-09-28,107.83705902099609,152.58000183105469,153.19000244140625,151.97999572753906,152.85000610351562,133372100
2007-10-01,109.05265808105469,154.30000305175781,154.75,152.5,152.60000610351562,148162300
2007-10-02,108.90422821044922,154.08999633789062,154.64999389648438,153.80999755859375,154.61000061035156,112978800
2007-10-03,108.68515777587891,153.77999877929688,154.41000366210938,153.00999450683594,153.80999755859375,119055900
2007-10-04,108.85476684570312,154.02000427246094,154.25999450683594,153.58999633789062,154.11000061035156,76864400
2007-10-05,110.14818572998047,155.85000610351562,156.10000610351562,154.6300048828125,155.02999877929688,134579700
2007-10-08,109.56156921386719,155.02000427246094,155.49000549316406,154.77000427246094,155.38999938964844,71280400
2007-10-09,110.59342193603516,156.47999572753906,156.5,155.02999877929688,155.60000610351562,94054300
2007-10-10,110.40957641601562,156.22000122070312,156.44000244140625,155.41000366210938,156.03999328613281,101711100
2007-10-11,109.87958526611328,155.47000122070312,157.52000427246094,154.53999328613281,156.92999267578125,233529100
2007-10-12,110.48740386962891,156.33000183105469,156.35000610351562,155.27000427246094,155.46000671386719,124546700
2007-10-15,109.55447387695312,155.00999450683594,156.36000061035156,153.94000244140625,156.27000427246094,161151900
2007-10-16,108.68515777587891,153.77999877929688,154.52000427246094,153.47000122070312,154.41000366210938,166525700
2007-10-17,109.01727294921875,154.25,155.08999633789062,152.47000122070312,154.97999572753906,216687300
2007-10-18,108.62157440185547,153.69000244140625,154.19000244140625,153.08000183105469,153.44999694824219,148367500
2007-10-19,105.78040313720703,149.66999816894531,156.47999572753906,149.66000366210938,153.08999633789062,297169900
2007-10-22,106.39525604248047,150.53999328613281,150.75999450683594,148.66000366210938,148.86000061035156,261989800
2007-10-23,107.25746917724609,151.75999450683594,151.94999694824219,150.25,151.46000671386719,180085100
2007-10-24,107.0595703125,151.47999572753906,151.74000549316406,148.83999633789062,151.21000671386719,326694200
2007-10-25,107.31402587890625,151.83999633789062,152.28999328613281,149.8800048828125,151.64999389648438,237374500
2007-10-26,108.57211303710938,153.6199951171875,153.6199951171875,151.89999389648438,153.05999755859375,176484000
2007-10-29,108.93255615234375,154.1300048828125,154.44000244140625,153.55000305175781,153.92999267578125,106841000
2007-10-30,108.17624664306641,153.05999755859375,153.75,152.8699951171875,153.44999694824219,132981600
2007-10-31,109.30001068115234,154.64999389648438,155.27000427246094,152.83999633789062,153.97999572753906,220954400
2007-11-01,106.74153900146484,151.02999877929688,153.41000366210938,150.58999633789062,153.28999328613281,333040800
2007-11-02,106.86174011230469,151.19999694824219,152,149.21000671386719,151.52999877929688,331228200
2007-11-05,106.04890441894531,150.05000305175781,151.16000366210938,148.97000122070312,149.63999938964844,226841000
2007-11-06,107.47657012939453,152.07000732421875,152.11000061035156,149.89999389648438,150.86000061035156,177800500
2007-11-07,104.53648376464844,147.91000366210938,151.1300048828125,147.55000305175781,150.44000244140625,306639700
2007-11-08,104.00641632080078,147.16000366210938,148.39999389648438,145.07000732421875,147.99000549316406,374509900
2007-11-09,102.57876586914062,145.13999938964844,147.53999328613281,144.88999938964844,145.69000244140625,277745100
2007-11-12,101.56099700927734,143.69999694824219,146.61000061035156,143.69999694824219,145.21000671386719,243087800
2007-11-13,104.65662384033203,148.08000183105469,148.30999755859375,145.22000122070312,145.3699951171875,191117400
2007-11-14,104.36688995361328,147.66999816894531,149.39999389648438,146.77999877929688,149.22000122070312,230558800
2007-11-15,102.86149597167969,145.53999328613281,147.49000549316406,144.52000427246094,146.57000732421875,263111100
2007-11-16,103.03813171386719,145.78999328613281,146.47000122070312,144.57000732421875,146.30999755859375,308770600
2007-11-19,101.60341644287109,143.75999450683594,145.36000061035156,143.19000244140625,145.27999877929688,267746000
2007-11-20,102.22539520263672,144.63999938964844,145.52999877929688,142.11000061035156,144.02000427246094,414767500
2007-11-21,100.13337707519531,141.67999267578125,143.91000366210938,141.66999816894531,143.08000183105469,259012400
2007-11-23,101.86492919921875,144.1300048828125,144.33999633789062,142.69999694824219,143.07000732421875,77688400
2007-11-26,99.617469787597656,140.94999694824219,144.8800048828125,140.66000366210938,144.42999267578125,214232000
2007-11-27,100.76235198974609,142.57000732421875,143.22999572753906,140.94999694824219,141.74000549316406,293897900
2007-11-28,103.98520660400391,147.1300048828125,147.47000122070312,144.13999938964844,144.19000244140625,258596900
2007-11-29,104.02054595947266,147.17999267578125,147.72000122070312,146.10000610351562,146.6199951171875,199409900
2007-11-30,105.0665283203125,148.66000366210938,149.8699951171875,147.33000183105469,149.03999328613281,222908000
2007-12-03,104.37390899658203,147.67999267578125,148.44999694824219,147.28999328613281,148.19000244140625,146430400
2007-12-04,103.44101715087891,146.36000061035156,147.53999328613281,146.30999755859375,146.66000366210938,136533900
2007-12-05,105.17257690429688,148.80999755859375,149.19999694824219,147.83000183105469,147.92999267578125,171130000
2007-12-06,106.67796325683594,150.94000244140625,151.21000671386719,148.57000732421875,148.6300048828125,154457400
2007-12-07,106.65679168701172,150.91000366210938,151.5,150.55000305175781,151.41999816894531,148980100
2007-12-10,107.48367309570312,152.08000183105469,152.25,150.86000061035156,151.27999877929688,123914300
2007-12-11,104.53648376464844,147.91000366210938,152.88999938964844,147.83000183105469,152.13999938964844,250346400
2007-12-12,105.56835174560547,149.3699951171875,151.77000427246094,147.19999694824219,151.05999755859375,322435600
2007-12-13,105.34923553466797,149.05999755859375,149.38999938964844,147.30000305175781,148.32000732421875,237551300
2007-12-14,104.01353454589844,147.16999816894531,149.10000610351562,147.10000610351562,147.92999267578125,159152900
2007-12-17,102.52930450439453,145.07000732421875,146.8699951171875,144.86000061035156,146.61000061035156,177269400
2007-12-18,103.10176849365234,145.8800048828125,146.47999572753906,143.96000671386719,146.10000610351562,245569300
2007-12-19,103.10176849365234,145.8800048828125,146.88999938964844,144.94000244140625,145.94000244140625,198917200
2007-12-20,103.75194549560547,146.80000305175781,146.86000061035156,145.17999267578125,146.83999633789062,214813800
2007-12-21,105.24757385253906,148.1300048828125,148.41999816894531,147.08999633789062,147.3699951171875,146084400
2007-12-24,106.02915954589844,149.22999572753906,149.47999572753906,148.47999572753906,148.82000732421875,45601400
2007-12-26,106.25651550292969,149.55000305175781,149.67999267578125,148.5,148.64999389648438,67093100
2007-12-27,104.92079925537109,147.66999816894531,149.02999877929688,147.32000732421875,149.02000427246094,122981700
2007-12-28,104.65781402587891,147.30000305175781,148.61000061035156,146.89999389648438,148.53999328613281,116398100
2007-12-31,103.88340759277344,146.21000671386719,147.61000061035156,146.05999755859375,147.10000610351562,108126800
2008-01-02,102.97399139404297,144.92999267578125,146.99000549316406,143.8800048828125,146.52999877929688,204935600
2008-01-03,102.92424011230469,144.86000061035156,145.49000549316406,144.07000732421875,144.91000366210938,125133300
2008-01-04,100.40193939208984,141.30999755859375,143.44000244140625,140.91000366210938,143.33999633789062,232330900
2008-01-07,100.31665802001953,141.19000244140625,142.22999572753906,140.10000610351562,141.80999755859375,234991000
2008-01-08,98.696708679199219,138.91000366210938,142.89999389648438,138.44000244140625,142.08000183105469,326365700
2008-01-09,99.734077453613281,140.3699951171875,140.78999328613281,137.69999694824219,139.08999633789062,301824900
2008-01-10,100.38773345947266,141.28999328613281,142.80000305175781,139.3699951171875,139.67999267578125,335701200
2008-01-11,99.577735900878906,140.14999389648438,141.89999389648438,139,140.77999877929688,267076600
2008-01-14,100.38063049316406,141.27999877929688,141.86000061035156,140.39999389648438,141.16000366210938,170365500
2008-01-15,98.170928955078125,138.16999816894531,141.49000549316406,137.89999389648438,139.78999328613281,239940100
2008-01-16,97.325416564941406,136.97999572753906,139.1199951171875,136.27999877929688,137.36000061035156,378802600
2008-01-17,94.803123474121094,133.42999267578125,137.8800048828125,132.92999267578125,137.80999755859375,397892600
2008-01-18,93.829750061035156,132.05999755859375,135.02000427246094,131.10000610351562,134.74000549316406,348561500
2008-01-22,92.877632141113281,130.72000122070312,132.42999267578125,126,127.20999908447266,435923700
2008-01-23,95.108657836914062,133.86000061035156,134.19000244140625,126.83999633789062,127.08999633789062,511913000
2008-01-24,95.911514282226562,134.99000549316406,135.46000671386719,133.30999755859375,134.47999572753906,259949300
2008-01-25,94.5260009765625,133.03999328613281,136.75999450683594,132.60000610351562,136.50999450683594,269603900
2008-01-28,96.089157104492188,135.24000549316406,135.52000427246094,132.05999755859375,133.25999450683594,217934600
2008-01-29,96.565200805664062,135.91000366210938,136.44999694824219,134.8800048828125,136.10000610351562,168968300
2008-01-30,95.854690551757812,134.91000366210938,138.53999328613281,134.60000610351562,135.58000183105469,334939200
2008-01-31,97.602531433105469,137.3699951171875,138.53999328613281,133.19999694824219,133.39999389648438,343680800
2008-02-01,99.172782897949219,139.58000183105469,139.61000061035156,137.52000427246094,137.94000244140625,206843600
2008-02-04,97.922264099121094,137.82000732421875,139.30000305175781,137.63999938964844,139.21000671386719,124694300
2008-02-05,95.300498962402344,134.1300048828125,136.25,133.66999816894531,135.94000244140625,286882500
2008-02-06,94.533126831054688,133.05000305175781,135.25,132.41000366210938,134.58000183105469,250792900
2008-02-07,95.158355712890625,133.92999267578125,134.78999328613281,131.72999572753906,131.80000305175781,297368100
2008-02-08,94.547340393066406,133.07000732421875,134.22000122070312,132.10000610351562,133.08999633789062,221643500
2008-02-11,95.030502319335938,133.75,134.22999572753906,132.03999328613281,133.10000610351562,188576300
2008-02-12,95.911514282226562,134.99000549316406,136.30999755859375,133.97999572753906,134.91000366210938,256654400
2008-02-13,96.892013549804688,136.3699951171875,137.05999755859375,135.13999938964844,136.00999450683594,181967800
2008-02-14,96.039405822753906,135.16999816894531,137,134.78999328613281,136.94999694824219,215207200
2008-02-15,96.018096923828125,135.13999938964844,135.22000122070312,133.91000366210938,134.5,154110300
2008-02-19,96.288108825683594,135.52000427246094,136.88999938964844,134.61000061035156,136.72000122070312,145190000
2008-02-20,96.572257995605469,135.91999816894531,136.55000305175781,133.75999450683594,133.99000549316406,220085700
2008-02-21,95.769401550292969,134.78999328613281,137.00999450683594,134.07000732421875,136.66000366210938,201051200
2008-02-22,96.359146118164062,135.6199951171875,135.85000610351562,132.86000061035156,134.97000122070312,205491000
2008-02-25,97.574104309082031,137.33000183105469,137.64999389648438,134.77999877929688,135.53999328613281,190107000
2008-02-26,98.305946350097656,138.36000061035156,138.94999694824219,136.5,136.75,212420700
2008-02-27,98.206466674804688,138.22000122070312,139.13999938964844,137.41000366210938,137.55999755859375,168395800
2008-02-28,97.247291564941406,136.8699951171875,137.96000671386719,136.55000305175781,137.24000549316406,170831100
2008-02-29,95.080238342285156,133.82000732421875,135.67999267578125,132.77999877929688,135.60000610351562,252715200
2008-03-03,94.852836608886719,133.5,133.80999755859375,132.24000549316406,133.13999938964844,189483500
2008-03-04,94.490524291992188,132.99000549316406,133.39999389648438,130.99000549316406,132.22999572753906,282513100
2008-03-05,95.087326049804688,133.83000183105469,134.77000427246094,132.33999633789062,133.41999816894531,270681400
2008-03-06,93.119216918945312,131.05999755859375,133.22000122070312,130.55000305175781,132.97999572753906,247911700
2008-03-07,92.160049438476562,129.71000671386719,131.74000549316406,128.58000183105469,129.77000427246094,326434600
2008-03-10,90.945106506347656,128,129.92999267578125,127.58999633789062,129.83999633789062,235683600
2008-03-11,94.21343994140625,132.60000610351562,132.72000122070312,128.94999694824219,130.72000122070312,341440600
2008-03-12,93.332374572753906,131.36000061035156,133.77000427246094,131.16000366210938,132.74000549316406,229161100
2008-03-13,93.538421630859375,131.64999389648438,132.63999938964844,128.60000610351562,129.61000061035156,351504200
2008-03-14,92.089012145996094,129.61000061035156,132.80999755859375,127.77999877929688,132.77000427246094,484687800
2008-03-17,91.158187866210938,128.30000305175781,129.25999450683594,126.06999969482422,126.56999969482422,405311100
2008-03-18,94.945243835449219,133.6300048828125,133.69000244140625,129.97999572753906,130.6199951171875,334416600
2008-03-19,92.593452453613281,130.32000732421875,134.64999389648438,130.03999328613281,134.13999938964844,345971600
2008-03-20,94.308525085449219,132.08000183105469,132.91000366210938,129.25999450683594,130.05000305175781,245320700
2008-03-24,96.193580627441406,134.72000122070312,135.80999755859375,133.24000549316406,133.30999755859375,208977300
2008-03-25,96.286415100097656,134.85000610351562,135.55000305175781,133.77000427246094,134.86000061035156,192947200
2008-03-26,95.108268737792969,133.19999694824219,135.08999633789062,133.11000061035156,134.46000671386719,196934300
2008-03-27,94.808364868164062,132.77999877929688,134.44000244140625,132.36000061035156,134.19999694824219,225153200
2008-03-28,93.901512145996094,131.50999450683594,133.36000061035156,131.05999755859375,132.99000549316406,180896100
2008-03-31,94.230010986328125,131.97000122070312,132.72999572753906,131.08999633789062,131.28999328613281,166692100
2008-04-01,97.543045043945312,136.61000061035156,136.83999633789062,133.50999450683594,133.61000061035156,254547300
2008-04-02,97.607337951660156,136.69999694824219,137.66999816894531,135.97999572753906,137.05000305175781,210910800
2008-04-03,97.85009765625,137.03999328613281,137.44000244140625,135.71000671386719,135.96000671386719,175884800
2008-04-04,97.743003845214844,136.88999938964844,137.96000671386719,136.1199951171875,137.1199951171875,204446800
2008-04-07,97.792999267578125,136.96000671386719,138.57000732421875,136.74000549316406,137.8699951171875,154245500
2008-04-08,97.693016052246094,136.82000732421875,136.91999816894531,135.94999694824219,136.19000244140625,148937300
2008-04-09,96.986114501953125,135.83000183105469,136.80000305175781,134.88999938964844,136.61000061035156,195610600
2008-04-10,97.121795654296875,136.02000427246094,136.66999816894531,134.89999389648438,135.41999816894531,192967800
2008-04-11,95.236801147460938,133.3800048828125,135.1199951171875,133.00999450683594,134.49000549316406,222973300
2008-04-14,94.915451049804688,132.92999267578125,133.53999328613281,132.55000305175781,133.19000244140625,160522000
2008-04-15,95.136787414550781,133.24000549316406,133.69000244140625,132.33000183105469,133.58000183105469,172389200
2008-04-16,97.714454650878906,136.85000610351562,136.91000366210938,134.52000427246094,134.53999328613281,189268900
2008-04-17,97.857231140136719,137.05000305175781,137.25,135.66000366210938,136.02000427246094,179665700
2008-04-18,98.878288269042969,138.47999572753906,139.55999755859375,138.25999450683594,138.94000244140625,218530600
2008-04-21,98.928298950195312,138.55000305175781,138.97999572753906,137.85000610351562,138.22999572753906,118587400
2008-04-22,98.492698669433594,137.94000244140625,138.30999755859375,136.89999389648438,138.19000244140625,162166000
2008-04-23,98.335655212402344,137.72000122070312,138.77999877929688,137.1199951171875,138.08999633789062,193309000
2008-04-24,98.764129638671875,138.32000732421875,139.74000549316406,137.03999328613281,138.08000183105469,229381300
2008-04-25,99.678001403808594,139.60000610351562,139.88999938964844,137.91000366210938,139.39999389648438,190788100
2008-04-28,99.699440002441406,139.6300048828125,140.25,139.3800048828125,139.8800048828125,105610200
2008-04-29,99.306694030761719,139.08000183105469,139.72999572753906,138.61000061035156,139.38999938964844,125514100
2008-04-30,98.721199035644531,138.25999450683594,140.58999633789062,138.25999450683594,139.28999328613281,208395900
2008-05-01,100.76331329345703,141.1199951171875,141.1199951171875,138.27000427246094,138.3800048828125,187279500
2008-05-02,101.04183959960938,141.50999450683594,142.3699951171875,140.55999755859375,142.33999633789062,181585500
2008-05-05,100.55624389648438,140.83000183105469,141.61000061035156,140.41000366210938,141.05000305175781,118504500
2008-05-06,101.42733001708984,142.05000305175781,142.19999694824219,139.69000244140625,140.02000427246094,179339800
2008-05-07,99.62091064453125,139.52000427246094,142.03999328613281,139.1300048828125,141.88999938964844,199267300
2008-05-08,99.363883972167969,139.16000366210938,140.32000732421875,138.97999572753906,139.74000549316406,178321200
2008-05-09,99.178169250488281,138.89999389648438,139.38999938964844,138.44999694824219,138.60000610351562,152588200
2008-05-12,100.29206848144531,140.46000671386719,140.55999755859375,138.72999572753906,139.25,147865900
2008-05-13,100.30638122558594,140.47999572753906,140.88999938964844,139.72999572753906,140.80000305175781,159132200
2008-05-14,100.51343536376953,140.77000427246094,142.19999694824219,140.46000671386719,141.07000732421875,181910800
2008-05-15,101.77008819580078,142.52999877929688,142.6300048828125,140.83000183105469,141.03999328613281,166927000
2008-05-16,101.86292266845703,142.66000366210938,142.8699951171875,141.61000061035156,142.86000061035156,204236800
2008-05-19,102.14140319824219,143.05000305175781,144.30000305175781,142.30000305175781,142.80999755859375,165664400
2008-05-20,101.31311798095703,141.88999938964844,142.33999633789062,141,142.27000427246094,178552100
2008-05-21,99.599472045898438,139.49000549316406,142.1199951171875,139,141.80999755859375,252724800
2008-05-22,99.613739013671875,139.50999450683594,140.16999816894531,139,139.42999267578125,170820400
2008-05-23,98.278541564941406,137.63999938964844,139.66000366210938,137.52000427246094,139.05000305175781,181376400
2008-05-27,99.006805419921875,138.66000366210938,139,137.52999877929688,137.80000305175781,168322900
2008-05-28,99.463790893554688,139.30000305175781,140,138,139.16999816894531,181288100
2008-05-29,99.963600158691406,140,140.92999267578125,139.08000183105469,139.1300048828125,173927200
2008-05-30,100.21353912353516,140.35000610351562,140.74000549316406,139.94000244140625,140.47000122070312,117362000
2008-06-02,99.178169250488281,138.89999389648438,139.86000061035156,138,139.83000183105469,181069900
2008-06-03,98.599807739257812,138.08999633789062,139.6199951171875,137.22999572753906,139.30000305175781,271965700
2008-06-04,98.549873352050781,138.02000427246094,139.16000366210938,137.46000671386719,137.69999694824219,246637700
2008-06-05,100.52056121826172,140.77999877929688,140.88999938964844,138.32000732421875,138.58000183105469,237867100
2008-06-06,97.314613342285156,136.28999328613281,139.80000305175781,136.22000122070312,139.55000305175781,384276300
2008-06-09,97.550216674804688,136.6199951171875,137.5,135.41000366210938,136.86000061035156,228263900
2008-06-10,97.064659118652344,135.94000244140625,137.10000610351562,135.35000610351562,135.66999816894531,260234900
2008-06-11,95.636619567871094,133.94000244140625,136.25999450683594,133.92999267578125,135.97000122070312,283890100
2008-06-12,96.000747680664062,134.44999694824219,135.8699951171875,133.52000427246094,134.60000610351562,252791800
2008-06-13,97.214591979980469,136.14999389648438,136.52000427246094,134.41999816894531,135.16999816894531,244726900
2008-06-16,97.271759033203125,136.22999572753906,136.92999267578125,135.46000671386719,135.55000305175781,185832500
2008-06-17,96.800491333007812,135.57000732421875,137.1199951171875,135.3699951171875,137.07000732421875,191707700
2008-06-18,95.857994079589844,134.25,135.52000427246094,133.71000671386719,134.69000244140625,265893000
2008-06-19,95.979377746582031,134.41999816894531,135.24000549316406,133.5,134.14999389648438,304204900
2008-06-20,94.421463012695312,131.58000183105469,133.08999633789062,131.22000122070312,132.83999633789062,289275700
2008-06-23,94.328155517578125,131.44999694824219,132.22999572753906,131.32000732421875,132.08999633789062,165096400
2008-06-24,94.141563415527344,131.19000244140625,132.44000244140625,130.19000244140625,131.05000305175781,267300600
2008-06-25,94.586471557617188,131.80999755859375,133.39999389648438,131.24000549316406,131.72000122070312,287853900
2008-06-26,92.01751708984375,128.22999572753906,131.41999816894531,128.08000183105469,130.57000732421875,297775000
2008-06-27,91.515190124511719,127.52999877929688,128.86000061035156,127.04000091552734,128.27999877929688,303423400
2008-06-30,91.838088989257812,127.98000335693359,128.91000366210938,127.30000305175781,127.88999938964844,258842600
2008-07-01,92.125144958496094,128.3800048828125,128.47000122070312,125.93000030517578,126.51999664306641,388622000
2008-07-02,90.546424865722656,126.18000030517578,129.16000366210938,125.94999694824219,128.78999328613281,288064600
2008-07-03,90.639678955078125,126.30999755859375,127.11000061035156,124.98999786376953,127.11000061035156,239352500
2008-07-07,89.713996887207031,125.01999664306641,127.33999633789062,123.91999816894531,126.79000091552734,372427300
2008-07-08,91.307090759277344,127.23999786376953,127.38999938964844,124.19999694824219,124.98999786376953,375973700
2008-07-09,89.548965454101562,124.79000091552734,127.73999786376953,124.38999938964844,127.5,336729400
2008-07-10,89.914955139160156,125.30000305175781,125.79000091552734,123.58000183105469,124.43000030517578,436475700
2008-07-11,88.867225646972656,123.83999633789062,125.90000152587891,122.48999786376953,123.97000122070312,481124600
2008-07-14,88.063545227050781,122.72000122070312,125.5,122.40000152587891,125.26000213623047,322720800
2008-07-15,86.822090148925781,120.98999786376953,123.48999786376953,120.01999664306641,121.80000305175781,502502500
2008-07-16,88.953369140625,123.95999908447266,124.56999969482422,121.09999847412109,121.44999694824219,371642900
2008-07-17,89.843170166015625,125.19999694824219,126.26000213623047,124.08999633789062,125.13999938964844,375490600
2008-07-18,90.402885437011719,125.98000335693359,126.41999816894531,125.15000152587891,126.16999816894531,267030100
2008-07-21,90.453132629394531,126.05000305175781,126.80000305175781,125.19000244140625,126.51000213623047,222863000
2008-07-22,91.479316711425781,127.48000335693359,127.80000305175781,124.84999847412109,125.15000152587891,296904200
2008-07-23,91.974433898925781,128.16999816894531,129.14999389648438,127.55000305175781,127.88999938964844,311698400
2008-07-24,90.065650939941406,125.51000213623047,128.41000366210938,125.16000366210938,128.33999633789062,248634500
2008-07-25,90.044113159179688,125.48000335693359,126.48999786376953,125.16999816894531,125.88999938964844,219131000
2008-07-28,88.723747253417969,123.63999938964844,126.05999755859375,123.41999816894531,125.51000213623047,205201300
2008-07-29,90.6181640625,126.27999877929688,126.37999725341797,123.63999938964844,123.98000335693359,261505600
2008-07-30,92.232742309570312,128.52999877929688,128.60000610351562,126.27999877929688,127.11000061035156,354710000
2008-07-31,91.01287841796875,126.83000183105469,128.57000732421875,126.62999725341797,127.40000152587891,277402100
2008-08-01,90.532089233398438,126.16000366210938,127.27999877929688,125.45999908447266,127.12000274658203,248690900
2008-08-04,89.692474365234375,124.98999786376953,126.13999938964844,124.76000213623047,126.04000091552734,188239600
2008-08-05,92.110801696777344,128.36000061035156,128.55999755859375,124.97000122070312,126.01999664306641,251577600
2008-08-06,92.51983642578125,128.92999267578125,129.30000305175781,127.48000335693359,128.02000427246094,209555400
2008-08-07,91.14202880859375,127.01000213623047,128.44000244140625,126.54000091552734,127.95999908447266,246312500
2008-08-08,92.835517883300781,129.3699951171875,129.92999267578125,126.37999725341797,126.58000183105469,260811700
2008-08-11,93.797134399414062,130.71000671386719,131.50999450683594,129.22999572753906,129.47000122070312,249425800
2008-08-12,92.821212768554688,129.35000610351562,130.69999694824219,128.72999572753906,130.27999877929688,213200800
2008-08-13,92.261489868164062,128.57000732421875,129.64999389648438,127.66999816894531,128.78999328613281,256393200
2008-08-14,92.957542419433594,129.53999328613281,130.27999877929688,127.75,127.83999633789062,239555300
2008-08-15,93.409614562988281,130.16999816894531,130.5,129.30000305175781,129.92999267578125,181000800
2008-08-18,92.132316589355469,128.38999938964844,130.47999572753906,127.66000366210938,130.42999267578125,172275100
2008-08-19,91.127670288085938,126.98999786376953,127.69000244140625,126.52999877929688,127.41999816894531,194673700
2008-08-20,91.551033020019531,127.58000183105469,127.94999694824219,126.33999633789062,127.38999938964844,225498200
2008-08-21,91.708961486816406,127.80000305175781,128.44000244140625,126.59999847412109,126.75,180609800
2008-08-22,93.036460876464844,129.64999389648438,129.64999389648438,127.80000305175781,128.66999816894531,167715300
2008-08-25,91.149185180664062,127.01999664306641,129.64999389648438,126.75,128.80000305175781,171936900
2008-08-26,91.414710998535156,127.38999938964844,127.87000274658203,126.58000183105469,127.01999664306641,159117200
2008-08-27,92.304534912109375,128.6300048828125,128.83000183105469,127.30000305175781,127.55000305175781,171032800
2008-08-28,93.423980712890625,130.19000244140625,130.33999633789062,129.11000061035156,129.27999877929688,167537100
2008-08-29,92.419364929199219,128.78999328613281,130.13999938964844,128.50999450683594,129.72999572753906,189195800
2008-09-02,91.845252990722656,127.98999786376953,130.71000671386719,127.51999664306641,130.02999877929688,252364900
2008-09-03,91.766342163085938,127.87999725341797,128.5,126.93000030517578,127.87999725341797,251947000
2008-09-04,89.003585815429688,124.02999877929688,127.23000335693359,123.95999908447266,126.97000122070312,340042500
2008-09-05,89.283462524414062,124.41999816894531,124.94999694824219,122,123.29000091552734,289503400
2008-09-08,91.127670288085938,126.98999786376953,128.24000549316406,124.41999816894531,128.03999328613281,364075300
2008-09-09,88.42230224609375,123.22000122070312,127.36000061035156,122.80000305175781,127.09999847412109,377326800
2008-09-10,88.781120300292969,123.72000122070312,124.90000152587891,122.55000305175781,123.88999938964844,298916600
2008-09-11,90.065650939941406,125.51000213623047,125.73999786376953,121.59999847412109,122.12000274658203,375369400
2008-09-12,90.481864929199219,126.08999633789062,126.20999908447266,123.83000183105469,124.29000091552734,297851200
2008-09-15,86.176284790039062,120.08999633789062,125.65000152587891,119.88999938964844,121.62999725341797,483607000
2008-09-16,87.618621826171875,122.09999847412109,122.31999969482422,117,117.19999694824219,581744300
2008-09-17,83.678985595703125,116.61000061035156,121.84999847412109,116,119.63999938964844,624095600
2008-09-18,86.161895751953125,120.06999969482422,121.79000091552734,113.80000305175781,118.05000305175781,776114700
2008-09-19,89.583717346191406,124.12000274658203,128,123.33000183105469,126.69999694824219,501087800
2008-09-22,87.555595397949219,121.30999755859375,124.75,120.36000061035156,124.44999694824219,249966500
2008-09-23,85.5635986328125,118.55000305175781,122.01999664306641,118.27999877929688,120.84999847412109,327470400
2008-09-24,85.837875366210938,118.93000030517578,120,117.79000091552734,119.34999847412109,311818400
2008-09-25,87.180305480957031,120.79000091552734,121.91000366210938,118.44000244140625,119.40000152587891,328253000
2008-09-26,87.223594665527344,120.84999847412109,121.5,118.51000213623047,118.83000183105469,285917400
2008-09-29,80.388595581054688,111.37999725341797,119.33999633789062,110.97000122070312,119.13999938964844,459562300
2008-09-30,83.715888977050781,115.98999786376953,116.80000305175781,110.52999877929688,113.51000213623047,328154400
2008-10-01,83.766433715820312,116.05999755859375,116.69000244140625,113.94999694824219,115.26999664306641,332783000
2008-10-02,80.727821350097656,111.84999847412109,115.11000061035156,111.05999755859375,114.94999694824219,365337800
2008-10-03,79.63800048828125,110.33999633789062,115.44999694824219,109.68000030517578,112.86000061035156,461798000
2008-10-06,75.581741333007812,104.72000122070312,107.62000274658203,100.63999938964844,107.15000152587891,610637500
2008-10-07,72.196739196777344,100.02999877929688,107.33000183105469,99.650001525878906,106.83999633789062,540012100
2008-10-08,70.3779296875,97.510002136230469,102.18000030517578,96.80999755859375,97.519996643066406,725414800
2008-10-09,65.462814331054688,90.699996948242188,100.62000274658203,90.25,99.660003662109375,534485200
2008-10-10,63.874950408935547,88.5,93.94000244140625,83.580001831054688,86.760002136230469,871026300
2008-10-13,73.149452209472656,101.34999847412109,101.34999847412109,89.949996948242188,93.870002746582031,455584000
2008-10-14,72.06683349609375,99.849998474121094,105.52999877929688,97.110000610351562,104.69999694824219,546268300
2008-10-15,64.972023010253906,90.019996643066406,97.800003051757812,89.709999084472656,97.459999084472656,484627500
2008-10-16,67.678558349609375,93.769996643066406,94.769996643066406,86.540000915527344,91.290000915527344,708811200
2008-10-17,67.274391174316406,93.209999084472656,98.589996337890625,91.650001525878906,91.989997863769531,476649000
2008-10-20,71.31622314453125,98.80999755859375,99.099998474121094,94.089996337890625,95.349998474121094,321294200
2008-10-21,69.187065124511719,95.860000610351562,98.639999389648438,95.220001220703125,96.970001220703125,356502000
2008-10-22,65.419502258300781,90.639999389648438,95.860000610351562,87.529998779296875,93.199996948242188,516168000
2008-10-23,66.177337646484375,91.69000244140625,92.449996948242188,85.80999755859375,90.290000915527344,634666400
2008-10-24,62.821201324462891,87.040000915527344,89.919998168945312,84,84.05999755859375,545812600
2008-10-27,60.590976715087891,83.949996948242188,89.510002136230469,83.699996948242188,85.970001220703125,397288600
2008-10-28,67.671371459960938,93.760002136230469,94.239997863769531,84.529998779296875,87.339996337890625,639939500
2008-10-29,67.180580139160156,93.080001831054688,97.169998168945312,92.099998474121094,93.769996643066406,531270100
2008-10-30,69.504600524902344,96.300003051757812,96.540000915527344,92.900001525878906,95.779998779296875,414582100
2008-10-31,69.88714599609375,96.830001831054688,98.569999694824219,94.480003356933594,95.080001831054688,411394000
2008-11-03,70.0892333984375,97.110000610351562,97.69000244140625,95.949996948242188,96.779998779296875,205419400
2008-11-04,72.471000671386719,100.41000366210938,100.86000061035156,96.709999084472656,99.05999755859375,346793400
2008-11-05,69.42523193359375,96.19000244140625,100.70999908447266,95,99.199996948242188,387844100
2008-11-06,65.578285217285156,90.860000610351562,95.44000244140625,90.05999755859375,94.459999084472656,477721900
2008-11-07,67.7435302734375,93.860000610351562,94,90.5,91.650001525878906,380391000
2008-11-10,66.855766296386719,92.629997253417969,95.529998779296875,90.919998168945312,95.209999084472656,301773000
2008-11-11,64.791587829589844,89.769996643066406,92.139999389648438,88.650001525878906,90.760002136230469,418498200
2008-11-12,61.940673828125,85.819999694824219,88.949996948242188,85.120002746582031,88.230003356933594,454330600
2008-11-13,65.80206298828125,91.169998168945312,91.730003356933594,82.089996337890625,86.129997253417969,753141900
2008-11-14,62.518039703369141,86.620002746582031,92.05999755859375,86.519996643066406,89.410003662109375,540352300
2008-11-17,61.688068389892578,85.470001220703125,88.55999755859375,85.160003662109375,86.379997253417969,415254900
2008-11-18,62.850059509277344,87.080001831054688,87.220001220703125,82.910003662109375,85.150001525878906,523811800
2008-11-19,58.822711944580078,81.5,86.870002746582031,80.919998168945312,85.910003662109375,558327600
2008-11-20,54.456081390380859,75.449996948242188,82.510002136230469,75.050003051757812,80.129997253417969,814180400
2008-11-21,57.393650054931641,79.519996643066406,80.900001525878906,74.339996337890625,77.459999084472656,718536500
2008-11-24,61.370479583740234,85.029998779296875,86.989997863769531,80.360000610351562,81.919998168945312,523305300
2008-11-25,61.825191497802734,85.660003662109375,87.510002136230469,83.819999694824219,87.300003051757812,454112400
2008-11-26,64.214210510253906,88.970001220703125,89.19000244140625,84.239997863769531,84.300003051757812,370134200
2008-11-28,65.022499084472656,90.089996337890625,90.129997253417969,88.480003356933594,88.629997253417969,118308100
2008-12-01,59.262947082519531,82.110000610351562,87.550003051757812,81.860000610351562,87.510002136230469,369927100
2008-12-02,61.543724060058594,85.269996643066406,85.489997863769531,82.040000915527344,83.470001220703125,469508400
2008-12-03,63.023311614990234,87.319999694824219,87.830001831054688,83.139999389648438,83.400001525878906,519863500
2008-12-04,61.565372467041016,85.300003051757812,88.050003051757812,83.739997863769531,86.05999755859375,444173800
2008-12-05,63.463535308837891,87.930000305175781,88.419998168945312,82.239997863769531,83.650001525878906,471905300
2008-12-08,65.679306030273438,91,92.379997253417969,88.080001831054688,90.339996337890625,412859300
2008-12-09,64.596694946289062,89.5,92.129997253417969,88.980003356933594,90.370002746582031,370790000
2008-12-10,65.036994934082031,90.110000610351562,91.360000610351562,89,90.319999694824219,396187400
2008-12-11,63.470767974853516,87.94000244140625,91,87.370002746582031,89.540000915527344,365061000
2008-12-12,64.228599548339844,88.989997863769531,89.069999694824219,85.199996948242188,85.550003051757812,415060400
2008-12-15,63.333641052246094,87.75,89.150001525878906,86.290000915527344,89.019996643066406,256694200
2008-12-16,66.314476013183594,91.879997253417969,92.019996643066406,88.180000305175781,91.879997253417969,377699500
2008-12-17,65.672119140625,90.989997863769531,92.430000305175781,90.05999755859375,90.839996337890625,281819800
2008-12-18,64.445121765136719,89.290000915527344,91.669998168945312,88.209999084472656,91.400001525878906,374673300
2008-12-19,64.167915344238281,88.19000244140625,90.620002746582031,88.089996337890625,89.099998474121094,301451300
2008-12-22,63.345726013183594,87.05999755859375,88.669998168945312,85.489997863769531,88.580001831054688,243759500
2008-12-23,62.690872192382812,86.160003662109375,87.930000305175781,85.800003051757812,87.529998779296875,221625200
2008-12-24,63.054698944091797,86.660003662109375,86.870002746582031,86,86.449996948242188,62061600
2008-12-26,63.418479919433594,87.160003662109375,87.300003051757812,86.5,87.239997863769531,74767700
2008-12-29,63.236534118652344,86.910003662109375,87.330001831054688,85.599998474121094,87.239997863769531,127795900
2008-12-30,64.735504150390625,88.970001220703125,89.050003051757812,86.879997253417969,87.510002136230469,168256300
2008-12-31,65.659530639648438,90.239997863769531,90.970001220703125,88.870002746582031,89.080001831054688,193987200
2009-01-02,67.638633728027344,92.959999084472656,93.44000244140625,89.849998474121094,90.44000244140625,227566300
2009-01-05,67.558586120605469,92.849998474121094,93.660003662109375,91.889999389648438,92.629997253417969,240349700
2009-01-06,68.009696960449219,93.470001220703125,94.449996948242188,92.680000305175781,93.639999389648438,328260900
2009-01-07,65.972381591796875,90.669998168945312,92.260002136230469,90.199996948242188,92,280899200
2009-01-08,66.241592407226562,91.040000915527344,91.089996337890625,89.669998168945312,90.160003662109375,263834400
2009-01-09,64.822784423828125,89.089996337890625,91.319999694824219,85.360000610351562,91.160003662109375,330953600
2009-01-12,63.265659332275391,86.949996948242188,88.910003662109375,86.410003662109375,88.839996337890625,277858500
2009-01-13,63.382102966308594,87.110000610351562,87.879997253417969,86.199996948242188,86.730003356933594,356432300
2009-01-14,61.388458251953125,84.370002746582031,85.75,83.160003662109375,85.540000915527344,435491600
2009-01-15,61.410297393798828,84.400001525878906,85.25,81.720001220703125,84.120002746582031,532647300
2009-01-16,61.890491485595703,85.05999755859375,85.989997863769531,83.050003051757812,85.860000610351562,399237200
2009-01-20,58.62353515625,80.569999694824219,85.05999755859375,80.050003051757812,84.230003356933594,419855200
2009-01-21,61.155643463134766,84.050003051757812,84.239997863769531,80.470001220703125,81.94000244140625,364360700
2009-01-22,60.209697723388672,82.75,84.040000915527344,81.169998168945312,82.419998168945312,427940300
2009-01-23,60.471664428710938,83.110000610351562,83.989997863769531,80.569999694824219,80.900001525878906,386800600
2009-01-26,60.886436462402344,83.680000305175781,85.360000610351562,82.80999755859375,83.589996337890625,317978800
2009-01-27,61.504890441894531,84.529998779296875,85.150001525878906,83.300003051757812,84.129997253417969,273789700
2009-01-28,63.585826873779297,87.389999389648438,87.949996948242188,86.069999694824219,86.400001525878906,330007000
2009-01-29,61.519428253173828,84.550003051757812,87.489997863769531,84.470001220703125,86.110000610351562,294392500
2009-01-30,60.267929077148438,82.830001831054688,85.400001525878906,82.209999084472656,84.980003356933594,383383600
2009-02-02,60.086048126220703,82.580001831054688,83.180000305175781,81.30999755859375,81.569999694824219,288233300
2009-02-03,60.930061340332031,83.739997863769531,84.360000610351562,82.220001220703125,83.099998474121094,278385800
2009-02-04,60.631717681884766,83.330001831054688,85.370002746582031,83.040000915527344,84.300003051757812,322989300
2009-02-05,61.533966064453125,84.569999694824219,85.290000915527344,77.730003356933594,82.699996948242188,417679400
2009-02-06,63.287517547607422,86.980003356933594,87.339996337890625,84.680000305175781,84.860000610351562,366101700
2009-02-09,63.374832153320312,87.099998474121094,87.739997863769531,86.319999694824219,86.959999084472656,240075200
2009-02-10,60.471664428710938,83.110000610351562,87.029998779296875,82.449996948242188,86.269996643066406,536212800
2009-02-11,60.82818603515625,83.599998474121094,84.050003051757812,82.400001525878906,83.449996948242188,324442500
2009-02-12,60.871837615966797,83.660003662109375,83.819999694824219,81.050003051757812,82.169998168945312,469302200
2009-02-13,60.216995239257812,82.760002136230469,84.239997863769531,82.739997863769531,83.550003051757812,293998400
2009-02-17,57.641258239746094,79.220001220703125,82.959999084472656,79.169998168945312,80.160003662109375,478910100
2009-02-18,57.503002166748047,79.029998779296875,79.94000244140625,78.279998779296875,79.790000915527344,362964800
2009-02-19,56.884532928466797,78.180000305175781,80.150001525878906,78.019996643066406,79.839996337890625,316867500
2009-02-20,56.331562042236328,77.419998168945312,78.339996337890625,75.769996643066406,76.730003356933594,477176600
2009-02-23,54.316093444824219,74.650001525878906,78.269996643066406,74.589996337890625,78.269996643066406,379641400
2009-02-24,56.375228881835938,77.480003356933594,77.949996948242188,74.699996948242188,75.290000915527344,426260900
2009-02-25,55.931365966796875,76.870002746582031,78.419998168945312,75.629997253417969,77.139999389648438,461985800
2009-02-26,55.021877288818359,75.620002746582031,79.669998168945312,75.529998779296875,77.819999694824219,363353900
2009-02-27,53.792205810546875,73.930000305175781,75.69000244140625,73.80999755859375,74.010002136230469,470510900
2009-03-02,51.369255065917969,70.599998474121094,73.919998168945312,70.370002746582031,72.519996643066406,426452600
2009-03-03,50.983650207519531,70.069999694824219,71.699996948242188,69.639999389648438,71.610000610351562,443761000
2009-03-04,52.191444396972656,71.730003356933594,72.870002746582031,70.069999694824219,71.230003356933594,462753100
2009-03-05,50.059574127197266,68.800003051757812,71.730003356933594,68.169998168945312,70.099998474121094,485549400
2009-03-06,50.146869659423828,68.919998168945312,70.449996948242188,67.099998474121094,69.400001525878906,490470000
2009-03-09,49.557521820068359,68.110000610351562,70,67.730003356933594,67.949996948242188,379905300
2009-03-10,52.511604309082031,72.169998168945312,72.370002746582031,69.370002746582031,69.510002136230469,406227900
2009-03-11,52.853565216064453,72.639999389648438,73.75,71.830001831054688,73,356648300
2009-03-12,54.934535980224609,75.5,75.75,71.970001220703125,72.620002746582031,409702700
2009-03-13,55.363853454589844,76.089996337890625,76.980003356933594,74.730003356933594,76.010002136230469,337474700
2009-03-16,55.196468353271484,75.860000610351562,77.970001220703125,75.80999755859375,76.959999084472656,360644900
2009-03-17,56.884532928466797,78.180000305175781,78.360000610351562,75.449996948242188,76.069999694824219,356814300
2009-03-18,58.157875061035156,79.930000305175781,80.900001525878906,77.069999694824219,77.80999755859375,473273200
2009-03-19,57.437541961669922,78.94000244140625,81,78.69000244140625,80.930000305175781,428520400
2009-03-20,56.214427947998047,76.709999084472656,78.910003662109375,76.529998779296875,78.760002136230469,371078200
2009-03-23,60.252273559570312,82.220001220703125,82.290000915527344,78.30999755859375,78.739997863769531,419933300
2009-03-24,59.065101623535156,80.599998474121094,82.360000610351562,80.510002136230469,81.239997863769531,330271000
2009-03-25,59.688007354736328,81.449996948242188,82.699996948242188,79.05999755859375,81.230003356933594,441775100
2009-03-26,60.904495239257812,83.110000610351562,83.300003051757812,81.319999694824219,82.25,422025200
2009-03-27,59.805255889892578,81.610000610351562,82.529998779296875,81.30999755859375,82.050003051757812,322332300
2009-03-30,57.738723754882812,78.790000915527344,79.870002746582031,77.959999084472656,79.800003051757812,324108500
2009-03-31,58.273700714111328,79.519996643066406,81.080001831054688,79.050003051757812,79.55999755859375,364238300
2009-04-01,59.402214050292969,81.05999755859375,81.419998168945312,78.330001831054688,78.529998779296875,377018300
2009-04-02,61.138980865478516,83.430000305175781,84.610000610351562,81.129997253417969,83.080001831054688,476230700
2009-04-03,61.747234344482422,84.260002136230469,84.279998779296875,82.669998168945312,83.489997863769531,284646300
2009-04-06,61.263565063476562,83.599998474121094,84.279998779296875,82.290000915527344,83.339996337890625,264866600
2009-04-07,59.834556579589844,81.650001525878906,82.650001525878906,81.510002136230469,82.25,258947800
2009-04-08,60.479442596435547,82.529998779296875,82.94000244140625,81.540000915527344,82.05999755859375,230402800
2009-04-09,62.883087158203125,85.80999755859375,85.819999694824219,84.330001831054688,84.669998168945312,269653500
2009-04-13,62.897754669189453,85.830001831054688,86.540000915527344,84.580001831054688,84.919998168945312,224847500
2009-04-14,61.813198089599609,84.349998474121094,85.760002136230469,84.080001831054688,85.029998779296875,276598800
2009-04-15,62.472705841064453,85.25,85.419998168945312,83.610000610351562,83.839996337890625,250726100
2009-04-16,63.388763427734375,86.5,87.150001525878906,84.769996643066406,85.930000305175781,335202900
2009-04-17,63.813774108886719,87.080001831054688,87.650001525878906,86.139999389648438,86.830001831054688,262649000
2009-04-20,61.138980865478516,83.430000305175781,87.050003051757812,83.339996337890625,85.540000915527344,293690100
2009-04-21,62.333473205566406,85.05999755859375,85.129997253417969,82.75,82.819999694824219,114090900
2009-04-22,61.952400207519531,84.540000915527344,86.339996337890625,84.069999694824219,84.290000915527344,340395200
2009-04-23,62.560665130615234,85.370002746582031,85.419998168945312,83.629997253417969,84.709999084472656,324903700
2009-04-24,63.505996704101562,86.660003662109375,87.30999755859375,85.69000244140625,86.029998779296875,287703000
2009-04-27,62.905071258544922,85.839996337890625,87.010002136230469,85.540000915527344,85.680000305175781,289581600
2009-04-28,62.707225799560547,85.569999694824219,86.589996337890625,84.760002136230469,84.970001220703125,247926300
2009-04-29,64.040939331054688,87.389999389648438,88.360000610351562,86.300003051757812,86.519996643066406,311505700
2009-04-30,64.06292724609375,87.419998168945312,89.019996643066406,86.919998168945312,88.550003051757812,301419800
2009-05-01,64.407363891601562,87.889999389648438,88.209999084472656,86.720001220703125,87.44000244140625,236110300
2009-05-04,66.598495483398438,90.879997253417969,90.94000244140625,88.379997253417969,88.550003051757812,287120000
2009-05-05,66.371307373046875,90.569999694824219,90.930000305175781,89.839996337890625,90.569999694824219,243036300
2009-05-06,67.521827697753906,92.139999389648438,92.199996948242188,90.610000610351562,91.680000305175781,291941000
2009-05-07,66.583808898925781,90.860000610351562,93.150001525878906,90.279998779296875,93.010002136230469,317728000
2009-05-08,68.137397766113281,92.980003356933594,93.220001220703125,91.44000244140625,92.029998779296875,299081700
2009-05-11,66.862297058105469,91.239997863769531,92.110000610351562,91.040000915527344,91.699996948242188,247923600
2009-05-12,66.664459228515625,90.970001220703125,91.830001831054688,89.849998474121094,91.629997253417969,282431300
2009-05-13,64.986297607421875,88.680000305175781,90.010002136230469,88.5,89.739997863769531,269619100
2009-05-14,65.543182373046875,89.44000244140625,90.120002746582031,88.5,88.720001220703125,260098700
2009-05-15,65.008270263671875,88.709999084472656,90,88.150001525878906,89.370002746582031,271502700
2009-05-18,66.854957580566406,91.230003356933594,91.339996337890625,88.569999694824219,89.550003051757812,241447400
2009-05-19,66.774383544921875,91.120002746582031,91.970001220703125,90.80999755859375,91.180000305175781,206102200
2009-05-20,66.327346801757812,90.510002136230469,92.800003051757812,90.410003662109375,91.949996948242188,285722200
2009-05-21,65.374664306640625,89.209999084472656,89.800003051757812,88.260002136230469,89.459999084472656,258988400
2009-05-22,65.235450744628906,89.019996643066406,90,88.680000305175781,89.459999084472656,166811900
2009-05-26,66.906265258789062,91.300003051757812,91.55999755859375,88.319999694824219,88.360000610351562,236318500
2009-05-27,65.711753845214844,89.669998168945312,91.75,89.529998779296875,91.44000244140625,246015800
2009-05-28,66.6278076171875,90.919998168945312,91.339996337890625,89.099998474121094,90.459999084472656,289095000
2009-05-29,67.8076171875,92.529998779296875,93.699996948242188,90.680000305175781,91.419998168945312,258641500
2009-06-01,69.449142456054688,94.769996643066406,95.169998168945312,93.430000305175781,93.669998168945312,276246800
2009-06-02,69.507766723632812,94.849998474121094,95.370002746582031,94.230003356933594,94.400001525878906,230874500
2009-06-03,68.628395080566406,93.650001525878906,94.129997253417969,92.760002136230469,94.040000915527344,235310500
2009-06-04,69.27325439453125,94.529998779296875,94.669998168945312,93.300003051757812,94,210102300
2009-06-05,69.287910461425781,94.550003051757812,95.669998168945312,93.800003051757812,95.489997863769531,284257900
2009-06-08,69.002143859863281,94.160003662109375,95.099998474121094,93.040000915527344,93.839996337890625,238565100
2009-06-09,69.353874206542969,94.639999389648438,95.139999389648438,94.019996643066406,94.69000244140625,225125500
2009-06-10,69.178001403808594,94.400001525878906,95.489997863769531,93.19000244140625,95.480003356933594,296100400
2009-06-11,69.485832214355469,94.819999694824219,96.110000610351562,94.55999755859375,94.580001831054688,275414200
2009-06-12,69.676322937011719,95.080001831054688,95.139999389648438,94,94.400001525878906,184361800
2009-06-15,68.078781127929688,92.900001525878906,94.019996643066406,92.400001525878906,93.959999084472656,224190500
2009-06-16,67.155433654785156,91.639999389648438,93.290000915527344,91.580001831054688,93.230003356933594,227319000
2009-06-17,67.089469909667969,91.550003051757812,92.330001831054688,90.830001831054688,91.599998474121094,223445200
2009-06-18,67.580413818359375,92.220001220703125,92.669998168945312,91.25,91.69000244140625,211725100
2009-06-19,67.829551696777344,92.040000915527344,92.699996948242188,91.519996643066406,92.580001831054688,215655600
2009-06-22,65.7955322265625,89.279998779296875,91.19000244140625,89.25,91.139999389648438,251913600
2009-06-23,65.847137451171875,89.349998474121094,89.879997253417969,88.849998474121094,89.470001220703125,188309800
2009-06-24,66.414588928222656,90.120002746582031,91.080001831054688,89.599998474121094,90.160003662109375,211577700
2009-06-25,67.859024047851562,92.080001831054688,92.169998168945312,89.569999694824219,89.669998168945312,279411000
2009-06-26,67.682159423828125,91.839996337890625,92.239997863769531,91.269996643066406,91.769996643066406,167579000
2009-06-29,68.315940856933594,92.699996948242188,92.819999694824219,91.599998474121094,92.110000610351562,168481300
2009-06-30,67.763214111328125,91.949996948242188,93.05999755859375,91.269996643066406,92.720001220703125,228888200
2009-07-01,68.043296813964844,92.330001831054688,93.230003356933594,92.209999084472656,92.339996337890625,173041100
2009-07-02,66.186141967773438,89.80999755859375,92.360000610351562,89.760002136230469,91.129997253417969,212309900
2009-07-06,66.178802490234375,89.800003051757812,89.930000305175781,88.660003662109375,88.94000244140625,174499600
2009-07-07,64.896438598632812,88.05999755859375,89.819999694824219,88,89.709999084472656,197088900
2009-07-08,64.852272033691406,88,88.800003051757812,87,88.589996337890625,248050500
2009-07-09,64.977531433105469,88.169998168945312,88.900001525878906,87.910003662109375,88.610000610351562,163777600
2009-07-10,64.822769165039062,87.959999084472656,88.489997863769531,87.349998474121094,87.699996948242188,173520300
2009-07-13,66.39984130859375,90.099998474121094,90.169998168945312,87.589996337890625,88.30999755859375,217413500
2009-07-14,66.775703430175781,90.610000610351562,90.69000244140625,89.730003356933594,90.379997253417969,181487400
2009-07-15,68.7286376953125,93.260002136230469,93.510002136230469,90.680000305175781,91.80999755859375,220877900
2009-07-16,68.618087768554688,93.110000610351562,94.510002136230469,92.819999694824219,93,231174500
2009-07-17,69.369796752929688,94.129997253417969,94.319999694824219,93.540000915527344,94.05999755859375,138561700
2009-07-20,70.106719970703125,95.129997253417969,95.290000915527344,94.19000244140625,94.680000305175781,164179400
2009-07-21,70.431007385253906,95.569999694824219,95.900001525878906,94.419998168945312,95.870002746582031,217718300
2009-07-22,70.416252136230469,95.550003051757812,96.129997253417969,94.889999389648438,94.959999084472656,196068100
2009-07-23,71.971267700195312,97.660003662109375,98.080001831054688,95.529998779296875,95.610000610351562,258795500
2009-07-24,72.266044616699219,98.05999755859375,98.139999389648438,96.69000244140625,97.199996948242188,154003100
2009-07-27,72.479766845703125,98.349998474121094,98.400001525878906,97.339996337890625,97.879997253417969,159259400
2009-07-28,72.140739440917969,97.889999389648438,98.370002746582031,97.05999755859375,97.660003662109375,186685200
2009-07-29,71.963897705078125,97.650001525878906,98.089996337890625,96.980003356933594,97.44000244140625,194399300
2009-07-30,72.715583801269531,98.669998168945312,99.830001831054688,98.599998474121094,98.830001831054688,225575400
2009-07-31,72.818778991699219,98.80999755859375,99.470001220703125,98.379997253417969,98.650001525878906,207358000
2009-08-03,74.019950866699219,100.44000244140625,100.52999877929688,99.30999755859375,99.849998474121094,175776900
2009-08-04,74.211616516113281,100.69999694824219,100.83999633789062,99.779998779296875,99.989997863769531,176714600
2009-08-05,73.997856140136719,100.41000366210938,100.86000061035156,99.580001831054688,100.76999664306641,184726400
2009-08-06,73.614662170410156,99.889999389648438,101.01999664306641,99.419998168945312,100.87000274658203,193203800
2009-08-07,74.580078125,101.19999694824219,102.02999877929688,100.38999938964844,100.94000244140625,220640900
2009-08-10,74.42529296875,100.98999786376953,101.22000122070312,100.26999664306641,100.73999786376953,130898700
2009-08-11,73.496749877929688,99.730003356933594,100.61000061035156,99.459999084472656,100.54000091552734,157301000
2009-08-12,74.285255432128906,100.80000305175781,101.55999755859375,99.510002136230469,99.55999755859375,219052400
2009-08-13,74.852745056152344,101.56999969482422,101.61000061035156,100.26000213623047,101.26000213623047,176449500
2009-08-14,74.277946472167969,100.79000091552734,101.59999847412109,99.699996948242188,101.51999664306641,199616100
2009-08-17,72.450271606445312,98.30999755859375,98.949996948242188,98.110000610351562,98.849998474121094,237667500
2009-08-18,73.025100708007812,99.089996337890625,99.44000244140625,98.349998474121094,98.529998779296875,173461500
2009-08-19,73.666244506835938,99.959999084472656,100.30000305175781,98.209999084472656,98.30999755859375,192812800
2009-08-20,74.42529296875,100.98999786376953,101.22000122070312,99.870002746582031,100.08999633789062,174131300
2009-08-21,75.884483337402344,102.97000122070312,103.12999725341797,101.62000274658203,101.81999969482422,224605000
2009-08-24,75.877128601074219,102.95999908447266,103.94999694824219,102.58999633789062,103.38999938964844,191279000
2009-08-25,76.024513244628906,103.16000366210938,104.26000213623047,102.94000244140625,103.37000274658203,215310600
2009-08-26,76.031883239746094,103.16999816894531,103.63999938964844,102.48999786376953,102.83999633789062,194620700
2009-08-27,76.201385498046875,103.40000152587891,103.72000122070312,101.94000244140625,103.11000061035156,196230100
2009-08-28,76.186676025390625,103.37999725341797,104.34999847412109,102.66999816894531,104.23000335693359,147024400
2009-08-31,75.508674621582031,102.45999908447266,102.58000183105469,101.79000091552734,102.37000274658203,176051600
2009-09-01,73.843109130859375,100.19999694824219,103.23999786376953,99.989997863769531,101.94999694824219,321276800
2009-09-02,73.563087463378906,99.819999694824219,100.44000244140625,99.569999694824219,99.779998779296875,171805000
2009-09-03,74.17474365234375,100.65000152587891,100.76999664306641,99.589996337890625,100.40000152587891,143572300
2009-09-04,75.213859558105469,102.05999755859375,102.08999633789062,100.55000305175781,100.84999847412109,142687900
2009-09-08,75.862380981445312,102.94000244140625,103.05000305175781,102.38999938964844,103,132909100
2009-09-09,76.444557189941406,103.73000335693359,104.08000183105469,102.80000305175781,103.12000274658203,154612500
2009-09-10,77.225761413574219,104.79000091552734,104.86000061035156,103.22000122070312,103.80000305175781,162902400
2009-09-11,77.211006164550781,104.76999664306641,105.30000305175781,104.27999877929688,104.98999786376953,152360100
2009-09-14,77.586875915527344,105.27999877929688,105.45999908447266,103.15000152587891,103.87999725341797,149593800
2009-09-15,77.911148071289062,105.72000122070312,106.11000061035156,104.76000213623047,105.44999694824219,196795900
2009-09-16,79.090240478515625,107.31999969482422,107.33999633789062,105.73000335693359,106.09999847412109,206406300
2009-09-17,78.972343444824219,107.16000366210938,108.05999755859375,106.56999969482422,107.16999816894531,229170900
2009-09-18,79.022682189941406,106.72000122070312,107.16000366210938,106.36000061035156,107.15000152587891,153799100
2009-09-21,78.822769165039062,106.44999694824219,107,105.66000366210938,105.88999938964844,151892000
2009-09-22,79.281867980957031,107.06999969482422,107.37000274658203,106.59999847412109,107.08000183105469,143126700
2009-09-23,78.62286376953125,106.18000030517578,108.02999877929688,105.98999786376953,107.31999969482422,225947400
2009-09-24,77.756500244140625,105.01000213623047,106.63999938964844,104.55000305175781,106.41000366210938,228636800
2009-09-25,77.341842651367188,104.44999694824219,105.36000061035156,104.08999633789062,104.77999877929688,204059000
2009-09-28,78.726539611816406,106.31999969482422,106.55000305175781,104.83000183105469,104.84999847412109,118285800
2009-09-29,78.489578247070312,106,107.01999664306641,105.77999877929688,106.51000213623047,133733900
2009-09-30,78.185981750488281,105.58999633789062,106.45999908447266,104.62000274658203,106.36000061035156,254383000
2009-10-01,76.24591064453125,102.97000122070312,105.73000335693359,102.94999694824219,103,281840600
2009-10-02,75.890525817871094,102.48999786376953,103.09999847412109,101.98999786376953,102.01999664306641,224748800
2009-10-05,77.0234375,104.01999664306641,104.31999969482422,102.59999847412109,102.90000152587891,149875000
2009-10-06,78.126762390136719,105.51000213623047,106.11000061035156,104.70999908447266,104.76999664306641,202491100
2009-10-07,78.341461181640625,105.80000305175781,105.91000366210938,105.06999969482422,105.26999664306641,159200300
2009-10-08,78.941238403320312,106.61000061035156,107.16999816894531,105.84999847412109,106.55000305175781,183305800
2009-10-09,79.422569274902344,107.26000213623047,107.26000213623047,106.36000061035156,106.63999938964844,135008300
2009-10-12,79.733543395996094,107.68000030517578,108.08999633789062,107.27999877929688,107.76000213623047,118031000
2009-10-13,79.570632934570312,107.45999908447266,107.70999908447266,106.76000213623047,107.38999938964844,157692700
2009-10-14,80.940505981445312,109.30999755859375,109.41999816894531,107.41999816894531,108.72000122070312,191421600
2009-10-15,81.236686706542969,109.70999908447266,109.70999908447266,108.73000335693359,108.77999877929688,173873600
2009-10-16,80.629539489746094,108.88999938964844,109.26999664306641,108.23000335693359,108.80000305175781,192069400
2009-10-19,81.29595947265625,109.79000091552734,110.12999725341797,108.73000335693359,109.06999969482422,159530400
2009-10-20,80.866470336914062,109.20999908447266,109.98999786376953,108.68000030517578,109.94999694824219,180921100
2009-10-21,80.140823364257812,108.23000335693359,110.30999755859375,108.15000152587891,109.04000091552734,225379300
2009-10-22,80.955322265625,109.33000183105469,109.68000030517578,107.5,108.19000244140625,238444000
2009-10-23,80.029747009277344,108.08000183105469,109.76000213623047,107.62999725341797,109.69000244140625,240033200
2009-10-26,79.163398742675781,106.91000366210938,109.30999755859375,106.61000061035156,108.19999694824219,242028200
2009-10-27,78.800567626953125,106.41999816894531,107.38999938964844,106.16000366210938,107.02999877929688,253266300
2009-10-28,77.312225341796875,104.41000366210938,106.48000335693359,104.34999847412109,106.15000152587891,248821400
2009-10-29,78.970863342285156,106.65000152587891,106.86000061035156,104.94000244140625,105.19000244140625,198110600
2009-10-30,76.682823181152344,103.55999755859375,106.62000274658203,103.44000244140625,106.30000305175781,325608100
2009-11-02,77.245559692382812,104.31999969482422,105.41000366210938,103.08000183105469,104.12999725341797,254222900
2009-11-03,77.489913940429688,104.65000152587891,104.80000305175781,103.54000091552734,103.73999786376953,228362600
2009-11-04,77.689834594726562,104.91999816894531,106.33000183105469,104.65000152587891,105.51000213623047,247996700
2009-11-05,79.118965148925781,106.84999847412109,106.87999725341797,105.44000244140625,105.66000366210938,180015300
2009-11-06,79.3262939453125,107.12999725341797,107.40000152587891,106.05000305175781,106.26000213623047,170954100
2009-11-09,81.133041381835938,109.56999969482422,109.62999725341797,107.87000274658203,107.94999694824219,159495700
2009-11-10,81.147834777832031,109.58999633789062,109.93000030517578,108.97000122070312,109.30999755859375,171899800
2009-11-11,81.562484741210938,110.15000152587891,110.81999969482422,109.62000274658203,110.30999755859375,169466200
2009-11-12,80.733154296875,109.02999877929688,110.56999969482422,108.75,110,157144500
2009-11-13,81.170059204101562,109.62000274658203,110.08999633789062,108.75,109.30999755859375,150963000
2009-11-16,82.347389221191406,111.20999908447266,111.69000244140625,110.31999969482422,110.37999725341797,210922200
2009-11-17,82.44366455078125,111.33999633789062,111.38999938964844,110.5,110.91999816894531,147134100
2009-11-18,82.391822814941406,111.26999664306641,111.43000030517578,110.56999969482422,111.26000213623047,156486800
2009-11-19,81.318145751953125,109.81999969482422,111.30999755859375,109.12999725341797,110.51000213623047,208734600
2009-11-20,81.029350280761719,109.43000030517578,109.76000213623047,109.01000213623047,109.25,134196000
2009-11-23,82.058601379394531,110.81999969482422,111.73999786376953,110.59999847412109,110.72000122070312,148010200
2009-11-24,82.18450927734375,110.98999786376953,111.19999694824219,110.01000213623047,111,138420100
2009-11-25,82.4732666015625,111.37999725341797,111.5,110.81999969482422,111.16999816894531,109564800
2009-11-27,81.133041381835938,109.56999969482422,110.31999969482422,108.29000091552734,108.40000152587891,126001800
2009-11-30,81.406997680664062,109.94000244140625,110.19999694824219,108.12000274658203,109.48000335693359,160874800
2009-12-01,82.414039611816406,111.30000305175781,111.66000366210938,110.73000335693359,110.91999816894531,159613700
2009-12-02,82.377044677734375,111.25,112.01000213623047,110.91999816894531,111.27999877929688,132315100
2009-12-03,81.7327880859375,110.37999725341797,112.18000030517578,110.29000091552734,111.55000305175781,167324900
2009-12-04,82.199317932128906,111.01000213623047,112.37999725341797,110.04000091552734,111.83999633789062,274907800
2009-12-07,82.073394775390625,110.83999633789062,111.52999877929688,110.48999786376953,110.91000366210938,127973800
2009-12-08,81.162651062011719,109.61000061035156,110.76999664306641,109.26999664306641,110.04000091552734,169863700
2009-12-09,81.466232299804688,110.01999664306641,110.18000030517578,109.01999664306641,109.58000183105469,155063400
2009-12-10,81.925308227539062,110.63999938964844,111.12000274658203,110.44999694824219,110.69999694824219,138014600
2009-12-11,82.273353576660156,111.11000061035156,111.36000061035156,110.61000061035156,111.11000061035156,124854000
2009-12-14,82.836105346679688,111.87000274658203,112,111.12999725341797,111.87000274658203,107141500
2009-12-15,82.451080322265625,111.34999847412109,111.91999816894531,111,111.45999908447266,120408800
2009-12-16,82.576934814453125,111.51999664306641,112.12999725341797,111.26999664306641,111.80000305175781,155358200
2009-12-17,81.584724426269531,110.18000030517578,110.93000030517578,110.08000183105469,110.72000122070312,183390100
2009-12-18,82.046295166015625,110.20999908447266,110.30000305175781,109.27999877929688,110.19999694824219,174591200
2009-12-21,82.880058288574219,111.33000183105469,111.69999694824219,110.76000213623047,110.76000213623047,118039600
2009-12-22,83.177833557128906,111.73000335693359,111.97000122070312,111.43000030517578,111.56999969482422,91707500
2009-12-23,83.341659545898438,111.94999694824219,112.11000061035156,111.5,112,111783100
2009-12-24,83.736183166503906,112.48000335693359,112.59999847412109,112,112.19000244140625,39677500
2009-12-28,83.914840698242188,112.72000122070312,112.98999786376953,112.31999969482422,112.90000152587891,87508500
2009-12-29,83.795738220214844,112.55999755859375,113.02999877929688,112.55000305175781,113.01000213623047,80572500
2009-12-30,83.765960693359375,112.51999664306641,112.65000152587891,112.16999816894531,112.23000335693359,73138400
2009-12-31,82.96197509765625,111.44000244140625,112.80000305175781,111.38999938964844,112.76999664306641,90637900
2010-01-04,84.36895751953125,113.33000183105469,113.38999938964844,111.51000213623047,112.37000274658203,118944600
2010-01-05,84.592308044433594,113.62999725341797,113.68000030517578,112.84999847412109,113.26000213623047,111579900
2010-01-06,84.65185546875,113.70999908447266,113.98999786376953,113.43000030517578,113.51999664306641,116074400
2010-01-07,85.009208679199219,114.19000244140625,114.33000183105469,113.18000030517578,113.5,131091100
2010-01-08,85.292083740234375,114.56999969482422,114.62000274658203,113.66000366210938,113.88999938964844,126402800
2010-01-11,85.411201477050781,114.73000335693359,115.12999725341797,114.23999786376953,115.08000183105469,106375700
2010-01-12,84.614639282226562,113.66000366210938,114.20999908447266,113.22000122070312,113.97000122070312,163333500
2010-01-13,85.329338073730469,114.62000274658203,114.94000244140625,113.37000274658203,113.94999694824219,161822000
2010-01-14,85.560127258300781,114.93000030517578,115.13999938964844,114.41999816894531,114.48999786376953,115718800
2010-01-15,84.599761962890625,113.63999938964844,114.83999633789062,113.19999694824219,114.73000335693359,212283100
2010-01-19,85.656883239746094,115.05999755859375,115.12999725341797,113.58999633789062,113.62000274658203,139172700
2010-01-20,84.785881042480469,113.88999938964844,114.44999694824219,112.98000335693359,114.27999877929688,216490200
2010-01-21,83.155502319335938,111.69999694824219,114.26999664306641,111.55999755859375,113.91999816894531,344859600
2010-01-22,81.301834106445312,109.20999908447266,111.73999786376953,109.08999633789062,111.19999694824219,345942400
2010-01-25,81.718727111816406,109.76999664306641,110.41000366210938,109.41000366210938,110.20999908447266,186937500
2010-01-26,81.376258850097656,109.30999755859375,110.47000122070312,109.04000091552734,109.33999633789062,211168800
2010-01-27,81.763397216796875,109.83000183105469,110.08000183105469,108.33000183105469,109.16999816894531,271863600
2010-01-28,80.82537841796875,108.56999969482422,110.25,107.91000366210938,110.19000244140625,316104000
2010-01-29,79.946937561035156,107.38999938964844,109.80000305175781,107.22000122070312,109.04000091552734,310677600
2010-02-01,81.190132141113281,109.05999755859375,109.06999969482422,107.5,108.15000152587891,187865000
2010-02-02,82.172813415527344,110.37999725341797,110.58999633789062,108.87999725341797,109.26000213623047,216327900
2010-02-03,81.763397216796875,109.83000183105469,110.48000335693359,109.51000213623047,109.87999725341797,172730700
2010-02-04,79.239677429199219,106.44000244140625,109.02999877929688,106.41999816894531,108.98000335693359,356715700
2010-02-05,79.403488159179688,106.66000366210938,106.87999725341797,104.58000183105469,106.55999755859375,493585800
2010-02-08,78.83026123046875,105.88999938964844,107.33000183105469,105.80999755859375,106.73999786376953,224166900
2010-02-09,79.820365905761719,107.22000122070312,108.15000152587891,106.26999664306641,107.12999725341797,337820500
2010-02-10,79.664024353027344,107.01000213623047,107.59999847412109,106.11000061035156,107.05000305175781,240511500
2010-02-11,80.497810363769531,108.12999725341797,108.25,106.25,106.87000274658203,223591600
2010-02-12,80.430770874023438,108.04000091552734,108.09999847412109,106.51000213623047,106.98999786376953,304622100
2010-02-16,81.6964111328125,109.73999786376953,109.84999847412109,107.81999969482422,108.86000061035156,159317500
2010-02-17,82.083526611328125,110.26000213623047,110.41000366210938,109.73999786376953,110.26999664306641,168845100
2010-02-18,82.567398071289062,110.91000366210938,111.13999938964844,110.04000091552734,110.08000183105469,193708600
2010-02-19,82.738571166992188,111.13999938964844,111.56999969482422,110.36000061035156,110.62000274658203,222684900
2010-02-22,82.753501892089844,111.16000366210938,111.58000183105469,110.83000183105469,111.55000305175781,132346900
2010-02-23,81.748504638671875,109.80999755859375,111.19999694824219,109.51999664306641,110.86000061035156,207497000
2010-02-24,82.500396728515625,110.81999969482422,111,109.86000061035156,110.13999938964844,176350700
2010-02-25,82.388717651367188,110.66999816894531,110.75,108.94000244140625,109.23999786376953,259634700
2010-02-26,82.44085693359375,110.73999786376953,111.12000274658203,110.11000061035156,110.76999664306641,173589300
2010-03-01,83.296951293945312,111.88999938964844,112,111.16999816894531,111.19999694824219,147709700
2010-03-02,83.527755737304688,112.19999694824219,112.73999786376953,112,112.37000274658203,160992400
2010-03-03,83.6021728515625,112.30000305175781,112.97000122070312,112.01999664306641,112.48999786376953,150785000
2010-03-04,83.85528564453125,112.63999938964844,112.80000305175781,112.02999877929688,112.44999694824219,135770400
2010-03-05,85.05389404296875,114.25,114.33999633789062,113.09999847412109,113.37000274658203,176118800
2010-03-08,85.068748474121094,114.26999664306641,114.51999664306641,114.06999969482422,114.26000213623047,114631200
2010-03-09,85.210189819335938,114.45999908447266,114.98999786376953,113.87000274658203,113.93000030517578,154556700
2010-03-10,85.589851379394531,114.97000122070312,115.27999877929688,114.41000366210938,114.51000213623047,186088800
2010-03-11,85.947219848632812,115.44999694824219,115.48000335693359,114.34999847412109,114.69999694824219,160791100
2010-03-12,85.954673767089844,115.45999908447266,115.97000122070312,115.13999938964844,115.94999694824219,162074800
2010-03-15,85.977012634277344,115.48999786376953,115.56999969482422,114.59999847412109,115.26000213623047,146816800
2010-03-16,86.661895751953125,116.41000366210938,116.51999664306641,115.48999786376953,115.80999755859375,168673000
2010-03-17,87.175552368164062,117.09999847412109,117.48000335693359,116.41999816894531,116.76000213623047,177468100
2010-03-18,87.130905151367188,117.04000091552734,117.26999664306641,116.56999969482422,117.11000061035156,196509100
2010-03-19,86.689834594726562,115.97000122070312,117.29000091552734,115.51999664306641,115.97000122070312,226641100
2010-03-22,87.1533203125,116.58999633789062,116.80000305175781,115.23999786376953,115.30999755859375,184477800
2010-03-23,87.766288757324219,117.41000366210938,117.51000213623047,116.37999725341797,116.76000213623047,182941600
2010-03-24,87.3402099609375,116.83999633789062,117.43000030517578,115.58000183105469,116.97000122070312,196072600
2010-03-25,87.198173522949219,116.65000152587891,118.16999816894531,116.51000213623047,117.62999725341797,223396300
2010-03-26,87.145889282226562,116.58000183105469,117.41999816894531,116.12000274658203,116.87000274658203,205808500
2010-03-29,87.699012756347656,117.31999969482422,117.52999877929688,116.69000244140625,117.16999816894531,134513500
2010-03-30,87.758796691894531,117.40000152587891,117.83000183105469,116.91000366210938,117.45999908447266,145772500
2010-03-31,87.459785461425781,117,117.51999664306641,116.61000061035156,116.94999694824219,161078700
2010-04-01,88.057815551757812,117.80000305175781,118.25,117.09999847412109,117.80000305175781,161215200
2010-04-05,88.775428771972656,118.76000213623047,118.83999633789062,117.91999816894531,118.25,105847600
2010-04-06,88.984779357910156,119.04000091552734,119.25,118.29000091552734,118.41999816894531,110384200
2010-04-07,88.4764404296875,118.36000061035156,119.36000061035156,117.80999755859375,118.80000305175781,184576300
2010-04-08,88.782936096191406,118.76999664306641,118.97000122070312,117.59999847412109,117.94999694824219,158704000
2010-04-09,89.365989685058594,119.55000305175781,119.59999847412109,118.80000305175781,119.01999664306641,133006500
2010-04-12,89.508003234863281,119.73999786376953,120.05000305175781,119.55999755859375,119.69999694824219,110279000
2010-04-13,89.5753173828125,119.83000183105469,120.04000091552734,119,119.62000274658203,125043600
2010-04-14,90.591934204101562,121.19000244140625,121.19000244140625,120.08000183105469,120.26999664306641,161609000
2010-04-15,90.666656494140625,121.29000091552734,121.56999969482422,120.94999694824219,120.98999786376953,144615300
2010-04-16,89.223930358886719,119.36000061035156,121.29000091552734,118.75,120.86000061035156,366786700
2010-04-19,89.560325622558594,119.80999755859375,119.93000030517578,118.47000122070312,119.01000213623047,217947800
2010-04-20,90.360160827636719,120.87999725341797,120.98000335693359,119.87000274658203,120.55999755859375,157708000
2010-04-21,90.19573974609375,120.66000366210938,121.23000335693359,119.98999786376953,120.94999694824219,192910100
2010-04-22,90.464851379394531,121.01999664306641,121.16999816894531,119.12000274658203,119.80999755859375,115360300
2010-04-23,91.055381774902344,121.80999755859375,121.86000061035156,120.62999725341797,120.94000244140625,177335500
2010-04-26,90.711509704589844,121.34999847412109,122.12000274658203,121.23000335693359,121.84999847412109,143457300
2010-04-27,88.566139221191406,118.48000335693359,121.33999633789062,118.25,120.65000152587891,355853300
2010-04-28,89.238914489746094,119.37999725341797,119.68000030517578,118.26999664306641,119.05000305175781,300674100
2010-04-29,90.345222473144531,120.86000061035156,121.11000061035156,120.06999969482422,120.09999847412109,193775000
2010-04-30,88.812812805175781,118.80999755859375,121.01000213623047,118.77999877929688,120.87999725341797,270000900
2010-05-03,89.963996887207031,120.34999847412109,120.68000030517578,119.19999694824219,119.37999725341797,182747900
2010-05-04,87.8485107421875,117.51999664306641,119.02999877929688,116.91999816894531,119.01000213623047,360353400
2010-05-05,87.325248718261719,116.81999969482422,117.80000305175781,115.97000122070312,116.55999755859375,328973200
2010-05-06,84.424896240234375,112.94000244140625,117,105,116.26000213623047,647356600
2010-05-07,83.169075012207031,111.26000213623047,113.76999664306641,109.41000366210938,112.63999938964844,637558800
2010-05-10,86.831893920898438,116.16000366210938,116.65000152587891,114.91000366210938,115.80999755859375,396159600
2010-05-11,86.585197448730469,115.83000183105469,117.36000061035156,114.91000366210938,115.06999969482422,317849800
2010-05-12,87.796180725097656,117.44999694824219,117.62000274658203,116.08999633789062,116.29000091552734,235607100
2010-05-13,86.704788208007812,115.98999786376953,117.68000030517578,115.88999938964844,117.12999725341797,234452500
2010-05-14,85.135017395019531,113.88999938964844,115.33000183105469,112.87000274658203,115.12000274658203,345601400
2010-05-17,85.179862976074219,113.94999694824219,114.51999664306641,111.76999664306641,114.19999694824219,325739800
2010-05-18,84.021186828613281,112.40000152587891,115.22000122070312,112.02999877929688,114.87999725341797,360556800
2010-05-19,83.542800903320312,111.76000213623047,112.76999664306641,110.36000061035156,111.76999664306641,394742700
2010-05-20,80.388282775878906,107.54000091552734,109.88999938964844,107.47000122070312,109.37999725341797,530418300
2010-05-21,81.561897277832031,109.11000061035156,109.37999725341797,105.36000061035156,105.91000366210938,500909400
2010-05-24,80.515365600585938,107.70999908447266,109.38999938964844,107.61000061035156,108.51999664306641,269823000
2010-05-25,80.597579956054688,107.81999969482422,107.87000274658203,104.37999725341797,105.11000061035156,396505200
2010-05-26,80.111663818359375,107.16999816894531,109.47000122070312,106.84999847412109,108.48000335693359,349719300
2010-05-27,82.795272827148438,110.76000213623047,110.80000305175781,108.77999877929688,109.19000244140625,300870500
2010-05-28,81.756240844726562,109.37000274658203,110.72000122070312,108.84999847412109,110.63999938964844,297933500
2010-06-01,80.380805969238281,107.52999877929688,109.94999694824219,107.37000274658203,108.34999847412109,277909400
2010-06-02,82.473861694335938,110.33000183105469,110.33999633789062,107.51000213623047,108.08000183105469,240243700
2010-06-03,82.757919311523438,110.70999908447266,111.05999755859375,109.58000183105469,110.65000152587891,226618300
2010-06-04,79.850067138671875,106.81999969482422,109.33000183105469,106.45999908447266,108.61000061035156,398475600
2010-06-07,78.855873107910156,105.48999786376953,107.61000061035156,105.41000366210938,107.19999694824219,264609100
2010-06-08,79.700569152832031,106.62000274658203,106.83000183105469,104.65000152587891,105.56999969482422,357774300
2010-06-09,79.274490356445312,106.05000305175781,108.27999877929688,105.59999847412109,107.23999786376953,268023300
2010-06-10,81.591789245605469,109.15000152587891,109.27999877929688,106.04000091552734,107.86000061035156,317890600
2010-06-11,81.98797607421875,109.68000030517578,109.75,108.12000274658203,108.19000244140625,214128200
2010-06-14,81.860885620117188,109.51000213623047,111.12000274658203,109.40000152587891,110.51999664306641,207196100
2010-06-15,83.722198486328125,112,112.09999847412109,110.08999633789062,110.27999877929688,238268700
2010-06-16,83.692298889160156,111.95999908447266,112.41999816894531,111.19999694824219,111.41999816894531,216374000
2010-06-17,83.826889038085938,112.13999938964844,112.33000183105469,111.05000305175781,112.27999877929688,263185800
2010-06-18,83.917724609375,111.73000335693359,112.12999725341797,111.37000274658203,111.83000183105469,174006600
2010-06-21,83.677413940429688,111.41000366210938,113.19999694824219,110.79000091552734,113.12000274658203,213140700
2010-06-22,82.29541015625,109.56999969482422,111.90000152587891,109.41000366210938,111.41000366210938,239355400
2010-06-23,82.040077209472656,109.23000335693359,110.02999877929688,108.48000335693359,109.63999938964844,254639900
2010-06-24,80.680587768554688,107.41999816894531,108.83000183105469,107.13999938964844,108.69000244140625,268523600
2010-06-25,81.018608093261719,107.87000274658203,108.41999816894531,106.76999664306641,107.73999786376953,238726500
2010-06-28,80.763221740722656,107.52999877929688,108.31999969482422,107.13999938964844,108.02999877929688,169218600
2010-06-29,78.2696533203125,104.20999908447266,107.51000213623047,103.55000305175781,106.01999664306641,373649500
2010-06-30,77.526115417480469,103.22000122070312,104.87999725341797,102.87999725341797,103.91999816894531,284101700
2010-07-01,77.180595397949219,102.76000213623047,103.48999786376953,101.12999725341797,103.15000152587891,382924800
2010-07-02,76.759979248046875,102.19999694824219,103.41999816894531,101.62000274658203,103.11000061035156,233385200
2010-07-06,77.263198852539062,102.87000274658203,104.37000274658203,101.87999725341797,103.63999938964844,256935300
2010-07-07,79.696701049804688,106.11000061035156,106.23999786376953,103.01999664306641,103.12999725341797,253769400
2010-07-08,80.485336303710938,107.16000366210938,107.27999877929688,105.91000366210938,107,210842100
2010-07-09,81.086181640625,107.95999908447266,107.97000122070312,106.93000030517578,107.12999725341797,144999900
2010-07-12,81.138763427734375,108.02999877929688,108.23999786376953,107.15000152587891,107.59999847412109,131283600
2010-07-13,82.363006591796875,109.66000366210938,110.08999633789062,108.93000030517578,109.15000152587891,213025900
2010-07-14,82.355506896972656,109.65000152587891,110.08000183105469,108.86000061035156,109.30999755859375,184426800
2010-07-15,82.378044128417969,109.68000030517578,110.05999755859375,108.16999816894531,109.61000061035156,232337900
2010-07-16,80.10980224609375,106.66000366210938,109.20999908447266,106.44999694824219,109.08999633789062,282693400
2010-07-19,80.582954406738281,107.29000091552734,107.62999725341797,106.22000122070312,107.05000305175781,186709000
2010-07-20,81.476799011230469,108.48000335693359,108.55999755859375,105.81999969482422,105.87000274658203,258162400
2010-07-21,80.417739868164062,107.06999969482422,109.06999969482422,106.62999725341797,109.04000091552734,264527000
2010-07-22,82.212776184082031,109.45999908447266,109.94000244140625,108.33000183105469,108.33999633789062,274781300
2010-07-23,82.92633056640625,110.41000366210938,110.56999969482422,108.93000030517578,109.23999786376953,222020800
2010-07-26,83.790092468261719,111.55999755859375,111.66999816894531,110.29000091552734,110.59999847412109,184445700
2010-07-27,83.78253173828125,111.55000305175781,112.29000091552734,111.11000061035156,112.16999816894531,204855600
2010-07-28,83.241798400878906,110.83000183105469,111.66000366210938,110.45999908447266,111.31999969482422,163056200
2010-07-29,82.836189270019531,110.29000091552734,111.81999969482422,109.41000366210938,111.51999664306641,220149100
2010-07-30,82.821151733398438,110.26999664306641,110.86000061035156,108.98000335693359,109.16999816894531,220070600
2010-08-02,84.691360473632812,112.76000213623047,112.94000244140625,111.54000091552734,111.98999786376953,188263200
2010-08-03,84.285774230957031,112.22000122070312,112.76999664306641,111.84999847412109,112.48000335693359,146657300
2010-08-04,84.849067687988281,112.97000122070312,113.11000061035156,112.16000366210938,112.52999877929688,158171700
2010-08-05,84.758964538574219,112.84999847412109,112.91000366210938,112.08000183105469,112.25,140473800
2010-08-06,84.413444519042969,112.38999938964844,112.56999969482422,110.91999816894531,111.73999786376953,239728300
2010-08-09,84.864120483398438,112.98999786376953,113.18000030517578,112.31999969482422,112.91999816894531,120800400
2010-08-10,84.405937194824219,112.37999725341797,112.98000335693359,111.37000274658203,112.02999877929688,242916300
2010-08-11,82.092643737792969,109.30000305175781,110.69000244140625,109.12000274658203,110.65000152587891,273406900
2010-08-12,81.589385986328125,108.62999725341797,109.01999664306641,107.59999847412109,107.65000152587891,239542600
2010-08-13,81.349029541015625,108.30999755859375,108.95999908447266,108.18000030517578,108.29000091552734,158698500
2010-08-16,81.311508178710938,108.26000213623047,108.61000061035156,107.18000030517578,107.56999969482422,147895300
2010-08-17,82.310401916503906,109.58999633789062,110.38999938964844,108.87999725341797,109.19000244140625,172270300
2010-08-18,82.460655212402344,109.79000091552734,110.37999725341797,108.91000366210938,109.54000091552734,182922100
2010-08-19,81.026115417480469,107.87999725341797,109.48999786376953,107.43000030517578,109.22000122070312,265847600
2010-08-20,80.763221740722656,107.52999877929688,107.94000244140625,106.75,107.55999755859375,209714200
2010-08-23,80.455268859863281,107.12000274658203,108.56999969482422,107.06999969482422,108.04000091552734,163490300
2010-08-24,79.2611083984375,105.52999877929688,106.38999938964844,104.97000122070312,105.94999694824219,280677800
2010-08-25,79.568992614746094,105.94000244140625,106.33999633789062,104.29000091552734,104.94999694824219,272234800
2010-08-26,79.035736083984375,105.23000335693359,106.58000183105469,104.87999725341797,106.44000244140625,224439500
2010-08-27,80.259986877441406,106.86000061035156,106.97000122070312,104.30999755859375,105.88999938964844,272649000
2010-08-30,79.095809936523438,105.30999755859375,106.91000366210938,105.30000305175781,106.58000183105469,167238600
2010-08-31,79.095809936523438,105.30999755859375,105.98000335693359,104.48999786376953,104.91999816894531,273933100
2010-09-01,81.461708068847656,108.45999908447266,108.61000061035156,106.66000366210938,106.73000335693359,256828100
2010-09-02,82.220314025878906,109.47000122070312,109.48999786376953,108.48999786376953,108.72000122070312,156112200
2010-09-03,83.286819458007812,110.88999938964844,110.98999786376953,109.94999694824219,110.54000091552734,212197300
2010-09-07,82.347991943359375,109.63999938964844,110.51000213623047,109.55000305175781,110.37000274658203,141973700
2010-09-08,82.92633056640625,110.41000366210938,110.84999847412109,109.80999755859375,109.86000061035156,149924400
2010-09-09,83.30938720703125,110.91999816894531,111.68000030517578,110.62000274658203,111.65000152587891,147017900
2010-09-10,83.72998046875,111.48000335693359,111.61000061035156,110.87000274658203,111.12000274658203,127819000
2010-09-13,84.661293029785156,112.72000122070312,112.94999694824219,112.12999725341797,112.58000183105469,178503500
2010-09-14,84.60870361328125,112.65000152587891,113.29000091552734,112.08000183105469,112.5,209823600
2010-09-15,84.93170166015625,113.08000183105469,113.20999908447266,111.98000335693359,112.31999969482422,168608400
2010-09-16,84.909156799316406,113.05000305175781,113.12000274658203,112.34999847412109,112.73000335693359,199962900
2010-09-17,84.940864562988281,112.48999786376953,113.15000152587891,112.18000030517578,113.04000091552734,195836900
2010-09-20,86.239662170410156,114.20999908447266,114.45999908447266,112.51999664306641,112.87999725341797,214555200
2010-09-21,86.06597900390625,113.98000335693359,114.83999633789062,113.51000213623047,114.30000305175781,268389100
2010-09-22,85.643096923828125,113.41999816894531,114.44000244140625,113.09999847412109,113.80000305175781,191322400
2010-09-23,84.948410034179688,112.5,113.66999816894531,112.18000030517578,112.48999786376953,202354300
2010-09-24,86.700271606445312,114.81999969482422,114.90000152587891,113.65000152587891,113.75,209671800
2010-09-27,86.284942626953125,114.26999664306641,114.98999786376953,114.16000366210938,114.86000061035156,128761800
2010-09-28,86.586982727050781,114.66999816894531,115.04000091552734,113.18000030517578,114.41999816894531,209207500
2010-09-29,86.435966491699219,114.47000122070312,114.91000366210938,114.01999664306641,114.37999725341797,179665800
2010-09-30,86.179222106933594,114.12999725341797,115.79000091552734,113.58999633789062,115.05000305175781,287106700
2010-10-01,86.541694641113281,114.61000061035156,115.12000274658203,113.93000030517578,114.98999786376953,174638700
2010-10-04,85.892318725585938,113.75,114.84999847412109,113.18000030517578,114.37000274658203,166153200
2010-10-05,87.621482849121094,116.04000091552734,116.31999969482422,114.66999816894531,114.80000305175781,229634100
2010-10-06,87.613937377929688,116.02999877929688,116.33000183105469,115.55999755859375,116.01999664306641,148626600
2010-10-07,87.508193969726562,115.88999938964844,116.52999877929688,115.19000244140625,116.5,164860000
2010-10-08,87.9990234375,116.54000091552734,116.86000061035156,115.61000061035156,116.05000305175781,177760100
2010-10-11,88.082099914550781,116.65000152587891,116.97000122070312,116.25,116.72000122070312,103098300
2010-10-12,88.35394287109375,117.01000213623047,117.34999847412109,115.65000152587891,116.26999664306641,182210000
2010-10-13,89.041053771972656,117.91999816894531,118.55000305175781,117.37999725341797,117.66000366210938,194347200
2010-10-14,88.6937255859375,117.45999908447266,118.01000213623047,116.72000122070312,117.80999755859375,217764300
2010-10-15,88.874908447265625,117.69999694824219,118.34999847412109,116.76000213623047,118.27999877929688,243705000
2010-10-18,89.312904357910156,118.27999877929688,118.66999816894531,117.30999755859375,117.73999786376953,141204800
2010-10-19,88.142501831054688,116.73000335693359,117.84999847412109,116.01999664306641,117.19000244140625,280604700
2010-10-20,89.003311157226562,117.87000274658203,118.44000244140625,116.87000274658203,116.94000244140625,200051800
2010-10-21,89.199638366699219,118.12999725341797,119.08999633789062,117.20999908447266,118.40000152587891,221585500
2010-10-22,89.365737915039062,118.34999847412109,118.52999877929688,118,118.30999755859375,108212400
2010-10-25,89.630050659179688,118.69999694824219,119.76000213623047,118.61000061035156,119.13999938964844,151145700
2010-10-26,89.645156860351562,118.72000122070312,118.83999633789062,117.87000274658203,118.09999847412109,158982900
2010-10-27,89.388412475585938,118.37999725341797,118.51000213623047,117.26000213623047,117.88999938964844,190024000
2010-10-28,89.403472900390625,118.40000152587891,119.11000061035156,117.83000183105469,119.05999755859375,168576000
2010-10-29,89.471443176269531,118.48999786376953,118.72000122070312,118.06999969482422,118.27999877929688,144305500
2010-11-01,89.501670837402344,118.52999877929688,119.75,117.84999847412109,119.06999969482422,174074800
2010-11-02,90.211448669433594,119.47000122070312,119.75,119.09999847412109,119.41999816894531,158345900
2010-11-03,90.573928833007812,119.94999694824219,120.01999664306641,118.44999694824219,119.68000030517578,226702800
2010-11-04,92.318199157714844,122.26000213623047,122.31999969482422,119.97000122070312,121.27999877929688,215039400
2010-11-05,92.66552734375,122.72000122070312,122.91999816894531,122.18000030517578,122.33999633789062,180654100
2010-11-08,92.491859436035156,122.48999786376953,122.69000244140625,121.94000244140625,122.33999633789062,156107100
2010-11-09,91.827362060546875,121.61000061035156,122.94999694824219,121.12000274658203,122.81999969482422,186621600
2010-11-10,92.197349548339844,122.09999847412109,122.16000366210938,120.66000366210938,121.58000183105469,221387400
2010-11-11,91.850013732910156,121.63999938964844,121.81999969482422,120.68000030517578,121.05000305175781,158017600
2010-11-12,90.762664794921875,120.19999694824219,121.34999847412109,119.65000152587891,120.81999969482422,239068800
2010-11-15,90.634292602539062,120.02999877929688,121.05000305175781,119.98000335693359,120.58000183105469,163940800
2010-11-16,89.222282409667969,118.16000366210938,119.48999786376953,117.58999633789062,119.29000091552734,299566200
2010-11-17,89.267585754394531,118.22000122070312,118.70999908447266,117.86000061035156,118.20999908447266,172308900
2010-11-18,90.581436157226562,119.95999908447266,120.38999938964844,119.34999847412109,119.36000061035156,197723700
2010-11-19,90.830657958984375,120.29000091552734,120.33999633789062,119.25,119.90000152587891,156852900
2010-11-22,90.755149841308594,120.19000244140625,120.23999786376953,118.76999664306641,119.69000244140625,181361000
2010-11-23,89.441230773925781,118.44999694824219,119.01999664306641,117.98999786376953,118.76999664306641,222309000
2010-11-24,90.762664794921875,120.19999694824219,120.23000335693359,119.18000030517578,119.19999694824219,140046100
2010-11-26,89.705535888671875,118.80000305175781,119.80999755859375,118.80000305175781,119.16000366210938,76007800
2010-11-29,89.977394104003906,119.16000366210938,119.48000335693359,117.73999786376953,118.5,223642300
2010-11-30,89.471443176269531,118.48999786376953,119.16999816894531,117.80999755859375,117.98000335693359,233930700
2010-12-01,91.374320983886719,121.01000213623047,121.23999786376953,120.19000244140625,120.19999694824219,221037200
2010-12-02,92.544715881347656,122.55999755859375,122.65000152587891,121.12999725341797,121.19999694824219,191213600
2010-12-03,92.793891906738281,122.88999938964844,123.02999877929688,122.11000061035156,122.13999938964844,151288900
2010-12-06,92.695716857910156,122.76000213623047,123.04000091552734,122.5,122.62999725341797,103050500
2010-12-07,92.748588562011719,122.83000183105469,124.01000213623047,122.76000213623047,123.94000244140625,206581000
2010-12-08,93.088363647460938,123.27999877929688,123.37999725341797,122.41000366210938,122.98000335693359,138019200
2010-12-09,93.450836181640625,123.76000213623047,124.01999664306641,123.15000152587891,123.97000122070312,123705100
2010-12-10,93.994499206542969,124.48000335693359,124.59999847412109,123.73000335693359,124.13999938964844,117571700
2010-12-13,94.054862976074219,124.55999755859375,125.19999694824219,124.51999664306641,125.05000305175781,133812700
2010-12-14,94.137969970703125,124.66999816894531,125.23000335693359,124.29000091552734,124.75,147249600
2010-12-15,93.707588195800781,124.09999847412109,124.93000030517578,123.88999938964844,124.44000244140625,160823100
2010-12-16,94.251228332519531,124.81999969482422,124.91000366210938,123.75,124.18000030517578,185035200
2010-12-17,94.352188110351562,124.30000305175781,124.45999908447266,123.81999969482422,124.08000183105469,141075300
2010-12-20,94.579902648925781,124.59999847412109,124.90000152587891,123.98000335693359,124.63999938964844,119085500
2010-12-21,95.179542541503906,125.38999938964844,125.47000122070312,124.87000274658203,124.98999786376953,94965500
2010-12-22,95.475616455078125,125.77999877929688,125.81999969482422,125.41000366210938,125.48000335693359,78878100
2010-12-23,95.338966369628906,125.59999847412109,125.77999877929688,125.29000091552734,125.63999938964844,70053700
2010-12-27,95.376937866210938,125.65000152587891,125.76999664306641,125.04000091552734,125.12999725341797,58126000
2010-12-28,95.513557434082031,125.83000183105469,125.94999694824219,125.5,125.90000152587891,55309100
2010-12-29,95.58184814453125,125.91999816894531,126.19999694824219,125.90000152587891,125.98000335693359,58033100
2010-12-30,95.430107116699219,125.72000122070312,126.12999725341797,125.52999877929688,125.80000305175781,76616900
2010-12-31,95.452835083007812,125.75,125.87000274658203,125.33000183105469,125.52999877929688,91218900
2011-01-03,96.439620971679688,127.05000305175781,127.59999847412109,125.69999694824219,126.70999908447266,138725200
2011-01-04,96.386482238769531,126.98000335693359,127.37000274658203,126.19000244140625,127.33000183105469,137409700
2011-01-05,96.887519836425781,127.63999938964844,127.72000122070312,126.45999908447266,126.58000183105469,133975300
2011-01-06,96.697715759277344,127.38999938964844,127.83000183105469,127.01000213623047,127.69000244140625,122519000
2011-01-07,96.5079345703125,127.13999938964844,127.76999664306641,126.15000152587891,127.55999755859375,156034600
2011-01-10,96.386482238769531,126.98000335693359,127.16000366210938,126.19999694824219,126.58000183105469,122401700
2011-01-11,96.728065490722656,127.43000030517578,127.73999786376953,126.94999694824219,127.44000244140625,110287000
2011-01-12,97.600990295410156,128.58000183105469,128.72000122070312,127.45999908447266,128.21000671386719,107929200
2011-01-13,97.441596984863281,128.3699951171875,128.69000244140625,128.05000305175781,128.6300048828125,129048400
2011-01-14,98.147537231445312,129.30000305175781,129.33000183105469,128.10000610351562,128.19000244140625,117677900
2011-01-18,98.314529418945312,129.52000427246094,129.63999938964844,129.02999877929688,129.17999267578125,114401300
2011-01-19,97.350509643554688,128.25,129.53999328613281,127.91000366210938,129.41000366210938,151958400
2011-01-20,97.221450805664062,128.08000183105469,128.39999389648438,127.12999725341797,127.95999908447266,175745700
2011-01-21,97.441596984863281,128.3699951171875,129.16999816894531,128.22999572753906,128.8800048828125,151462900
2011-01-24,97.995689392089844,129.10000610351562,129.25,128.25999450683594,128.28999328613281,113715500
2011-01-25,98.048835754394531,129.16999816894531,129.27999877929688,128.11000061035156,128.75999450683594,167552200
2011-01-26,98.428398132324219,129.66999816894531,130.05000305175781,129.22999572753906,129.49000549316406,141281500
2011-01-27,98.671257019042969,129.99000549316406,130.21000671386719,129.47000122070312,129.69999694824219,123302700
2011-01-28,96.948204040527344,127.72000122070312,130.35000610351562,127.51000213623047,130.13999938964844,295637300
2011-01-31,97.676918029785156,128.67999267578125,128.77999877929688,127.75,128.07000732421875,149249200
2011-02-01,99.240562438964844,130.74000549316406,130.97000122070312,129.3800048828125,129.46000671386719,167194300
2011-02-02,99.050834655761719,130.49000549316406,130.83999633789062,130.33000183105469,130.39999389648438,118323600
2011-02-03,99.270927429199219,130.77999877929688,130.97999572753906,129.57000732421875,130.25999450683594,145886700
2011-02-04,99.551788330078125,131.14999389648438,131.19999694824219,130.22999572753906,130.83000183105469,134634800
2011-02-07,100.17427062988281,131.97000122070312,132.39999389648438,131.42999267578125,131.44000244140625,112439100
2011-02-08,100.62966918945312,132.57000732421875,132.63999938964844,131.72999572753906,132.08999633789062,99072800
2011-02-09,100.4019775390625,132.27000427246094,132.6300048828125,131.61000061035156,132.21000671386719,146436700
2011-02-10,100.43992614746094,132.32000732421875,132.47000122070312,131.30000305175781,131.60000610351562,162708500
2011-02-11,101.03958892822266,133.11000061035156,133.27999877929688,131.77000427246094,131.80000305175781,137710300
2011-02-14,101.28246307373047,133.42999267578125,133.53999328613281,132.8800048828125,133.02999877929688,101690700
2011-02-15,100.96368408203125,133.00999450683594,133.22000122070312,132.32000732421875,133.02000427246094,119575400
2011-02-16,101.60130310058594,133.85000610351562,134.00999450683594,133.19000244140625,133.46000671386719,130183500
2011-02-17,101.90489959716797,134.25,134.42999267578125,133.33999633789062,133.46000671386719,109810500
2011-02-18,102.11746215820312,134.52999877929688,134.69000244140625,134.05999755859375,134.3699951171875,130002400
2011-02-22,100.06796264648438,131.83000183105469,134.55999755859375,131.47000122070312,133.1199951171875,233116400
2011-02-23,99.453117370605469,131.02000427246094,132.07000732421875,130.21000671386719,131.75,227584000
2011-02-24,99.384803771972656,130.92999267578125,131.44000244140625,129.69999694824219,130.8800048828125,260431400
2011-02-25,100.44750213623047,132.33000183105469,132.41000366210938,131.39999389648438,131.47999572753906,141686900
2011-02-28,101.06993103027344,133.14999389648438,133.32000732421875,132.3800048828125,132.82000732421875,141585500
2011-03-01,99.384803771972656,130.92999267578125,133.69000244140625,130.88999938964844,133.57000732421875,258565500
2011-03-02,99.597343444824219,131.21000671386719,131.82000732421875,130.35000610351562,130.75,200277400
2011-03-03,101.31283569335938,133.47000122070312,133.6199951171875,132.38999938964844,132.39999389648438,176480100
2011-03-04,100.55378723144531,132.47000122070312,133.6300048828125,131.60000610351562,133.3699951171875,277202300
2011-03-07,99.764328002929688,131.42999267578125,133.16000366210938,130.74000549316406,132.86000061035156,216790400
2011-03-08,100.63724517822266,132.58000183105469,133,131.07000732421875,131.63999938964844,174615000
2011-03-09,100.49301147460938,132.38999938964844,132.80000305175781,131.60000610351562,132.32000732421875,153806000
2011-03-10,98.633338928222656,129.94000244140625,131.17999267578125,129.80999755859375,131,301291800
2011-03-11,99.316482543945312,130.83999633789062,131.30999755859375,129.49000549316406,129.52000427246094,225621800
2011-03-14,98.716827392578125,130.05000305175781,130.47999572753906,129.05999755859375,129.99000549316406,234974100
2011-03-15,97.585800170898438,128.55999755859375,129.33000183105469,126.5,126.58999633789062,359585400
2011-03-16,95.77923583984375,126.18000030517578,128.57000732421875,125.27999877929688,128.14999389648438,468670300
2011-03-17,97.046882629394531,127.84999847412109,128.38999938964844,127.09999847412109,128,254303700
2011-03-18,97.399856567382812,127.76000213623047,128.8800048828125,127.51000213623047,128.83999633789062,230435400
2011-03-21,98.90936279296875,129.74000549316406,130.00999450683594,129.19999694824219,129.35000610351562,153992600
2011-03-22,98.566268920898438,129.28999328613281,129.88999938964844,129.16999816894531,129.72000122070312,129538600
2011-03-23,98.848350524902344,129.66000366210938,130,128.32000732421875,128.92999267578125,148603100
2011-03-24,99.793678283691406,130.89999389648438,131.08999633789062,129.66999816894531,130.39999389648438,159129800
2011-03-25,100.09862518310547,131.30000305175781,131.8699951171875,130.88999938964844,131.24000549316406,155642800
2011-03-28,99.854652404785156,130.97999572753906,131.91999816894531,130.94000244140625,131.58000183105469,109762400
2011-03-29,100.52557373046875,131.86000061035156,131.89999389648438,130.44000244140625,130.8699951171875,129798800
2011-03-30,101.21930694580078,132.77000427246094,133.16000366210938,132.36000061035156,132.55000305175781,135835000
2011-03-31,101.08206939697266,132.58999633789062,132.96000671386719,132.44999694824219,132.60000610351562,132537100
2011-04-01,101.50901031494141,133.14999389648438,133.77000427246094,132.83000183105469,133.41000366210938,153850100
2011-04-04,101.59287261962891,133.25999450683594,133.66999816894531,132.8800048828125,133.42999267578125,100768900
2011-04-05,101.57759094238281,133.24000549316406,133.83000183105469,132.94000244140625,133,120791500
2011-04-06,101.89781951904297,133.66000366210938,134,133.1199951171875,133.8800048828125,120411600
2011-04-07,101.63861846923828,133.32000732421875,133.97999572753906,132.66000366210938,133.41999816894531,170731500
2011-04-08,101.28791046142578,132.86000061035156,133.99000549316406,132.30999755859375,133.91000366210938,147945400
2011-04-11,100.98299407958984,132.46000671386719,133.44999694824219,132.13999938964844,133,121385400
2011-04-12,100.22821807861328,131.47000122070312,131.97999572753906,130.99000549316406,131.72000122070312,161187400
2011-04-13,100.22061157226562,131.46000671386719,132.17999267578125,130.96000671386719,132.08000183105469,162059000
2011-04-14,100.29680633544922,131.55999755859375,131.75999450683594,130.27000427246094,130.69999694824219,161220400
2011-04-15,100.66281127929688,132.03999328613281,132.3699951171875,131.41000366210938,131.80000305175781,170006700
2011-04-18,99.534500122070312,130.55999755859375,132.02999877929688,129.50999450683594,130.58999633789062,210759300
2011-04-19,100.10626983642578,131.30999755859375,131.35000610351562,130.44000244140625,130.75999450683594,124258800
2011-04-20,101.47090911865234,133.10000610351562,133.38999938964844,132.78999328613281,132.8800048828125,156133800
2011-04-21,101.98930358886719,133.77999877929688,133.83999633789062,133.10000610351562,133.78999328613281,135935400
2011-04-25,101.88256072998047,133.63999938964844,133.86000061035156,133.19999694824219,133.67999267578125,65757100
2011-04-26,102.75927734375,134.78999328613281,135.05999755859375,133.91000366210938,134.05000305175781,146600000
2011-04-27,103.43013763427734,135.66999816894531,135.8699951171875,134.5,135.05000305175781,143031000
2011-04-28,103.76554870605469,136.11000061035156,136.28999328613281,135.41000366210938,135.42999267578125,124791100
2011-04-29,104.00958251953125,136.42999267578125,136.57000732421875,135.97999572753906,136.16000366210938,115094100
2011-05-02,103.84944915771484,136.22000122070312,137.17999267578125,135.94999694824219,137.07000732421875,126278700
2011-05-03,103.47592926025391,135.72999572753906,136.19000244140625,135.03999328613281,135.96000671386719,138375000
2011-05-04,102.78973388671875,134.83000183105469,135.72999572753906,134.22999572753906,135.66999816894531,182678500
2011-05-05,101.85968017578125,133.61000061035156,134.94999694824219,133.02000427246094,134.08000183105469,226900000
2011-05-06,102.30947875976562,134.19999694824219,135.6300048828125,133.67999267578125,134.94000244140625,222787200
2011-05-09,102.70590209960938,134.72000122070312,135.11000061035156,133.97999572753906,134.19000244140625,114104500
2011-05-10,103.58263397216797,135.8699951171875,136.11000061035156,135,135.16999816894531,114806900
2011-05-11,102.49249267578125,134.44000244140625,135.69000244140625,133.82000732421875,135.66999816894531,193564200
2011-05-12,102.98037719726562,135.08000183105469,135.36000061035156,133.38999938964844,134.08000183105469,171550700
2011-05-13,102.1875,134.03999328613281,135.33999633789062,133.55999755859375,135.14999389648438,157444900
2011-05-16,101.53947448730469,133.19000244140625,134.61000061035156,132.97000122070312,133.55999755859375,141675400
2011-05-17,101.52425384521484,133.16999816894531,133.35000610351562,132.1199951171875,132.69000244140625,192686200
2011-05-18,102.43145751953125,134.36000061035156,134.5,132.94999694824219,133.24000549316406,135217900
2011-05-19,102.67542266845703,134.67999267578125,135.02999877929688,133.94000244140625,134.80000305175781,119489500
2011-05-20,101.85968017578125,133.61000061035156,134.67999267578125,133.36000061035156,134.33000183105469,182594900
2011-05-23,100.67801666259766,132.05999755859375,132.72000122070312,131.58999633789062,131.97999572753906,168700000
2011-05-24,100.59416198730469,131.94999694824219,132.72999572753906,131.69999694824219,132.44000244140625,147199600
2011-05-25,100.92961120605469,132.38999938964844,132.94000244140625,131.3800048828125,131.41999816894531,151050100
2011-05-26,101.39470672607422,133,133.24000549316406,131.77999877929688,132.02999877929688,164850000
2011-05-27,101.78343200683594,133.50999450683594,133.8699951171875,132.96000671386719,133.3699951171875,120921900
2011-05-31,102.8431396484375,134.89999389648438,134.91999816894531,133.83999633789062,134.77000427246094,164731200
2011-06-01,100.533203125,131.8699951171875,134.91999816894531,131.75999450683594,134.50999450683594,233094300
2011-06-02,100.42642974853516,131.72999572753906,132.24000549316406,130.96000671386719,131.96000671386719,200466800
2011-06-03,99.427749633789062,130.41999816894531,131.41999816894531,130.08000183105469,130.14999389648438,234690200
2011-06-06,98.37567138671875,129.03999328613281,130.36000061035156,128.8699951171875,130.08999633789062,179951200
2011-06-07,98.314674377441406,128.96000671386719,130.07000732421875,128.85000610351562,129.69999694824219,161660500
2011-06-08,97.903022766113281,128.41999816894531,129.19000244140625,128.17999267578125,128.75999450683594,198696400
2011-06-09,98.650146484375,129.39999389648438,129.92999267578125,128.46000671386719,128.77000427246094,160964400
2011-06-10,97.277839660644531,127.59999847412109,128.92999267578125,127.26000213623047,128.85000610351562,238629400
2011-06-13,97.354103088378906,127.69999694824219,128.24000549316406,127.05000305175781,127.88999938964844,207599800
2011-06-14,98.589195251464844,129.32000732421875,129.77000427246094,128.82000732421875,128.8699951171875,160570400
2011-06-15,96.835708618164062,127.01999664306641,129.30000305175781,126.68000030517578,128.24000549316406,300958000
2011-06-16,97.049148559570312,127.30000305175781,127.97000122070312,126.31999969482422,127.05999755859375,308032800
2011-06-17,97.338775634765625,127.05000305175781,127.94000244140625,126.62000274658203,127.93000030517578,233284900
2011-06-20,97.836753845214844,127.69999694824219,127.97000122070312,126.58000183105469,126.62000274658203,159479000
2011-06-21,99.177528381347656,129.44999694824219,129.69999694824219,127.75,128.36000061035156,193157300
2011-06-22,98.579933166503906,128.66999816894531,129.80999755859375,128.58999633789062,129.05000305175781,176703000
2011-06-23,98.296432495117188,128.30000305175781,128.63999938964844,126.19000244140625,127.16000366210938,334286500
2011-06-24,97.154891967773438,126.80999755859375,128.3699951171875,126.62000274658203,128.27000427246094,226129300
2011-06-27,98.020637512207031,127.94000244140625,128.42999267578125,126.63999938964844,126.88999938964844,168904700
2011-06-28,99.300102233886719,129.61000061035156,129.6300048828125,128.27000427246094,128.44999694824219,165556300
2011-06-29,100.15052032470703,130.72000122070312,130.92999267578125,129.6300048828125,130.19999694824219,244295500
2011-06-30,101.10823059082031,131.97000122070312,132.17999267578125,130.71000671386719,131.13999938964844,223322700
2011-07-01,102.60218811035156,133.91999816894531,134.10000610351562,131.77999877929688,132.08999633789062,202385700
2011-07-05,102.51791381835938,133.80999755859375,134.08000183105469,133.38999938964844,133.77999877929688,165936000
2011-07-06,102.64051818847656,133.97000122070312,134.13999938964844,133.11000061035156,133.49000549316406,143331600
2011-07-07,103.70542907714844,135.36000061035156,135.69999694824219,134.8800048828125,135.16000366210938,170464200
2011-07-08,102.96992492675781,134.39999389648438,135.36000061035156,133.38999938964844,133.83000183105469,194100500
2011-07-11,101.10823059082031,131.97000122070312,133.17999267578125,131.66000366210938,132.75,195918600
2011-07-12,100.67148590087891,131.39999389648438,132.77999877929688,131.36000061035156,131.69000244140625,214675700
2011-07-13,101.00859832763672,131.83999633789062,133.22000122070312,131.52000427246094,132.08999633789062,204062600
2011-07-14,100.31138610839844,130.92999267578125,132.77999877929688,130.67999267578125,132.16999816894531,226111800
2011-07-15,100.8936767578125,131.69000244140625,131.8699951171875,130.77000427246094,131.66000366210938,220012800
2011-07-18,100.06622314453125,130.61000061035156,131.27999877929688,129.6300048828125,131.08000183105469,196872100
2011-07-19,101.69046020507812,132.72999572753906,132.88999938964844,131.30999755859375,131.33999633789062,166554900
2011-07-20,101.62915802001953,132.64999389648438,133.14999389648438,132.41999816894531,133.07000732421875,137145400
2011-07-21,103.03890228271484,134.49000549316406,134.82000732421875,132.66999816894531,133.39999389648438,245246300
2011-07-22,103.10787200927734,134.58000183105469,134.72000122070312,133.75999450683594,134.52000427246094,126019400
2011-07-25,102.53325653076172,133.83000183105469,134.49000549316406,133.16000366210938,133.30000305175781,136653800
2011-07-26,102.15016174316406,133.33000183105469,133.96000671386719,133.02999877929688,133.74000549316406,131278200
2011-07-27,100.05860137939453,130.60000610351562,132.6300048828125,130.42999267578125,132.58999633789062,249020100
2011-07-28,99.7674560546875,130.22000122070312,131.77000427246094,130.00999450683594,130.60000610351562,207939900
2011-07-29,99.085578918457031,129.33000183105469,130.55000305175781,127.97000122070312,128.91000366210938,307038400
2011-08-01,98.664222717285156,128.77999877929688,130.96000671386719,127.52999877929688,130.83999633789062,325790900
2011-08-02,96.143569946289062,125.48999786376953,128.5,125.48999786376953,127.80999755859375,346653800
2011-08-03,96.664573669433594,126.16999816894531,126.30999755859375,123.52999877929688,125.66000366210938,370830800
2011-08-04,92.136634826660156,120.26000213623047,124.62000274658203,120.05999755859375,124.41999816894531,520721800
2011-08-05,91.998710632324219,120.08000183105469,122.06999969482422,116.86000061035156,121.76000213623047,655619200
2011-08-08,86.007453918457031,112.26000213623047,120.12000274658203,112.01999664306641,116.91000366210938,702263900
2011-08-09,90.006752014160156,117.48000335693359,117.63999938964844,110.26999664306641,114.06999969482422,717828700
2011-08-10,86.030464172363281,112.29000091552734,116.27999877929688,111.94999694824219,115.26000213623047,662607400
2011-08-11,89.891868591308594,117.33000183105469,118.91999816894531,112.31999969482422,113.26000213623047,487979700
2011-08-12,90.4970703125,118.12000274658203,119.20999908447266,117.27999877929688,118.40000152587891,313731600
2011-08-15,92.4124755859375,120.62000274658203,120.73999786376953,119,119.19000244140625,258810600
2011-08-16,91.623336791992188,119.58999633789062,120.69000244140625,118.30999755859375,119.47000122070312,294095200
2011-08-17,91.684608459472656,119.66999816894531,121.19999694824219,118.72000122070312,120.25,238201100
2011-08-18,87.731285095214844,114.51000213623047,119.70999908447266,113.38999938964844,116.5,512956300
2011-08-19,86.298606872558594,112.63999938964844,115.87999725341797,112.5,112.95999908447266,428281300
2011-08-22,86.367576599121094,112.73000335693359,115.23000335693359,112.41000366210938,115.16999816894531,275090600
2011-08-23,89.209991455078125,116.44000244140625,116.56999969482422,112.58000183105469,113.15000152587891,331136600
2011-08-24,90.466476440429688,118.08000183105469,118.23999786376953,115.91999816894531,116.19000244140625,246869700
2011-08-25,89.087387084960938,116.27999877929688,119.40000152587891,115.87000274658203,118.73000335693359,312365400
2011-08-26,90.382186889648438,117.97000122070312,118.51000213623047,113.84999847412109,115.69000244140625,314495900
2011-08-29,92.979377746582031,121.36000061035156,121.43000030517578,118.05999755859375,119.55999755859375,190977200
2011-08-30,93.224555969238281,121.68000030517578,122.43000030517578,119.26000213623047,120.83000183105469,241315700
2011-08-31,93.638275146484375,122.22000122070312,123.51000213623047,121.30000305175781,122.45999908447266,301828400
2011-09-01,92.657630920410156,120.94000244140625,123.40000152587891,120.77999877929688,122.29000091552734,254585900
2011-09-02,90.29022216796875,117.84999847412109,120.87000274658203,117.43000030517578,118.41999816894531,255517200
2011-09-06,89.63134765625,116.98999786376953,117.16000366210938,114.37999725341797,114.38999938964844,285130500
2011-09-07,92.159652709960938,120.29000091552734,120.33999633789062,118.36000061035156,118.76000213623047,209803200
2011-09-08,91.201942443847656,119.04000091552734,120.94000244140625,118.76999664306641,119.56999969482422,250568200
2011-09-09,88.81158447265625,115.91999816894531,119.05999755859375,115.27999877929688,117.68000030517578,380195100
2011-09-12,89.386192321777344,116.66999816894531,116.76000213623047,114.05000305175781,114.47000122070312,305793500
2011-09-13,90.205963134765625,117.73999786376953,118.18000030517578,116.22000122070312,117.05000305175781,272514700
2011-09-14,91.454742431640625,119.37000274658203,120.80000305175781,116.72000122070312,118.33999633789062,319389500
2011-09-15,93.03302001953125,121.43000030517578,121.47000122070312,119.40000152587891,120.65000152587891,326777200
2011-09-16,93.583656311035156,121.51999664306641,121.97000122070312,120.31999969482422,121.29000091552734,284528300
2011-09-19,92.651817321777344,120.30999755859375,120.93000030517578,118.72000122070312,119.52999877929688,241517000
2011-09-20,92.54400634765625,120.16999816894531,121.98999786376953,120.01000213623047,120.81999969482422,218932200
2011-09-21,89.817817687988281,116.62999725341797,120.59999847412109,116.44000244140625,120.23000335693359,316251300
2011-09-22,86.914512634277344,112.86000061035156,114.20999908447266,111.30000305175781,113.25,513911300
2011-09-23,87.438201904296875,113.54000091552734,114.16000366210938,112.01999664306641,112.11000061035156,307242500
2011-09-26,89.517486572265625,116.23999786376953,116.40000152587891,112.98000335693359,114.61000061035156,260673700
2011-09-27,90.518630981445312,117.54000091552734,119.55999755859375,116.83999633789062,118.52999877929688,311753900
2011-09-28,88.670372009277344,115.13999938964844,118.48999786376953,114.97000122070312,117.77999877929688,286696800
2011-09-29,89.371147155761719,116.05000305175781,117.62999725341797,113.93000030517578,117.05000305175781,298108900
2011-09-30,87.137847900390625,113.15000152587891,115.44999694824219,113.06999969482422,114.44999694824219,288392300
2011-10-03,84.6580810546875,109.93000030517578,113.94999694824219,109.80999755859375,112.48999786376953,365136800
2011-10-04,86.514060974121094,112.33999633789062,112.58000183105469,107.43000030517578,108.34999847412109,459177500
2011-10-05,88.115898132324219,114.41999816894531,114.72000122070312,111.58000183105469,112.62000274658203,284108000
2011-10-06,89.710014343261719,116.48999786376953,116.66000366210938,113.51000213623047,114.36000061035156,257800800
2011-10-07,89.109329223632812,115.70999908447266,117.25,115.05999755859375,117.16999816894531,312657900
2011-10-10,92.089630126953125,119.58000183105469,119.62999725341797,117.66999816894531,117.68000030517578,230666300
2011-10-11,92.182060241699219,119.69999694824219,120.04000091552734,118.75,118.87000274658203,209088000
2011-10-12,92.990676879882812,120.75,122.13999938964844,120.33000183105469,120.59999847412109,281544900
2011-10-13,92.80584716796875,120.51000213623047,120.87000274658203,119.12000274658203,120.04000091552734,212538800
2011-10-14,94.39227294921875,122.56999969482422,122.59999847412109,121.23000335693359,121.91000366210938,211397600
2011-10-17,92.5902099609375,120.23000335693359,122.55000305175781,119.93000030517578,121.98999786376953,202311600
2011-10-18,94.399978637695312,122.58000183105469,123.5,119.19999694824219,120.13999938964844,318857900
2011-10-19,93.283302307128906,121.12999725341797,123.08000183105469,120.70999908447266,122.37999725341797,226601300
2011-10-20,93.691482543945312,121.66000366210938,122.09999847412109,119.81999969482422,121.43000030517578,262075600
2011-10-21,95.470443725585938,123.97000122070312,124.12000274658203,122.72000122070312,123.08999633789062,278999400
2011-10-24,96.640975952148438,125.48999786376953,125.80000305175781,124.05999755859375,124.16999816894531,203215600
2011-10-25,94.761932373046875,123.05000305175781,124.94999694824219,122.77999877929688,124.88999938964844,268596800
2011-10-26,95.724563598632812,124.30000305175781,124.76999664306641,122.20999908447266,124.34999847412109,289053800
2011-10-27,99.059127807617188,128.6300048828125,129.41999816894531,126.61000061035156,127.62999725341797,393220200
2011-10-28,99.036041259765625,128.60000610351562,128.85000610351562,127.80000305175781,128,225906500
2011-10-31,96.648681640625,125.5,128.6199951171875,125.31999969482422,127.16000366210938,228146700
2011-11-01,93.95330810546875,122,123.51000213623047,121.51999664306641,122.02999877929688,416565800
2011-11-02,95.485816955566406,123.98999786376953,124.40000152587891,122.79000091552734,123.83000183105469,244717600
2011-11-03,97.226287841796875,126.25,126.5,123.59999847412109,125.26999664306641,291174800
2011-11-04,96.63330078125,125.48000335693359,125.69999694824219,124.01000213623047,125.23000335693359,249401600
2011-11-07,97.233978271484375,126.26000213623047,126.38999938964844,124.19999694824219,125.38999938964844,196617200
2011-11-08,98.481552124023438,127.87999725341797,128.02000427246094,125.70999908447266,126.91999816894531,224426300
2011-11-09,94.846633911132812,123.16000366210938,125.80000305175781,122.86000061035156,124.88999938964844,337982000
2011-11-10,95.739982604980469,124.31999969482422,124.94000244140625,123.01999664306641,124.79000091552734,231866500
2011-11-11,97.542030334472656,126.66000366210938,126.98999786376953,125.79000091552734,125.83000183105469,189924400
2011-11-14,96.617874145507812,125.45999908447266,127.44999694824219,124.91999816894531,126.19000244140625,159258300
2011-11-15,97.095352172851562,126.08000183105469,126.75,124.72000122070312,125.16999816894531,184709400
2011-11-16,95.555137634277344,124.08000183105469,126.33999633789062,123.90000152587891,124.80999755859375,235782500
2011-11-17,94.038017272949219,122.11000061035156,124.16000366210938,121.23000335693359,123.84999847412109,331219600
2011-11-18,93.937934875488281,121.98000335693359,122.75,121.47000122070312,122.5,215580400
2011-11-21,92.151237487792969,119.66000366210938,120.34999847412109,118.65000152587891,120.19999694824219,229611600
2011-11-22,91.789314270019531,119.19000244140625,120.09999847412109,118.51999664306641,119.40000152587891,216494900
2011-11-23,89.763938903808594,116.55999755859375,119.19000244140625,116.55999755859375,118.06999969482422,224329100
2011-11-25,89.594490051269531,116.33999633789062,117.69999694824219,116.19999694824219,116.37999725341797,99557000
2011-11-28,92.189750671386719,119.70999908447266,120.18000030517578,118.81999969482422,119.54000091552734,210686000
2011-11-29,92.45159912109375,120.05000305175781,121,119.61000061035156,120.05000305175781,199241500
2011-11-30,96.255935668945312,124.98999786376953,125.22000122070312,120,123.48999786376953,324439500
2011-12-01,96.24053955078125,124.97000122070312,125.63999938964844,124.43000030517578,124.84999847412109,176954800
2011-12-02,96.155838012695312,124.86000061035156,126.5,124.77999877929688,126.12000274658203,221109700
2011-12-05,97.203140258789062,126.22000122070312,127.18000030517578,125.44000244140625,126.83999633789062,225263900
2011-12-06,97.233978271484375,126.26000213623047,127.11000061035156,125.76000213623047,126.20999908447266,178842100
2011-12-07,97.595954895019531,126.73000335693359,127.26000213623047,124.97000122070312,125.83999633789062,237802500
2011-12-08,95.455024719238281,123.94999694824219,126.18000030517578,123.65000152587891,125.90000152587891,240862800
2011-12-09,97.072265625,126.05000305175781,126.37000274658203,124.40000152587891,124.51000213623047,209111400
2011-12-12,95.655258178710938,124.20999908447266,124.97000122070312,123.16000366210938,124.94999694824219,215826100
2011-12-13,94.761932373046875,123.05000305175781,125.56999969482422,122.44999694824219,124.86000061035156,245159800
2011-12-14,93.75311279296875,121.73999786376953,123.02999877929688,121.47000122070312,122.55999755859375,238618800
2011-12-15,94.091926574707031,122.18000030517578,123.19999694824219,121.98999786376953,123.02999877929688,199109200
2011-12-16,94.231430053710938,121.58999633789062,122.94999694824219,121.30000305175781,122.23000335693359,220481400
2011-12-19,93.223953247070312,120.29000091552734,122.31999969482422,120.02999877929688,122.05999755859375,183903000
2011-12-20,96.044944763183594,123.93000030517578,124.13999938964844,120.37000274658203,122.18000030517578,225418100
2011-12-21,96.230918884277344,124.16999816894531,124.36000061035156,122.75,123.93000030517578,194230900
2011-12-22,97.0833740234375,125.26999664306641,125.40000152587891,124.23000335693359,124.62999725341797,119465400
2011-12-23,97.951393127441406,126.38999938964844,126.43000030517578,125.41000366210938,125.66999816894531,92187200
2011-12-27,98.028892517089844,126.48999786376953,126.81999969482422,126.05999755859375,126.16999816894531,86075700
2011-12-28,96.742424011230469,124.83000183105469,126.52999877929688,124.73000335693359,126.51000213623047,119107100
2011-12-29,97.742141723632812,126.12000274658203,126.25,124.86000061035156,125.23999786376953,123507200
2011-12-30,97.261650085449219,125.5,126.33000183105469,125.5,126.01999664306641,95599000
2012-01-03,98.811653137207031,127.5,128.3800048828125,127.43000030517578,127.76000213623047,193697900
2012-01-04,98.966644287109375,127.69999694824219,127.80999755859375,126.70999908447266,127.19999694824219,127186500
2012-01-05,99.230117797851562,128.03999328613281,128.22999572753906,126.43000030517578,127.01000213623047,173895000
2012-01-06,98.974388122558594,127.70999908447266,128.22000122070312,127.29000091552734,128.19999694824219,148050000
2012-01-09,99.214653015136719,128.02000427246094,128.17999267578125,127.41000366210938,128,99530200
2012-01-10,100.07487487792969,129.1300048828125,129.64999389648438,128.94999694824219,129.38999938964844,115282000
2012-01-11,100.12911987304688,129.19999694824219,129.3699951171875,128.52000427246094,128.72999572753906,111540700
2012-01-12,100.369384765625,129.50999450683594,129.69999694824219,128.53999328613281,129.57000732421875,118983700
2012-01-13,99.850112915039062,128.83999633789062,129.05000305175781,127.72000122070312,128.63999938964844,179836200
2012-01-17,100.23759460449219,129.33999633789062,130.32000732421875,128.89999389648438,130.08000183105469,132209200
2012-01-18,101.34587860107422,130.77000427246094,130.83999633789062,129.08000183105469,129.30999755859375,163395200
2012-01-19,101.88060760498047,131.46000671386719,131.57000732421875,130.80000305175781,131.22000122070312,126328900
2012-01-20,102.26036834716797,131.94999694824219,131.94999694824219,130.91999816894531,131.24000549316406,138230200
2012-01-23,101.99686431884766,131.61000061035156,132.25,130.97999572753906,131.50999450683594,129295800
2012-01-24,101.88060760498047,131.46000671386719,131.5,130.60000610351562,130.80000305175781,103083300
2012-01-25,102.73313903808594,132.55999755859375,132.8699951171875,130.75,131.25999450683594,198613200
2012-01-26,102.20613098144531,131.8800048828125,133.39999389648438,131.36000061035156,133.14999389648438,184880500
2012-01-27,102.15962219238281,131.82000732421875,132.05000305175781,131.14999389648438,131.24000549316406,135259100
2012-01-30,101.81084442138672,131.3699951171875,131.44000244140625,130.05999755859375,130.50999450683594,147311800
2012-01-31,101.77212524414062,131.32000732421875,132.17999267578125,130.67999267578125,132.02000427246094,157212000
2012-02-01,102.66336059570312,132.47000122070312,133.13999938964844,132.1300048828125,132.28999328613281,166234500
2012-02-02,102.82611846923828,132.67999267578125,133.02000427246094,132.21000671386719,132.72999572753906,113090400
2012-02-03,104.26756286621094,134.53999328613281,134.6199951171875,133.77000427246094,134,160598500
2012-02-06,104.19780731201172,134.44999694824219,134.50999450683594,133.83000183105469,133.97999572753906,107694500
2012-02-07,104.46131896972656,134.78999328613281,135.02000427246094,133.63999938964844,134.16999816894531,135528100
2012-02-08,104.77135467529297,135.19000244140625,135.22000122070312,134.30999755859375,134.86000061035156,139361400
2012-02-09,104.903076171875,135.36000061035156,135.58999633789062,134.55999755859375,135.41000366210938,148602900
2012-02-10,104.12807464599609,134.36000061035156,134.47000122070312,133.83999633789062,134.16000366210938,167907500
2012-02-13,104.903076171875,135.36000061035156,135.52000427246094,134.74000549316406,135.32000732421875,115841900
2012-02-14,104.77135467529297,135.19000244140625,135.27000427246094,134.25,135,165329500
2012-02-15,104.28306579589844,134.55999755859375,135.83000183105469,134.28999328613281,135.6300048828125,195195100
2012-02-16,105.43784332275391,136.05000305175781,136.16999816894531,134.33000183105469,134.57000732421875,186567800
2012-02-17,105.71682739257812,136.41000366210938,136.6300048828125,135.96000671386719,136.52000427246094,129869400
2012-02-21,105.76329803466797,136.47000122070312,137.05000305175781,136.05000305175781,136.72999572753906,134042300
2012-02-22,105.42231750488281,136.02999877929688,136.55000305175781,135.78999328613281,136.25999450683594,124455300
2012-02-23,105.88731384277344,136.6300048828125,136.72999572753906,135.5,135.96000671386719,137704300
2012-02-24,106.11982727050781,136.92999267578125,137.19999694824219,136.6300048828125,136.92999267578125,105539100
2012-02-27,106.29805755615234,137.16000366210938,137.52999877929688,135.80000305175781,136.02000427246094,145728900
2012-02-28,106.60809326171875,137.55999755859375,137.72000122070312,136.92999267578125,137.19999694824219,129355900
2012-02-29,106.18956756591797,137.02000427246094,138.19000244140625,136.53999328613281,137.75999450683594,185934700
2012-03-01,106.73980712890625,137.72999572753906,137.99000549316406,136.92999267578125,137.30999755859375,145023500
2012-03-02,106.41433715820312,137.30999755859375,137.82000732421875,137,137.63999938964844,120638300
2012-03-05,105.98033142089844,136.75,137.19999694824219,136.27999877929688,137.10000610351562,140765000
2012-03-06,104.43035125732422,134.75,135.42999267578125,134.36000061035156,135.35000610351562,202129900
2012-03-07,105.15880584716797,135.69000244140625,135.91000366210938,134.92999267578125,135.05999755859375,143692200
2012-03-08,106.20507049560547,137.03999328613281,137.32000732421875,136.24000549316406,136.52000427246094,116968900
2012-03-09,106.61586761474609,137.57000732421875,137.92999267578125,137.1300048828125,137.30000305175781,122836800
2012-03-12,106.62358093261719,137.58000183105469,137.75999450683594,137.08999633789062,137.55000305175781,104003500
2012-03-13,108.54554748535156,140.05999755859375,140.1300048828125,138.08999633789062,138.32000732421875,184090500
2012-03-14,108.42934417724609,139.91000366210938,140.44999694824219,139.47999572753906,140.10000610351562,145163600
2012-03-15,109.05707550048828,140.72000122070312,140.77999877929688,139.75999450683594,140.1199951171875,165118500
2012-03-16,109.20808410644531,140.30000305175781,140.47999572753906,140,140.36000061035156,152893500
2012-03-19,109.63612365722656,140.85000610351562,141.27999877929688,140.11000061035156,140.21000671386719,125291100
2012-03-20,109.31703186035156,140.44000244140625,140.61000061035156,139.63999938964844,140.05000305175781,121729700
2012-03-21,109.13801574707031,140.21000671386719,140.64999389648438,139.91999816894531,140.52000427246094,122388400
2012-03-22,108.35182952880859,139.19999694824219,139.55000305175781,138.74000549316406,139.17999267578125,135216700
2012-03-23,108.70209503173828,139.64999389648438,139.80999755859375,138.55000305175781,139.32000732421875,120521000
2012-03-26,110.227783203125,141.61000061035156,141.61000061035156,140.60000610351562,140.64999389648438,120164000
2012-03-27,109.88527679443359,141.16999816894531,141.83000183105469,141.08000183105469,141.74000549316406,119868500
2012-03-28,109.34037780761719,140.47000122070312,141.32000732421875,139.63999938964844,141.10000610351562,148562100
2012-03-29,109.153564453125,140.22999572753906,140.49000549316406,139.08999633789062,139.63999938964844,164963700
2012-03-30,109.60500335693359,140.80999755859375,141.05000305175781,140.05000305175781,140.91999816894531,135486800
2012-04-02,110.40676116943359,141.83999633789062,142.21000671386719,140.36000061035156,140.63999938964844,151741100
2012-04-03,109.95532989501953,141.25999450683594,141.8800048828125,140.42999267578125,141.63999938964844,155806700
2012-04-04,108.86555480957031,139.86000061035156,140.33999633789062,139.33999633789062,140.22000122070312,146896000
2012-04-05,108.81106567382812,139.78999328613281,140.19999694824219,139.25999450683594,139.3800048828125,137439400
2012-04-09,107.58900451660156,138.22000122070312,139.83999633789062,137.83999633789062,138.02999877929688,127555900
2012-04-10,105.78313446044922,135.89999389648438,138.33999633789062,135.75999450683594,137.94999694824219,235360300
2012-04-11,106.63938140869141,137,137.53999328613281,136.75,137.28999328613281,154133000
2012-04-12,108.03269195556641,138.78999328613281,138.89999389648438,137.02999877929688,137.1300048828125,154321500
2012-04-13,106.74832916259766,137.13999938964844,138.82000732421875,137.00999450683594,138.47000122070312,169246700
2012-04-16,106.67828369140625,137.05000305175781,138.03999328613281,136.58000183105469,137.83999633789062,147825300
2012-04-17,108.2584228515625,139.08000183105469,139.36000061035156,137.69999694824219,137.83999633789062,147877600
2012-04-18,107.89256286621094,138.61000061035156,139.08000183105469,138.3800048828125,138.46000671386719,123884200
2012-04-19,107.19979858398438,137.72000122070312,139.14999389648438,137.07000732421875,138.6300048828125,198666700
2012-04-20,107.37889099121094,137.94999694824219,138.83000183105469,137.8699951171875,138.33000183105469,143199600
2012-04-23,106.47590637207031,136.78999328613281,136.91000366210938,135.94000244140625,136.53999328613281,171844900
2012-04-24,106.88069915771484,137.30999755859375,137.66000366210938,136.80000305175781,136.91000366210938,137484200
2012-04-25,108.34408569335938,139.19000244140625,139.25,138.52999877929688,138.64999389648438,150252200
2012-04-26,109.09909057617188,140.16000366210938,140.32000732421875,138.80999755859375,138.88999938964844,136291600
2012-04-27,109.27813720703125,140.38999938964844,140.78999328613281,139.80000305175781,140.58000183105469,130725000
2012-04-30,108.87337493896484,139.8699951171875,140.21000671386719,139.49000549316406,140.11000061035156,115092200
2012-05-01,109.55057525634766,140.74000549316406,141.66000366210938,139.6300048828125,139.78999328613281,138832200
2012-05-02,109.22360229492188,140.32000732421875,140.46000671386719,139.46000671386719,139.91999816894531,121081000
2012-05-03,108.39075469970703,139.25,140.44999694824219,138.99000549316406,140.33999633789062,143759700
2012-05-04,106.63938140869141,137,139.30000305175781,136.91999816894531,138.52000427246094,193927300
2012-05-07,106.71718597412109,137.10000610351562,137.55999755859375,136.46000671386719,136.50999450683594,127765900
2012-05-08,106.28907775878906,136.55000305175781,136.77000427246094,134.91999816894531,136.27999877929688,213377700
2012-05-09,105.65861511230469,135.74000549316406,136.61000061035156,134.49000549316406,135.10000610351562,220752500
2012-05-10,105.87657928466797,136.02000427246094,136.85000610351562,135.71000671386719,136.67999267578125,150600000
2012-05-11,105.55743408203125,135.61000061035156,136.8699951171875,135.11000061035156,135.16999816894531,153032400
2012-05-14,104.38986206054688,134.11000061035156,135.61000061035156,133.91000366210938,134.30999755859375,163910000
2012-05-15,103.79043579101562,133.33999633789062,134.80999755859375,133.1300048828125,134.02000427246094,207629300
2012-05-16,103.39351654052734,132.83000183105469,134.55000305175781,132.80000305175781,133.94000244140625,207265500
2012-05-17,101.86006927490234,130.86000061035156,133.02000427246094,130.78999328613281,132.86000061035156,247992900
2012-05-18,100.98829650878906,129.74000549316406,131.60000610351562,129.55000305175781,131.3699951171875,319615900
2012-05-21,102.72407531738281,131.97000122070312,132.02000427246094,129.94999694824219,130.16000366210938,177861100
2012-05-22,102.903076171875,132.19999694824219,133.22999572753906,131.33999633789062,132.30999755859375,197531200
2012-05-23,102.95762634277344,132.27000427246094,132.46000671386719,129.99000549316406,131.25,204958400
2012-05-24,103.15996551513672,132.52999877929688,132.83999633789062,131.41999816894531,132.6300048828125,167357600
2012-05-25,102.82525634765625,132.10000610351562,132.85000610351562,131.77999877929688,132.47999572753906,135465600
2012-05-29,104.0706787109375,133.69999694824219,133.92999267578125,131.16999816894531,133.16000366210938,152883500
2012-05-30,102.56062316894531,131.75999450683594,133.69000244140625,131.49000549316406,132.55999755859375,162370400
2012-05-31,102.33485412597656,131.47000122070312,132.44999694824219,130.33999633789062,131.71000671386719,196186000
2012-06-01,99.758399963378906,128.16000366210938,131.5,128.16000366210938,129.41000366210938,253240900
2012-06-04,99.711715698242188,128.10000610351562,128.74000549316406,127.13999938964844,128.38999938964844,202545800
2012-06-05,100.46675109863281,129.07000732421875,129.25999450683594,127.77999877929688,127.84999847412109,164149400
2012-06-06,102.72407531738281,131.97000122070312,132.02999877929688,129.92999267578125,129.97000122070312,184202800
2012-06-07,102.78635406494141,132.05000305175781,133.52999877929688,131.77999877929688,133.47000122070312,184772700
2012-06-08,103.60366821289062,133.10000610351562,133.1300048828125,131.28999328613281,131.71000671386719,143915400
2012-06-11,102.28814697265625,131.41000366210938,134.25,131.27999877929688,134.16999816894531,169756100
2012-06-12,103.46356201171875,132.91999816894531,133.00999450683594,131.16000366210938,131.78999328613281,181931800
2012-06-13,102.80191040039062,132.07000732421875,133.36000061035156,131.6199951171875,132.52999877929688,172223900
2012-06-14,103.89164733886719,133.47000122070312,134,131.97999572753906,132.33999633789062,230615500
2012-06-15,104.95417022705078,134.13999938964844,134.25999450683594,133.10000610351562,133.3800048828125,169444500
2012-06-18,105.15761566162109,134.39999389648438,134.72999572753906,133.27999877929688,133.58000183105469,131360900
2012-06-19,106.17478179931641,135.69999694824219,136.25,134.3699951171875,135.08000183105469,137382600
2012-06-20,106.00263977050781,135.47999572753906,136.10000610351562,134.27000427246094,135.71000671386719,206451800
2012-06-21,103.62408447265625,132.44000244140625,135.77999877929688,132.33000183105469,135.63999938964844,205272200
2012-06-22,104.42215728759766,133.46000671386719,133.71000671386719,132.6199951171875,133.1300048828125,130029200
2012-06-25,102.74778747558594,131.32000732421875,132.10000610351562,130.85000610351562,132.05000305175781,146375700
2012-06-26,103.26414489746094,131.97999572753906,132.3800048828125,130.92999267578125,131.69999694824219,141634000
2012-06-27,104.19523620605469,133.16999816894531,133.42999267578125,131.97000122070312,132.41999816894531,108088000
2012-06-28,103.89791870117188,132.78999328613281,132.99000549316406,131.27999877929688,132.28999328613281,169242100
2012-06-29,106.48769378662109,136.10000610351562,136.27000427246094,134.85000610351562,135.19999694824219,212250900
2012-07-02,106.80852508544922,136.50999450683594,136.64999389648438,135.52000427246094,136.47999572753906,129524500
2012-07-03,107.51268768310547,137.41000366210938,137.50999450683594,136.33999633789062,136.47999572753906,80450000
2012-07-05,107.02762603759766,136.78999328613281,137.80000305175781,136.28999328613281,136.89999389648438,126177500
2012-07-06,106.01044464111328,135.49000549316406,135.77000427246094,134.85000610351562,135.47000122070312,151192100
2012-07-09,105.87746429443359,135.32000732421875,135.57000732421875,134.69999694824219,135.3800048828125,103780500
2012-07-10,104.95417022705078,134.13999938964844,136.22999572753906,133.67999267578125,136.00999450683594,167884800
2012-07-11,104.96981811523438,134.16000366210938,134.60000610351562,133.3800048828125,134.21000671386719,141733400
2012-07-12,104.46125030517578,133.50999450683594,134.22999572753906,132.60000610351562,133.3800048828125,143583200
2012-07-13,106.21389007568359,135.75,135.88999938964844,133.83999633789062,133.86000061035156,129642600
2012-07-16,105.96352386474609,135.42999267578125,135.83000183105469,134.89999389648438,135.44000244140625,97525200
2012-07-17,106.69117736816406,136.36000061035156,136.63999938964844,134.55000305175781,135.97000122070312,138860300
2012-07-18,107.48143005371094,137.3699951171875,137.63999938964844,135.96000671386719,136.03999328613281,113349700
2012-07-19,107.76309204101562,137.72999572753906,138.17999267578125,137.21000671386719,137.64999389648438,129847300
2012-07-20,106.77720642089844,136.47000122070312,137.16000366210938,136.32000732421875,136.94999694824219,142904500
2012-07-23,105.69750213623047,135.08999633789062,136.3800048828125,133.83999633789062,134.47000122070312,145210900
2012-07-24,104.78989410400391,133.92999267578125,135.25,133.02999877929688,135.19000244140625,173301200
2012-07-25,104.81336212158203,133.96000671386719,134.55999755859375,133.25,134.21000671386719,129122300
2012-07-26,106.54250335693359,136.16999816894531,136.46000671386719,135.25999450683594,135.88999938964844,156526500
2012-07-27,108.50639343261719,138.67999267578125,139.07000732421875,136.13999938964844,136.88999938964844,236768900
2012-07-30,108.50639343261719,138.67999267578125,139.33999633789062,138.27000427246094,138.52000427246094,106782000
2012-07-31,107.74742889404297,137.71000671386719,138.8699951171875,137.71000671386719,138.49000549316406,120575900
2012-08-01,107.653564453125,137.58999633789062,138.72999572753906,137.39999389648438,138.69999694824219,138293800
2012-08-02,106.91025543212891,136.63999938964844,137.57000732421875,135.58000183105469,136.55000305175781,199556600
2012-08-03,109.03063201904297,139.35000610351562,139.63999938964844,136.67999267578125,138.55999755859375,157825000
2012-08-06,109.24187469482422,139.6199951171875,140.16999816894531,139.55999755859375,139.72000122070312,86326200
2012-08-07,109.78959655761719,140.32000732421875,140.91999816894531,140.02999877929688,140.17999267578125,109545100
2012-08-08,109.92258453369141,140.49000549316406,140.64999389648438,139.80999755859375,139.85000610351562,89754700
2012-08-09,110.01649475097656,140.61000061035156,140.88999938964844,140.14999389648438,140.28999328613281,90291700
2012-08-10,110.19643402099609,140.83999633789062,140.88999938964844,139.80999755859375,140.03999328613281,99792700
2012-08-13,110.14165496826172,140.77000427246094,140.83999633789062,140.03999328613281,140.60000610351562,79426900
2012-08-14,110.15731048583984,140.78999328613281,141.3800048828125,140.3699951171875,141.28999328613281,102379400
2012-08-15,110.282470703125,140.94999694824219,141.19000244140625,140.55000305175781,140.63999938964844,71085900
2012-08-16,111.09623718261719,141.99000549316406,142.16000366210938,140.80000305175781,141.14999389648438,112014200
2012-08-17,111.24489593505859,142.17999267578125,142.30000305175781,141.86000061035156,142.22999572753906,90813700
2012-08-20,111.25270843505859,142.19000244140625,142.22000122070312,141.58999633789062,141.97999572753906,78255700
2012-08-21,110.91623687744141,141.75999450683594,143.08999633789062,141.44999694824219,142.53999328613281,105581100
2012-08-22,110.96319580078125,141.82000732421875,142.05000305175781,141.07000732421875,141.39999389648438,133243500
2012-08-23,110.05558013916016,140.66000366210938,141.47999572753906,140.44000244140625,141.47000122070312,111466400
2012-08-24,110.72066497802734,141.50999450683594,141.83000183105469,140.22000122070312,140.30999755859375,99481200
2012-08-27,110.744140625,141.53999328613281,142.08000183105469,141.33999633789062,141.88999938964844,68785900
2012-08-28,110.63455963134766,141.39999389648438,141.83999633789062,140.97000122070312,141.17999267578125,75689600
2012-08-29,110.72066497802734,141.50999450683594,141.88999938964844,141.1199951171875,141.52000427246094,65421300
2012-08-30,109.92258453369141,140.49000549316406,140.94000244140625,140.19000244140625,140.89999389648438,96589900
2012-08-31,110.44683837890625,141.16000366210938,141.82000732421875,140.36000061035156,141.28999328613281,151970400
2012-09-04,110.3450927734375,141.02999877929688,141.46000671386719,140.1300048828125,141.03999328613281,120226200
2012-09-05,110.25120544433594,140.91000366210938,141.47000122070312,140.6300048828125,141.08999633789062,100660300
2012-09-06,112.4888916015625,143.77000427246094,143.77999877929688,141.75,141.75999450683594,158272500
2012-09-07,112.92707061767578,144.33000183105469,144.38999938964844,143.8800048828125,144.00999450683594,107272100
2012-09-10,112.28549957275391,143.50999450683594,144.44000244140625,143.46000671386719,144.19000244140625,86458500
2012-09-11,112.59846496582031,143.91000366210938,144.3699951171875,143.55999755859375,143.60000610351562,88760000
2012-09-12,112.97400665283203,144.38999938964844,144.55000305175781,143.89999389648438,144.38999938964844,87640900
2012-09-13,114.69538116455078,146.58999633789062,147.03999328613281,143.99000549316406,144.3699951171875,225470200
2012-09-14,115.20395660400391,147.24000549316406,148.11000061035156,146.75999450683594,146.8800048828125,169777000
2012-09-17,114.81278991699219,146.74000549316406,147.19000244140625,146.3699951171875,146.94000244140625,119427800
2012-09-18,114.71880340576172,146.6199951171875,146.80999755859375,146.25,146.49000549316406,98326600
2012-09-19,114.78142547607422,146.69999694824219,147.16999816894531,146.41000366210938,146.78999328613281,128318300
2012-09-20,114.78926086425781,146.71000671386719,146.78999328613281,145.6300048828125,146.02999877929688,154009800
2012-09-21,114.74125671386719,145.8699951171875,146.66999816894531,145.80999755859375,146.63999938964844,108737500
2012-09-24,114.56824493408203,145.64999389648438,145.97999572753906,145.03999328613281,145.14999389648438,95682000
2012-09-25,113.34896087646484,144.10000610351562,146.24000549316406,144.05999755859375,145.96000671386719,133165200
2012-09-26,112.71183013916016,143.28999328613281,144.11000061035156,142.94999694824219,144.07000732421875,146502200
2012-09-27,113.77376556396484,144.63999938964844,144.97000122070312,143.50999450683594,143.88999938964844,111830300
2012-09-28,113.24676513671875,143.97000122070312,144.55999755859375,143.46000671386719,144.08999633789062,150696100
2012-10-01,113.54560852050781,144.35000610351562,145.69000244140625,144.00999450683594,144.52000427246094,135911200
2012-10-02,113.66361236572266,144.5,145.14999389648438,143.83000183105469,144.91999816894531,113422200
2012-10-03,114.12770080566406,145.08999633789062,145.42999267578125,144.1300048828125,144.88999938964844,121283100
2012-10-04,114.94576263427734,146.1300048828125,146.33999633789062,145.44000244140625,145.63999938964844,124311600
2012-10-05,114.95368194580078,146.13999938964844,147.16000366210938,145.69999694824219,146.91000366210938,124842100
2012-10-08,114.56034851074219,145.63999938964844,146.1199951171875,145.30999755859375,145.60000610351562,78415400
2012-10-09,113.42763519287109,144.19999694824219,145.64999389648438,144.14999389648438,145.52999877929688,148872900
2012-10-10,112.70396423339844,143.27999877929688,144.32000732421875,143.08999633789062,144.17999267578125,124247500
2012-10-11,112.76686859130859,143.36000061035156,144.49000549316406,143.33000183105469,144.27999877929688,123601500
2012-10-12,112.39722442626953,142.88999938964844,143.94999694824219,142.58000183105469,143.46000671386719,124181900
2012-10-15,113.33331298828125,144.08000183105469,144.22999572753906,142.77000427246094,143.22999572753906,107689100
2012-10-16,114.48167419433594,145.53999328613281,145.63999938964844,144.66000366210938,144.75999450683594,108815500
2012-10-17,115.00083160400391,146.19999694824219,146.32000732421875,145.41999816894531,145.63999938964844,128834100
2012-10-18,114.70187377929688,145.82000732421875,146.52000427246094,145.33000183105469,145.82000732421875,148108500
2012-10-19,112.79046630859375,143.38999938964844,145.55999755859375,143.05000305175781,145.55000305175781,185645200
2012-10-22,112.80623626708984,143.41000366210938,143.66999816894531,142.27999877929688,143.14999389648438,125578600
2012-10-23,111.24090576171875,141.41999816894531,142.05999755859375,140.83000183105469,141.86000061035156,192056300
2012-10-24,110.92623138427734,141.02000427246094,142.10000610351562,140.80000305175781,141.92999267578125,120179400
2012-10-25,111.24876403808594,141.42999267578125,142.27999877929688,140.57000732421875,142.02000427246094,134457400
2012-10-26,111.18582916259766,141.35000610351562,141.83999633789062,140.38999938964844,141.30000305175781,146023500
2012-10-31,111.18582916259766,141.35000610351562,142.02999877929688,140.67999267578125,141.85000610351562,103438500
2012-11-01,112.34999847412109,142.83000183105469,143.00999450683594,141.52000427246094,141.64999389648438,100995600
2012-11-02,111.35102081298828,141.55999755859375,143.72000122070312,141.41000366210938,143.67999267578125,137702200
2012-11-05,111.57911682128906,141.85000610351562,142.16999816894531,140.92999267578125,141.35000610351562,98378500
2012-11-06,112.45230865478516,142.96000671386719,143.52000427246094,142.1300048828125,142.27999877929688,107068100
2012-11-07,109.90370178222656,139.72000122070312,141.67999267578125,139.05999755859375,141.66000366210938,264304500
2012-11-08,108.58219146728516,138.03999328613281,140.41000366210938,137.92999267578125,139.69999694824219,181517300
2012-11-09,108.67655944824219,138.16000366210938,139.44000244140625,137.55000305175781,137.6199951171875,201055300
2012-11-12,108.76312255859375,138.27000427246094,138.80999755859375,137.96000671386719,138.58999633789062,97677500
2012-11-13,108.38554382324219,137.78999328613281,139.25,137.36000061035156,137.53999328613281,123018300
2012-11-14,106.92245483398438,135.92999267578125,138.42999267578125,135.6199951171875,138.21000671386719,191505000
2012-11-15,106.74158477783203,135.69999694824219,136.49000549316406,135.17999267578125,135.97999572753906,178128400
2012-11-16,107.26857757568359,136.3699951171875,136.63999938964844,134.69999694824219,135.89999389648438,239483900
2012-11-19,109.43962097167969,139.1300048828125,139.14999389648438,136.41000366210938,137.89999389648438,151495800
2012-11-20,109.48677825927734,139.19000244140625,139.41999816894531,138.08000183105469,138.91000366210938,119807400
2012-11-21,109.69129943847656,139.44999694824219,139.57000732421875,139.02999877929688,139.30999755859375,81710800
2012-11-23,111.18582916259766,141.35000610351562,141.39999389648438,140.03999328613281,140.1300048828125,65409200
2012-11-26,110.94985961914062,141.05000305175781,141.36000061035156,140.19000244140625,140.64999389648438,100124400
2012-11-27,110.38352203369141,140.33000183105469,141.38999938964844,140.24000549316406,140.91000366210938,128646200
2012-11-28,111.27236938476562,141.46000671386719,141.53999328613281,139,139.75999450683594,177086500
2012-11-29,111.79151916503906,142.1199951171875,142.50999450683594,141.3699951171875,141.99000549316406,151085900
2012-11-30,111.81510925292969,142.14999389648438,142.41999816894531,141.66000366210938,142.13999938964844,136568300
2012-12-03,111.26447296142578,141.44999694824219,142.91999816894531,141.33999633789062,142.80000305175781,124656300
2012-12-04,111.10718536376953,141.25,141.8699951171875,140.8699951171875,141.44000244140625,127512200
2012-12-05,111.3038330078125,141.5,142.16000366210938,140.3699951171875,141.3699951171875,147300500
2012-12-06,111.68137359619141,141.97999572753906,142.03999328613281,141.16000366210938,141.3699951171875,103220600
2012-12-07,112.01963043212891,142.41000366210938,142.69000244140625,141.66999816894531,142.52999877929688,108726400
2012-12-10,112.06687927246094,142.47000122070312,142.80999755859375,142.14999389648438,142.21000671386719,98840700
2012-12-11,112.82984161376953,143.44000244140625,144.11000061035156,142.99000549316406,143.05999755859375,152570400
2012-12-12,112.88490295410156,143.50999450683594,144.55000305175781,143.30999755859375,144,145880100
2012-12-13,112.19270324707031,142.6300048828125,143.83000183105469,142.27000427246094,143.41999816894531,135715000
2012-12-14,111.77579498291016,142.10000610351562,142.58000183105469,141.8800048828125,142.32000732421875,137701700
2012-12-17,113.08937072753906,143.77000427246094,143.85000610351562,142.42999267578125,142.47000122070312,143238200
2012-12-18,114.34797668457031,145.3699951171875,145.5,143.78999328613281,144,177762800
2012-12-19,113.49842071533203,144.28999328613281,145.58000183105469,144.24000549316406,145.52999877929688,150895400
2012-12-20,114.15129852294922,145.1199951171875,145.13999938964844,143.97999572753906,144.3800048828125,168487000
2012-12-21,113.11515808105469,142.78999328613281,144.08999633789062,141.94000244140625,142.16999816894531,245883800
2012-12-24,112.76655578613281,142.35000610351562,142.55999755859375,142.19000244140625,142.47999572753906,53874600
2012-12-26,112.29127502441406,141.75,142.71000671386719,141.35000610351562,142.63999938964844,106947700
2012-12-27,112.14076995849609,141.55999755859375,142.08000183105469,139.91999816894531,141.78999328613281,167920600
2012-12-28,110.92876434326172,140.02999877929688,141.41999816894531,139.8699951171875,140.63999938964844,148806700
2012-12-31,112.81410217285156,142.41000366210938,142.55999755859375,139.53999328613281,139.66000366210938,243935200
2013-01-02,115.70556640625,146.05999755859375,146.14999389648438,144.72999572753906,145.11000061035156,192059000
2013-01-03,115.44412994384766,145.72999572753906,146.3699951171875,145.33999633789062,145.99000549316406,144761800
2013-01-04,115.95115661621094,146.3699951171875,146.61000061035156,145.66999816894531,145.97000122070312,116817700
2013-01-07,115.63430023193359,145.97000122070312,146.11000061035156,145.42999267578125,145.85000610351562,110002500
2013-01-08,115.30158996582031,145.55000305175781,145.91000366210938,144.97999572753906,145.71000671386719,121265100
2013-01-09,115.59466552734375,145.91999816894531,146.32000732421875,145.63999938964844,145.8699951171875,90745600
2013-01-10,116.51356506347656,147.08000183105469,147.08999633789062,145.97000122070312,146.72999572753906,130735400
2013-01-11,116.50568389892578,147.07000732421875,147.14999389648438,146.61000061035156,147.03999328613281,113917300
2013-01-14,116.42649078369141,146.97000122070312,147.07000732421875,146.42999267578125,146.88999938964844,89567200
2013-01-15,116.50568389892578,147.07000732421875,147.21000671386719,146.19999694824219,146.28999328613281,93172600
2013-01-16,116.4898681640625,147.05000305175781,147.27999877929688,146.61000061035156,146.77000427246094,104849500
2013-01-17,117.24239349365234,148,148.41999816894531,147.14999389648438,147.69999694824219,133833500
2013-01-18,117.50382995605469,148.33000183105469,148.49000549316406,147.42999267578125,147.97000122070312,169906000
2013-01-22,118.13750457763672,149.1300048828125,149.1300048828125,147.97999572753906,148.33000183105469,111797300
2013-01-23,118.32768249511719,149.3699951171875,149.5,148.86000061035156,149.1300048828125,104596100
2013-01-24,118.35939788818359,149.41000366210938,150.13999938964844,149.00999450683594,149.14999389648438,146426400
2013-01-25,119.02479553222656,150.25,150.25,149.3699951171875,149.8800048828125,147211600
2013-01-28,118.8822021484375,150.07000732421875,150.33000183105469,149.50999450683594,150.28999328613281,113357700
2013-01-29,119.34963226318359,150.66000366210938,150.85000610351562,149.66999816894531,149.77000427246094,105694400
2013-01-30,118.8822021484375,150.07000732421875,150.94000244140625,149.92999267578125,150.63999938964844,137447700
2013-01-31,118.58909606933594,149.69999694824219,150.3800048828125,149.60000610351562,149.88999938964844,108975800
2013-02-01,119.80907440185547,151.24000549316406,151.41999816894531,150.38999938964844,150.64999389648438,131173000
2013-02-04,118.46231842041016,149.53999328613281,151.27000427246094,149.42999267578125,150.32000732421875,159073600
2013-02-05,119.65853118896484,151.05000305175781,151.47999572753906,150.28999328613281,150.35000610351562,113912400
2013-02-06,119.74568176269531,151.16000366210938,151.25999450683594,150.41000366210938,150.52000427246094,138762800
2013-02-07,119.58728790283203,150.96000671386719,151.35000610351562,149.86000061035156,151.21000671386719,162490000
2013-02-08,120.25267791748047,151.80000305175781,151.88999938964844,151.22000122070312,151.22000122070312,103133700
2013-02-11,120.22888946533203,151.77000427246094,151.89999389648438,151.38999938964844,151.74000549316406,73775000
2013-02-12,120.42693328857422,152.02000427246094,152.30000305175781,151.61000061035156,151.77999877929688,65392700
2013-02-13,120.52993011474609,152.14999389648438,152.61000061035156,151.72000122070312,152.33000183105469,82322600
2013-02-14,120.640869140625,152.28999328613281,152.47000122070312,151.52000427246094,151.69000244140625,80834300
2013-02-15,120.49822998046875,152.11000061035156,152.58999633789062,151.55000305175781,152.42999267578125,215226500
2013-02-19,121.40137481689453,153.25,153.27999877929688,152.16000366210938,152.3699951171875,95105400
2013-02-20,119.88825988769531,151.33999633789062,153.19000244140625,151.25999450683594,153.13999938964844,160574800
2013-02-21,119.15946960449219,150.41999816894531,151.41999816894531,149.94000244140625,150.96000671386719,183257000
2013-02-22,120.32392120361328,151.88999938964844,151.88999938964844,150.49000549316406,151.14999389648438,106356600
2013-02-25,118.03458404541016,149,152.86000061035156,149,152.6300048828125,245824800
2013-02-26,118.84258270263672,150.02000427246094,150.19999694824219,148.72999572753906,149.72000122070312,186596200
2013-02-27,120.33982849121094,151.91000366210938,152.33000183105469,149.75999450683594,149.88999938964844,150781900
2013-02-28,120.10216522216797,151.61000061035156,152.8699951171875,151.41000366210938,151.89999389648438,126866000
2013-03-01,120.49822998046875,152.11000061035156,152.33999633789062,150.41000366210938,151.08999633789062,170634800
2013-03-04,121.13990783691406,152.91999816894531,152.91999816894531,151.52000427246094,151.75999450683594,99010200
2013-03-05,122.22517395019531,154.28999328613281,154.69999694824219,153.63999938964844,153.66000366210938,121431900
2013-03-06,122.39157104492188,154.5,154.91999816894531,154.16000366210938,154.83999633789062,94469900
2013-03-07,122.61338806152344,154.77999877929688,154.97999572753906,154.52000427246094,154.69999694824219,86101400
2013-03-08,123.13618469238281,155.44000244140625,155.64999389648438,154.66000366210938,155.46000671386719,123477800
2013-03-11,123.60355377197266,156.02999877929688,156.03999328613281,155.1300048828125,155.32000732421875,83746800
2013-03-12,123.32630157470703,155.67999267578125,156.10000610351562,155.21000671386719,155.91999816894531,105755800
2013-03-13,123.50058746337891,155.89999389648438,156.1199951171875,155.22999572753906,155.75999450683594,92550900
2013-03-14,124.15813446044922,156.72999572753906,156.80000305175781,155.91000366210938,156.30999755859375,126329900
2013-03-15,123.99422454833984,155.83000183105469,156.03999328613281,155.30999755859375,155.85000610351562,138601100
2013-03-18,123.30987548828125,154.97000122070312,155.63999938964844,154.19999694824219,154.33999633789062,126704300
2013-03-19,123.02346801757812,154.61000061035156,155.50999450683594,153.58999633789062,155.30000305175781,167567300
2013-03-20,123.88280487060547,155.69000244140625,155.94999694824219,155.25999450683594,155.52000427246094,113759300
2013-03-21,122.82453155517578,154.36000061035156,155.63999938964844,154.10000610351562,154.75999450683594,128605000
2013-03-22,123.81120300292969,155.60000610351562,155.60000610351562,154.72999572753906,154.85000610351562,111163600
2013-03-25,123.29395294189453,154.94999694824219,156.27000427246094,154.35000610351562,156.00999450683594,151322300
2013-03-26,124.28066253662109,156.19000244140625,156.22999572753906,155.41999816894531,155.58999633789062,86856600
2013-03-27,124.28066253662109,156.19000244140625,156.24000549316406,155,155.25999450683594,99950600
2013-03-28,124.66260528564453,156.66999816894531,156.85000610351562,155.75,156.08999633789062,102932800
2013-04-01,124.16923522949219,156.05000305175781,156.91000366210938,155.66999816894531,156.58999633789062,99194100
2013-04-02,124.78192138671875,156.82000732421875,157.21000671386719,156.3699951171875,156.61000061035156,101504300
2013-04-03,123.51682281494141,155.22999572753906,157.02999877929688,154.82000732421875,156.91000366210938,154167400
2013-04-04,124.01808929443359,155.86000061035156,156.16999816894531,155.08999633789062,155.42999267578125,131885000
2013-04-05,123.46109771728516,155.16000366210938,155.35000610351562,153.77000427246094,153.94999694824219,159666000
2013-04-08,124.29656982421875,156.21000671386719,156.22000122070312,154.75,155.27000427246094,86571200
2013-04-09,124.72623443603516,156.75,157.32000732421875,155.97999572753906,156.5,101922200
2013-04-10,126.25399780273438,158.66999816894531,158.8699951171875,157.1300048828125,157.16999816894531,135711100
2013-04-11,126.66774749755859,159.19000244140625,159.71000671386719,158.53999328613281,158.69999694824219,110142500
2013-04-12,126.35748291015625,158.80000305175781,159.03999328613281,157.91999816894531,158.67999267578125,116359900
2013-04-15,123.42923736572266,155.1199951171875,158.1300048828125,155.10000610351562,158,217259000
2013-04-16,125.25141143798828,157.41000366210938,157.49000549316406,155.91000366210938,156.28999328613281,147507800
2013-04-17,123.42125701904297,155.11000061035156,156.32000732421875,154.27999877929688,156.28999328613281,226834800
2013-04-18,122.64944458007812,154.13999938964844,155.41000366210938,153.55000305175781,155.3699951171875,167583200
2013-04-19,123.71569061279297,155.47999572753906,155.55000305175781,154.1199951171875,154.5,149687600
2013-04-22,124.26475524902344,156.16999816894531,156.53999328613281,154.75,155.77999877929688,106553500
2013-04-23,125.54582977294922,157.77999877929688,157.92999267578125,156.16999816894531,156.94999694824219,166141300
2013-04-24,125.62538909912109,157.8800048828125,158.30000305175781,157.53999328613281,157.83000183105469,96781200
2013-04-25,126.13462066650391,158.52000427246094,159.27000427246094,158.10000610351562,158.33999633789062,131060600
2013-04-26,125.91184234619141,158.24000549316406,158.60000610351562,157.72999572753906,158.33000183105469,95918800
2013-04-29,126.75528717041016,159.30000305175781,159.64999389648438,158.41999816894531,158.66999816894531,88572800
2013-04-30,127.05765533447266,159.67999267578125,159.72000122070312,158.61000061035156,159.27000427246094,116010700
2013-05-01,125.94369506835938,158.27999877929688,159.41000366210938,158.10000610351562,159.33000183105469,138874200
2013-05-02,127.1134033203125,159.75,159.88999938964844,158.52999877929688,158.67999267578125,96407600
2013-05-03,128.40234375,161.3699951171875,161.8800048828125,159.77999877929688,161.13999938964844,144202300
2013-05-06,128.7286376953125,161.77999877929688,162.00999450683594,161.41999816894531,161.49000549316406,66882100
2013-05-07,129.38107299804688,162.60000610351562,162.64999389648438,161.66999816894531,162.1300048828125,90359200
2013-05-08,129.96989440917969,163.33999633789062,163.38999938964844,162.33000183105469,162.41999816894531,97419200
2013-05-09,129.60392761230469,162.8800048828125,163.69999694824219,162.47000122070312,163.27000427246094,106738600
2013-05-10,130.02560424804688,163.41000366210938,163.55000305175781,162.50999450683594,162.99000549316406,103203000
2013-05-13,130.1290283203125,163.53999328613281,163.80999755859375,162.82000732421875,163.19999694824219,81843200
2013-05-14,131.4737548828125,165.22999572753906,165.35000610351562,163.66999816894531,163.66999816894531,119000900
2013-05-15,132.18193054199219,166.1199951171875,166.44999694824219,164.91000366210938,164.96000671386719,120718500
2013-05-16,131.56132507324219,165.33999633789062,166.36000061035156,165.08999633789062,165.77999877929688,109913600
2013-05-17,132.83442687988281,166.94000244140625,167.03999328613281,165.72999572753906,165.94999694824219,129801000
2013-05-20,132.82649230957031,166.92999267578125,167.58000183105469,166.61000061035156,166.77999877929688,85071200
2013-05-21,133.01747131347656,167.16999816894531,167.80000305175781,166.5,167.08000183105469,95804200
2013-05-22,132.03073120117188,165.92999267578125,169.07000732421875,165.16999816894531,167.33999633789062,244031800
2013-05-23,131.64881896972656,165.44999694824219,165.91000366210938,163.94000244140625,164.16000366210938,211064400
2013-05-24,131.53742980957031,165.30999755859375,165.3800048828125,163.97999572753906,164.47000122070312,151573900
2013-05-28,132.32518005371094,166.30000305175781,167.77999877929688,165.80999755859375,167.03999328613281,143679800
2013-05-29,131.46583557128906,165.22000122070312,165.80000305175781,164.33999633789062,165.41999816894531,160363400
2013-05-30,131.95121765136719,165.83000183105469,166.58999633789062,165.22000122070312,165.35000610351562,107793800
2013-05-31,130.0574951171875,163.44999694824219,166.30999755859375,163.1300048828125,165.3699951171875,176850100
2013-06-03,130.7735595703125,164.35000610351562,164.46000671386719,162.66000366210938,163.83000183105469,168390700
2013-06-04,130.14494323730469,163.55999755859375,165.10000610351562,162.72999572753906,164.44000244140625,157631500
2013-06-05,128.32279968261719,161.27000427246094,163.41999816894531,161.1300048828125,163.08999633789062,211737800
2013-06-06,129.48454284667969,162.72999572753906,162.74000549316406,160.25,161.19999694824219,200225500
2013-06-07,131.13169860839844,164.80000305175781,164.94999694824219,163.13999938964844,163.85000610351562,188337800
2013-06-10,131.13169860839844,164.80000305175781,165.39999389648438,164.3699951171875,165.30999755859375,105667100
2013-06-11,129.77897644042969,163.10000610351562,164.53999328613281,162.74000549316406,163.30000305175781,159505400
2013-06-12,128.70477294921875,161.75,164.38999938964844,161.60000610351562,164.22000122070312,177361500
2013-06-13,130.66221618652344,164.21000671386719,164.5,161.30000305175781,161.66000366210938,163587800
2013-06-14,129.84257507324219,163.17999267578125,164.66999816894531,162.91000366210938,164.02999877929688,141197500
2013-06-17,130.84523010253906,164.44000244140625,165.22000122070312,163.22000122070312,164.28999328613281,136295600
2013-06-18,131.87957763671875,165.74000549316406,165.99000549316406,164.52000427246094,164.52999877929688,114695600
2013-06-19,130.0574951171875,163.44999694824219,165.88999938964844,163.3800048828125,165.60000610351562,206149500
2013-06-20,126.83486175537109,159.39999389648438,163.47000122070312,158.97999572753906,161.86000061035156,321255900
2013-06-21,127.24199676513672,159.07000732421875,159.75999450683594,157.47000122070312,159.63999938964844,271956800
2013-06-24,125.63416290283203,157.05999755859375,158.42999267578125,155.72999572753906,157.41000366210938,222329000
2013-06-25,126.842041015625,158.57000732421875,160.10000610351562,157.41999816894531,158.47999572753906,162262200
2013-06-26,128.097900390625,160.13999938964844,160.5,159.25,159.8699951171875,134848000
2013-06-27,128.849853515625,161.08000183105469,161.82000732421875,160.94999694824219,161.10000610351562,129483700
2013-06-28,128.32188415527344,160.41999816894531,161.39999389648438,159.86000061035156,160.6300048828125,160402900
2013-07-01,129.07382202148438,161.36000061035156,162.47999572753906,161.08000183105469,161.25999450683594,131954800
2013-07-02,128.95382690429688,161.21000671386719,162.30000305175781,160.5,161.1199951171875,154863700
2013-07-03,129.00978088378906,161.27999877929688,161.77000427246094,160.22000122070312,160.47999572753906,75216400
2013-07-05,130.40164184570312,163.02000427246094,163.08000183105469,161.30000305175781,162.47000122070312,122416900
2013-07-08,131.14553833007812,163.94999694824219,164.38999938964844,163.08000183105469,163.86000061035156,108092500
2013-07-09,132.08952331542969,165.1300048828125,165.33000183105469,164.27000427246094,164.97999572753906,119298000
2013-07-10,132.13743591308594,165.19000244140625,165.75,164.6300048828125,164.97000122070312,121410100
2013-07-11,133.937255859375,167.44000244140625,167.61000061035156,165.17999267578125,167.11000061035156,135592200
2013-07-12,133.9932861328125,167.50999450683594,167.92999267578125,167.1300048828125,167.38999938964844,104212700
2013-07-15,134.50515747070312,168.14999389648438,168.38999938964844,167.67999267578125,167.97000122070312,69450600
2013-07-16,134.00129699707031,167.52000427246094,168.36000061035156,167.07000732421875,168.25999450683594,88702100
2013-07-17,134.34521484375,167.94999694824219,168.47999572753906,167.72999572753906,168.16000366210938,92873900
2013-07-18,135.08113098144531,168.8699951171875,169.27000427246094,168.19999694824219,168.30999755859375,103620100
2013-07-19,135.3211669921875,169.16999816894531,169.22999572753906,168.30999755859375,168.52000427246094,103831700
2013-07-22,135.58505249023438,169.5,169.74000549316406,169.00999450683594,169.41000366210938,79428600
2013-07-23,135.29707336425781,169.13999938964844,169.83000183105469,169.05000305175781,169.80000305175781,80829700
2013-07-24,134.80119323730469,168.52000427246094,169.86000061035156,168.17999267578125,169.78999328613281,112914000
2013-07-25,135.12910461425781,168.92999267578125,169.08000183105469,167.94000244140625,168.22000122070312,111088600
2013-07-26,135.27311706542969,169.11000061035156,169.16000366210938,167.52000427246094,168.22000122070312,107814600
2013-07-29,134.85716247558594,168.58999633789062,169.05999755859375,168.11000061035156,168.67999267578125,79695000
2013-07-30,134.85716247558594,168.58999633789062,169.27999877929688,168.19000244140625,169.10000610351562,85209600
2013-07-31,134.953125,168.71000671386719,169.85000610351562,168.49000549316406,168.94000244140625,142388700
2013-08-01,136.51298522949219,170.66000366210938,170.80999755859375,169.89999389648438,169.99000549316406,110438400
2013-08-02,136.74497985839844,170.94999694824219,170.97000122070312,170.05000305175781,170.27999877929688,91116700
2013-08-05,136.54499816894531,170.69999694824219,170.96000671386719,170.35000610351562,170.57000732421875,54072700
2013-08-06,135.76905822753906,169.72999572753906,170.74000549316406,169.35000610351562,170.3699951171875,87495000
2013-08-07,135.3291015625,169.17999267578125,169.42999267578125,168.55000305175781,169.19000244140625,84854700
2013-08-08,135.82511901855469,169.80000305175781,170.17999267578125,168.92999267578125,169.97999572753906,102181300
2013-08-09,135.43310546875,169.30999755859375,170.10000610351562,168.72000122070312,169.58000183105469,91757700
2013-08-12,135.27311706542969,169.11000061035156,169.30999755859375,168.3800048828125,168.46000671386719,68593300
2013-08-13,135.67311096191406,169.61000061035156,169.89999389648438,168.41000366210938,169.41000366210938,80806000
2013-08-14,134.97712707519531,168.74000549316406,169.80000305175781,168.69999694824219,169.52999877929688,79829200
2013-08-15,133.08937072753906,166.3800048828125,167.42999267578125,166.08999633789062,167.41000366210938,152931800
2013-08-16,132.64944458007812,165.83000183105469,166.6300048828125,165.5,166.05999755859375,130868200
2013-08-19,131.801513671875,164.77000427246094,166.21000671386719,164.75999450683594,165.63999938964844,96437600
2013-08-20,132.44947814941406,165.58000183105469,166.19999694824219,164.86000061035156,165.03999328613281,89294400
2013-08-21,131.63349914550781,164.55999755859375,166.02999877929688,164.19000244140625,165.1199951171875,159530500
2013-08-22,132.83335876464844,166.05999755859375,166.30000305175781,164.88999938964844,164.89999389648438,101471400
2013-08-23,133.28135681152344,166.6199951171875,166.83000183105469,165.77000427246094,166.55000305175781,90888900
2013-08-26,132.78541564941406,166,167.30000305175781,165.88999938964844,166.78999328613281,89702100
2013-08-27,130.64964294433594,163.33000183105469,166,163.21000671386719,164.36000061035156,158619400
2013-08-28,131.11363220214844,163.91000366210938,164.49000549316406,163.05000305175781,163.25999450683594,108113000
2013-08-29,131.32151794433594,164.16999816894531,165.03999328613281,163.39999389648438,163.55000305175781,119200500
2013-08-30,130.9056396484375,163.64999389648438,164.52999877929688,163.16999816894531,164.50999450683594,134928900
2013-09-03,131.49752807617188,164.38999938964844,165.58000183105469,163.69999694824219,165.22999572753906,142375100
2013-09-04,132.58549499511719,165.75,166.02999877929688,164.1300048828125,164.42999267578125,97389400
2013-09-05,132.75341796875,165.96000671386719,166.39999389648438,165.72999572753906,165.85000610351562,63090500
2013-09-06,132.81739807128906,166.03999328613281,166.97999572753906,164.47999572753906,166.50999450683594,159756500
2013-09-09,134.08926391601562,167.6300048828125,167.72999572753906,166.44999694824219,166.44999694824219,87559300
2013-09-10,135.08113098144531,168.8699951171875,168.89999389648438,168.25999450683594,168.63999938964844,105847200
2013-09-11,135.50506591796875,169.39999389648438,169.39999389648438,168.35000610351562,168.63999938964844,94545900
2013-09-12,135.14515686035156,168.94999694824219,169.55999755859375,168.72000122070312,169.33999633789062,83209000
2013-09-13,135.44908142089844,169.33000183105469,169.46000671386719,168.74000549316406,169.1300048828125,72727800
2013-09-16,136.23304748535156,170.30999755859375,171.24000549316406,170.03999328613281,171.16000366210938,106299200
2013-09-17,136.84095764160156,171.07000732421875,171.11000061035156,170.46000671386719,170.46000671386719,82523300
2013-09-18,138.42483520507812,173.05000305175781,173.52000427246094,170.58000183105469,171.00999450683594,203460600
2013-09-19,138.19282531738281,172.75999450683594,173.60000610351562,172.58999633789062,173.52000427246094,146616900
2013-09-20,137.22659301757812,170.72000122070312,172.33000183105469,170.58000183105469,172.33000183105469,132867100
2013-09-23,136.59159851074219,169.92999267578125,170.64999389648438,169.38999938964844,170.49000549316406,104616500
2013-09-24,136.27001953125,169.52999877929688,170.52999877929688,169.21000671386719,169.89999389648438,106333100
2013-09-25,135.87623596191406,169.03999328613281,169.97999572753906,168.88999938964844,169.63999938964844,117306500
2013-09-26,136.39869689941406,169.69000244140625,170.16999816894531,169.05000305175781,169.32000732421875,77146900
2013-09-27,135.77169799804688,168.91000366210938,169.13999938964844,168.47000122070312,168.83999633789062,99141800
2013-09-30,135.04829406738281,168.00999450683594,168.53999328613281,167.14999389648438,167.47999572753906,143937000
2013-10-01,136.11737060546875,169.33999633789062,169.5,167.97000122070312,168.13999938964844,127160000
2013-10-02,135.98873901367188,169.17999267578125,169.33999633789062,167.83000183105469,168.35000610351562,113350000
2013-10-03,134.73481750488281,167.6199951171875,168.94000244140625,166.83999633789062,168.78999328613281,176698000
2013-10-04,135.75555419921875,168.88999938964844,169.05999755859375,167.52999877929688,167.75,96878000
2013-10-07,134.58209228515625,167.42999267578125,168.44999694824219,167.25,167.41999816894531,96295000
2013-10-08,133.0146484375,165.47999572753906,167.6199951171875,165.36000061035156,167.39999389648438,178015000
2013-10-09,133.11111450195312,165.60000610351562,166.19999694824219,164.52999877929688,165.80000305175781,168973000
2013-10-10,135.98075866699219,169.16999816894531,169.25999450683594,167.22999572753906,167.28999328613281,195955000
2013-10-11,136.85682678222656,170.25999450683594,170.32000732421875,168.77000427246094,168.91000366210938,105040000
2013-10-14,137.40347290039062,170.94000244140625,171.08000183105469,169.08000183105469,169.21000671386719,112106000
2013-10-15,136.40673828125,169.69999694824219,171.14999389648438,169.47000122070312,170.50999450683594,155485000
2013-10-16,138.311767578125,172.07000732421875,172.16000366210938,170.63999938964844,170.72000122070312,161676000
2013-10-17,139.23609924316406,173.22000122070312,173.32000732421875,171.33999633789062,171.3699951171875,129389000
2013-10-18,140.17662048339844,174.38999938964844,174.50999450683594,173.50999450683594,173.86000061035156,138316000
2013-10-21,140.18463134765625,174.39999389648438,174.75,174.00999450683594,174.44999694824219,104104000
2013-10-22,140.99649047851562,175.41000366210938,175.92999267578125,174.42999267578125,174.91000366210938,126663000
2013-10-23,140.32130432128906,174.57000732421875,174.88999938964844,173.96000671386719,174.80999755859375,105484000
2013-10-24,140.78750610351562,175.14999389648438,175.3699951171875,174.50999450683594,174.91999816894531,70350000
2013-10-25,141.4305419921875,175.94999694824219,176,175.16999816894531,175.50999450683594,93625000
2013-10-28,141.65565490722656,176.22999572753906,176.47000122070312,175.69999694824219,175.88999938964844,84979000
2013-10-29,142.41122436523438,177.16999816894531,177.24000549316406,176.3800048828125,176.6300048828125,87401000
2013-10-30,141.70381164550781,176.28999328613281,177.50999450683594,175.66000366210938,177.3800048828125,140002000
2013-10-31,141.30195617675781,175.78999328613281,176.88999938964844,175.52999877929688,176.14999389648438,133795000
2013-11-01,141.6395263671875,176.21000671386719,176.61000061035156,175.22000122070312,176.02000427246094,142805000
2013-11-04,142.137939453125,176.83000183105469,176.89999389648438,175.97999572753906,176.69000244140625,85677000
2013-11-05,141.68777465820312,176.27000427246094,176.75,175.57000732421875,176.13999938964844,85825000
2013-11-06,142.41122436523438,177.16999816894531,177.5,176.53999328613281,177.02999877929688,87348000
2013-11-07,140.61065673828125,174.92999267578125,177.63999938964844,174.75999450683594,177.5,157000000
2013-11-08,142.50767517089844,177.28999328613281,177.30999755859375,174.85000610351562,174.8699951171875,136713000
2013-11-11,142.53179931640625,177.32000732421875,177.52999877929688,176.91000366210938,177.1199951171875,62614000
2013-11-12,142.24240112304688,176.96000671386719,177.36000061035156,176.3699951171875,176.94000244140625,83990000
2013-11-13,143.38385009765625,178.3800048828125,178.42999267578125,176.08999633789062,176.08999633789062,103844000
2013-11-14,144.09918212890625,179.27000427246094,179.41999816894531,178.25,178.53999328613281,103435000
2013-11-15,144.7261962890625,180.05000305175781,180.1199951171875,179.33000183105469,179.55999755859375,102818000
2013-11-18,144.21977233886719,179.41999816894531,180.5,179.02000427246094,180.35000610351562,104796000
2013-11-19,143.90631103515625,179.02999877929688,179.8699951171875,178.72000122070312,179.33000183105469,93891000
2013-11-20,143.45619201660156,178.47000122070312,179.92999267578125,177.97999572753906,179.38999938964844,124909000
2013-11-21,144.61366271972656,179.91000366210938,180.05000305175781,178.86000061035156,178.97000122070312,92841000
2013-11-22,145.33711242675781,180.80999755859375,180.83000183105469,179.77000427246094,179.97999572753906,81296000
2013-11-25,145.1923828125,180.6300048828125,181.16999816894531,180.3699951171875,181.1300048828125,79486000
2013-11-26,145.23262023925781,180.67999267578125,181.22000122070312,180.41000366210938,180.72000122070312,86994000
2013-11-27,145.58631896972656,181.1199951171875,181.24000549316406,180.64999389648438,180.8699951171875,58800000
2013-11-29,145.48980712890625,181,181.75,180.80000305175781,181.32000732421875,55870900
2013-12-02,145.112060546875,180.52999877929688,181.42999267578125,180.25,181.08999633789062,99726000
2013-12-03,144.48506164550781,179.75,180.38999938964844,179.16999816894531,179.94000244140625,116563000
2013-12-04,144.46894836425781,179.72999572753906,180.47999572753906,178.35000610351562,179.10000610351562,123033000
2013-12-05,143.83396911621094,178.94000244140625,179.74000549316406,178.77000427246094,179.41000366210938,106934000
2013-12-06,145.44157409667969,180.94000244140625,181.11000061035156,180.14999389648438,180.66999816894531,127728000
2013-12-09,145.81135559082031,181.39999389648438,181.66999816894531,181.16000366210938,181.47000122070312,70124000
2013-12-10,145.28886413574219,180.75,181.36000061035156,180.63999938964844,180.97999572753906,80976000
2013-12-11,143.6571044921875,178.72000122070312,180.85000610351562,178.5,180.82000732421875,130591000
2013-12-12,143.182861328125,178.1300048828125,178.86000061035156,177.75999450683594,178.63999938964844,115565000
2013-12-13,143.16677856445312,178.11000061035156,178.66000366210938,177.77000427246094,178.5,107808000
2013-12-16,144.05902099609375,179.22000122070312,179.80999755859375,178.89999389648438,178.94999694824219,96195000
2013-12-17,143.60081481933594,178.64999389648438,179.41000366210938,178.25,179.3800048828125,89886000
2013-12-18,146.05247497558594,181.69999694824219,181.72999572753906,177.32000732421875,178.91999816894531,234906000
2013-12-19,145.8836669921875,181.49000549316406,181.69999694824219,180.71000671386719,181.17999267578125,136531200
2013-12-20,146.73226928710938,181.55999755859375,181.99000549316406,180.57000732421875,180.69000244140625,197087000
2013-12-23,147.51625061035156,182.52999877929688,182.63999938964844,182.07000732421875,182.44999694824219,85598000
2013-12-24,147.83943176269531,182.92999267578125,183.00999450683594,182.52999877929688,182.53999328613281,45368800
2013-12-26,148.59109497070312,183.86000061035156,183.96000671386719,183.32000732421875,183.33999633789062,63365000
2013-12-27,148.58297729492188,183.85000610351562,184.17999267578125,183.66000366210938,184.10000610351562,61814000
2013-12-30,148.55876159667969,183.82000732421875,184.02000427246094,183.58000183105469,183.8699951171875,56857000
2013-12-31,149.26191711425781,184.69000244140625,184.69000244140625,183.92999267578125,184.07000732421875,86119900
2014-01-02,147.83139038085938,182.91999816894531,184.07000732421875,182.47999572753906,183.97999572753906,119636900
2014-01-03,147.80712890625,182.88999938964844,183.60000610351562,182.6300048828125,183.22999572753906,81390600
2014-01-06,147.37884521484375,182.36000061035156,183.55999755859375,182.08000183105469,183.49000549316406,108028200
2014-01-07,148.28399658203125,183.47999572753906,183.78999328613281,182.94999694824219,183.08999633789062,86144200
2014-01-08,148.31631469726562,183.52000427246094,183.83000183105469,182.88999938964844,183.44999694824219,96582300
2014-01-09,148.41325378417969,183.63999938964844,184.1300048828125,182.80000305175781,184.11000061035156,90683400
2014-01-10,148.81736755371094,184.13999938964844,184.22000122070312,183.00999450683594,183.94999694824219,102026400
2014-01-13,146.8372802734375,181.69000244140625,184.17999267578125,181.33999633789062,183.66999816894531,149892000
2014-01-14,148.43753051757812,183.66999816894531,183.77000427246094,181.94999694824219,182.28999328613281,105016100
2014-01-15,149.23765563964844,184.66000366210938,184.94000244140625,183.71000671386719,184.10000610351562,98525800
2014-01-16,149.04367065429688,184.41999816894531,184.66000366210938,183.83000183105469,184.27999877929688,72290600
2014-01-17,148.41325378417969,183.63999938964844,184.44999694824219,183.32000732421875,184.10000610351562,107848700
2014-01-21,148.84967041015625,184.17999267578125,184.77000427246094,183.05000305175781,184.69999694824219,88621200
2014-01-22,148.94667053222656,184.30000305175781,184.57000732421875,183.91000366210938,184.49000549316406,61270900
2014-01-23,147.72636413574219,182.78999328613281,183.39999389648438,181.82000732421875,183.3699951171875,132496900
2014-01-24,144.574462890625,178.88999938964844,181.66000366210938,178.83000183105469,181.60000610351562,208677100
2014-01-27,143.86320495605469,178.00999450683594,179.52000427246094,177.1199951171875,179.05999755859375,180843100
2014-01-28,144.71990966796875,179.07000732421875,179.30000305175781,178.1199951171875,178.13999938964844,110463200
2014-01-29,143.329833984375,177.35000610351562,178.55000305175781,176.8800048828125,177.58000183105469,216597300
2014-01-30,144.84919738769531,179.22999572753906,179.80999755859375,178.25999450683594,178.83000183105469,118938100
2014-01-31,144.00064086914062,178.17999267578125,179.28999328613281,176.91999816894531,177.00999450683594,194677900
2014-02-03,140.75985717773438,174.16999816894531,178.3699951171875,173.83000183105469,177.97000122070312,254837100
2014-02-04,141.74580383300781,175.38999938964844,175.83999633789062,174.11000061035156,174.94999694824219,165012400
2014-02-05,141.56802368164062,175.16999816894531,175.55999755859375,173.71000671386719,174.77999877929688,164230500
2014-02-06,143.43486022949219,177.47999572753906,177.47999572753906,175.22000122070312,175.58000183105469,132877600
2014-02-07,145.21287536621094,179.67999267578125,179.8699951171875,177.72999572753906,178.30999755859375,170787200
2014-02-10,145.47953796386719,180.00999450683594,180.07000732421875,179.21000671386719,179.69999694824219,92218800
2014-02-11,147.07168579101562,181.97999572753906,182.44000244140625,180.03999328613281,180.16000366210938,117814100
2014-02-12,147.1444091796875,182.07000732421875,182.83000183105469,181.71000671386719,182.25,94717700
2014-02-13,147.90414428710938,183.00999450683594,183.19999694824219,180.83000183105469,180.83999633789062,100542200
2014-02-14,148.72036743164062,184.02000427246094,184.36000061035156,182.66999816894531,182.83999633789062,96498400
2014-02-18,148.89817810058594,184.24000549316406,184.49000549316406,183.64999389648438,184.17999267578125,80460900
2014-02-19,147.91217041015625,183.02000427246094,184.94999694824219,182.8699951171875,183.75999450683594,126524300
2014-02-20,148.78501892089844,184.10000610351562,184.52000427246094,182.60000610351562,183.27000427246094,104998100
2014-02-21,148.61529541015625,183.88999938964844,184.88999938964844,183.80000305175781,184.44999694824219,118116400
2014-02-24,149.43963623046875,184.91000366210938,186.14999389648438,184.19999694824219,184.27999877929688,114063900
2014-02-25,149.38310241699219,184.83999633789062,185.58999633789062,184.22999572753906,185.05999755859375,117085000
2014-02-26,149.39112854003906,184.85000610351562,185.60000610351562,184.33000183105469,185.11000061035156,98677200
2014-02-27,150.17510986328125,185.82000732421875,185.8699951171875,184.3699951171875,184.58000183105469,93880800
2014-02-28,150.55494689941406,186.28999328613281,187.14999389648438,185.05000305175781,185.78999328613281,150842000
2014-03-03,149.49617004394531,184.97999572753906,185.44999694824219,183.75,184.64999389648438,167748500
2014-03-04,151.5975341796875,187.58000183105469,187.97999572753906,186.75,186.78999328613281,167545900
2014-03-05,151.73486328125,187.75,188.07000732421875,187.44999694824219,187.74000549316406,88376900
2014-03-06,152.08241271972656,188.17999267578125,188.61000061035156,187.77999877929688,188.21000671386719,82516500
2014-03-07,152.14706420898438,188.25999450683594,188.96000671386719,187.42999267578125,188.96000671386719,114513500
2014-03-10,152.06625366210938,188.16000366210938,188.22999572753906,187.08000183105469,187.97000122070312,74939200
2014-03-11,151.31459045410156,187.22999572753906,188.71000671386719,186.80000305175781,188.44000244140625,99009100
2014-03-12,151.35499572753906,187.27999877929688,187.35000610351562,185.89999389648438,186.32000732421875,104824400
2014-03-13,149.65782165527344,185.17999267578125,187.99000549316406,184.66000366210938,187.83999633789062,155014300
2014-03-14,149.23765563964844,184.66000366210938,185.80000305175781,184.44000244140625,184.85000610351562,153919600
2014-03-17,150.58726501464844,186.33000183105469,186.77000427246094,185.50999450683594,185.58999633789062,98359500
2014-03-18,151.66212463378906,187.66000366210938,187.91000366210938,186.50999450683594,186.71000671386719,101804600
2014-03-19,150.85391235351562,186.66000366210938,187.94000244140625,185.47000122070312,187.67999267578125,176267300
2014-03-20,151.73486328125,187.75,187.88999938964844,185.91999816894531,186.25,117241000
2014-03-21,151.14631652832031,186.19999694824219,189.02000427246094,186.02999877929688,187.71000671386719,163128000
2014-03-24,150.52127075195312,185.42999267578125,187.07000732421875,184.6199951171875,186.83999633789062,121411000
2014-03-25,151.23564147949219,186.30999755859375,186.94000244140625,185.27000427246094,186.3699951171875,103852000
2014-03-26,150.14787292480469,184.97000122070312,187.33999633789062,184.91999816894531,187.03999328613281,119843000
2014-03-27,149.83135986328125,184.58000183105469,185.33999633789062,183.89999389648438,184.75,142383000
2014-03-28,150.57002258300781,185.49000549316406,186.41999816894531,185,185.11000061035156,101642000
2014-03-31,151.8038330078125,187.00999450683594,187.30000305175781,185.52000427246094,186.66999816894531,99745000
2014-04-01,152.81040954589844,188.25,188.36000061035156,187,187.6199951171875,89193000
2014-04-02,153.32180786132812,188.8800048828125,189.1300048828125,188.13999938964844,188.49000549316406,78774000
2014-04-03,153.11883544921875,188.6300048828125,189.22000122070312,188.05000305175781,189.16999816894531,77435000
2014-04-04,151.30870056152344,186.39999389648438,189.69999694824219,186.10000610351562,189.66000366210938,169381000
2014-04-07,149.63648986816406,184.33999633789062,186.25999450683594,183.96000671386719,185.94999694824219,140803000
2014-04-08,150.25337219238281,185.10000610351562,185.39999389648438,183.58999633789062,184.25999450683594,112660000
2014-04-09,151.86883544921875,187.08999633789062,187.14999389648438,185.05999755859375,185.60000610351562,100254000
2014-04-10,148.67864990234375,183.16000366210938,187.16999816894531,182.92999267578125,187.08000183105469,172959000
2014-04-11,147.3392333984375,181.50999450683594,183.41999816894531,181.30999755859375,182.13999938964844,167251000
2014-04-14,148.50009155273438,182.94000244140625,183.3699951171875,181.44000244140625,182.92999267578125,132382000
2014-04-15,149.52287292480469,184.19999694824219,184.33000183105469,181.50999450683594,183.32000732421875,157093000
2014-04-16,151.08955383300781,186.1300048828125,186.13999938964844,184.64999389648438,185.47000122070312,105197000
2014-04-17,151.30056762695312,186.38999938964844,186.91000366210938,185.55999755859375,185.8800048828125,105255000
2014-04-21,151.82818603515625,187.03999328613281,187.10000610351562,186.21000671386719,186.44000244140625,68329000
2014-04-22,152.5181884765625,187.88999938964844,188.39999389648438,187.1300048828125,187.22999572753906,85790000
2014-04-23,152.16099548339844,187.44999694824219,187.91999816894531,187.30000305175781,187.82000732421875,73869000
2014-04-24,152.46949768066406,187.83000183105469,188.38999938964844,186.92999267578125,188.3699951171875,88170000
2014-04-25,151.21937561035156,186.28999328613281,187.33000183105469,185.8699951171875,187.22000122070312,100380000
2014-04-28,151.69831848144531,186.8800048828125,187.69000244140625,184.96000671386719,187.05000305175781,135121000
2014-04-29,152.40458679199219,187.75,188.03999328613281,187.08000183105469,187.47999572753906,84098000
2014-04-30,152.85916137695312,188.30999755859375,188.5,187.17999267578125,187.44000244140625,101508000
2014-05-01,152.87539672851562,188.33000183105469,188.83999633789062,187.72999572753906,188.22000122070312,93019000
2014-05-02,152.65621948242188,188.05999755859375,189.13999938964844,187.77999877929688,188.30999755859375,98122000
2014-05-05,152.94842529296875,188.41999816894531,188.55000305175781,186.6199951171875,187.13999938964844,75883000
2014-05-06,151.61717224121094,186.77999877929688,188.1300048828125,186.74000549316406,188,85454000
2014-05-07,152.51008605957031,187.8800048828125,187.97000122070312,186.00999450683594,187.41000366210938,106500000
2014-05-08,152.34770202636719,187.67999267578125,189.05000305175781,187.08000183105469,187.71000671386719,93618000
2014-05-09,152.57498168945312,187.96000671386719,188.03999328613281,186.83000183105469,187.71000671386719,83679000
2014-05-12,154.060546875,189.78999328613281,189.8800048828125,188,188.80000305175781,86940000
2014-05-13,154.19856262207031,189.96000671386719,190.41999816894531,189.77000427246094,190.03999328613281,66454000
2014-05-14,153.46794128417969,189.05999755859375,189.8800048828125,188.78999328613281,189.78999328613281,72367000
2014-05-15,152.12040710449219,187.39999389648438,188.72000122070312,186.47999572753906,188.67999267578125,154956000
2014-05-16,152.64811706542969,188.05000305175781,188.1300048828125,186.72000122070312,187.50999450683594,97458000
2014-05-19,153.20819091796875,188.74000549316406,188.88999938964844,187.52000427246094,187.69000244140625,63839000
2014-05-20,152.24220275878906,187.55000305175781,188.66999816894531,187.07000732421875,188.64999389648438,111644000
2014-05-21,153.52476501464844,189.1300048828125,189.22000122070312,188.05999755859375,188.08999633789062,89093000
2014-05-22,153.89816284179688,189.58999633789062,189.97999572753906,188.86000061035156,189.17999267578125,61549000
2014-05-23,154.51506042480469,190.35000610351562,190.47999572753906,189.58999633789062,189.75999450683594,61092800
2014-05-27,155.46490478515625,191.52000427246094,191.58000183105469,190.94999694824219,191.05999755859375,72010000
2014-05-28,155.35116577148438,191.3800048828125,191.82000732421875,191.05999755859375,191.52000427246094,66723000
2014-05-29,156.15480041503906,192.3699951171875,192.39999389648438,191.33000183105469,191.82000732421875,64377000
2014-05-30,156.40638732910156,192.67999267578125,192.80000305175781,192.02999877929688,192.19000244140625,76316000
2014-06-02,156.58502197265625,192.89999389648438,192.99000549316406,191.97000122070312,192.94999694824219,64656000
2014-06-03,156.50382995605469,192.80000305175781,192.89999389648438,192.25,192.42999267578125,65047000
2014-06-04,156.82044982910156,193.19000244140625,193.30000305175781,192.27000427246094,192.47000122070312,55529000
2014-06-05,157.84324645996094,194.44999694824219,194.64999389648438,192.69999694824219,193.41000366210938,92103000
2014-06-06,158.59815979003906,195.3800048828125,195.42999267578125,194.77999877929688,194.8699951171875,78696000
2014-06-09,158.760498046875,195.58000183105469,196.05000305175781,195.16999816894531,195.35000610351562,65119000
2014-06-10,158.77668762207031,195.60000610351562,195.63999938964844,194.91999816894531,195.33999633789062,57129000
2014-06-11,158.22470092773438,194.91999816894531,195.1199951171875,194.47999572753906,194.89999389648438,68772000
2014-06-12,157.10452270507812,193.53999328613281,194.80000305175781,193.11000061035156,194.69000244140625,106350000
2014-06-13,157.58348083496094,194.1300048828125,194.32000732421875,193.30000305175781,193.91999816894531,82017000
2014-06-16,157.71331787109375,194.28999328613281,194.69999694824219,193.66000366210938,193.88999938964844,87424000
2014-06-17,158.15168762207031,194.83000183105469,194.97000122070312,193.80999755859375,194.02000427246094,84834000
2014-06-18,159.31243896484375,196.25999450683594,196.3699951171875,194.39999389648438,194.83000183105469,105267000
2014-06-19,159.49111938476562,196.47999572753906,196.60000610351562,195.80000305175781,196.42999267578125,85929000
2014-06-20,159.81484985351562,195.94000244140625,196.10000610351562,195.69999694824219,196.02999877929688,100587000
2014-06-23,159.76589965820312,195.8800048828125,196.05000305175781,195.52000427246094,195.99000549316406,70611000
2014-06-24,158.80345153808594,194.69999694824219,196.5,194.47999572753906,195.52999877929688,96237000
2014-06-25,159.52119445800781,195.58000183105469,195.77999877929688,194.25,194.28999328613281,82782000
2014-06-26,159.40702819824219,195.44000244140625,195.6300048828125,194.1300048828125,195.61000061035156,84312000
2014-06-27,159.71693420410156,195.82000732421875,195.8800048828125,194.88999938964844,194.97999572753906,71445100
2014-06-30,159.6353759765625,195.72000122070312,196.16999816894531,195.52999877929688,195.69999694824219,70201200
2014-07-01,160.70391845703125,197.02999877929688,197.6300048828125,196.1300048828125,196.19999694824219,90470000
2014-07-02,160.86700439453125,197.22999572753906,197.47999572753906,196.96000671386719,197.05000305175781,52475000
2014-07-03,161.65817260742188,198.19999694824219,198.28999328613281,197.63999938964844,197.78999328613281,52938800
2014-07-07,161.09538269042969,197.50999450683594,197.97999572753906,197.22000122070312,197.82000732421875,61696000
2014-07-08,160.05952453613281,196.24000549316406,197.22000122070312,195.75999450683594,197.14999389648438,108143000
2014-07-09,160.77729797363281,197.1199951171875,197.30000305175781,196.30999755859375,196.72999572753906,72992000
2014-07-10,160.14108276367188,196.33999633789062,196.86000061035156,195.05999755859375,195.22000122070312,99040000
2014-07-11,160.36135864257812,196.61000061035156,196.75,195.77999877929688,196.22000122070312,64243000
2014-07-14,161.1688232421875,197.60000610351562,197.86000061035156,197.44000244140625,197.61000061035156,58658000
2014-07-15,160.86700439453125,197.22999572753906,198.10000610351562,196.36000061035156,197.72000122070312,111307000
2014-07-16,161.46235656738281,197.96000671386719,198.25999450683594,197.41999816894531,198.11000061035156,79986400
2014-07-17,159.62728881835938,195.71000671386719,198.10000610351562,195.42999267578125,197.35000610351562,145398000
2014-07-18,161.25852966308594,197.71000671386719,197.91000366210938,196.24000549316406,196.35000610351562,124330000
2014-07-21,160.95675659179688,197.33999633789062,197.5,196.42999267578125,197.08999633789062,67592000
2014-07-22,161.65817260742188,198.19999694824219,198.55999755859375,197.8699951171875,198.00999450683594,67678000
2014-07-23,162.01702880859375,198.63999938964844,198.85000610351562,198.10000610351562,198.5,65612000
2014-07-24,162.02517700195312,198.64999389648438,199.05999755859375,198.44999694824219,198.83000183105469,56888000
2014-07-25,161.2667236328125,197.72000122070312,198.25999450683594,197.33000183105469,198.08999633789062,76837000
2014-07-28,161.33197021484375,197.80000305175781,198.08999633789062,196.6199951171875,197.75999450683594,69259000
2014-07-29,160.63862609863281,196.94999694824219,198.44999694824219,196.91999816894531,198.16999816894531,80466000
2014-07-30,160.66313171386719,196.97999572753906,197.91000366210938,196.16000366210938,197.64999389648438,104222000
2014-07-31,157.49029541015625,193.08999633789062,195.77999877929688,192.97000122070312,195.61000061035156,183479000
2014-08-01,157.00906372070312,192.5,193.75999450683594,191.57000732421875,192.55999755859375,189261000
2014-08-04,158.142822265625,193.88999938964844,194.30000305175781,192.05000305175781,192.8699951171875,91340000
2014-08-05,156.60940551757812,192.00999450683594,193.60000610351562,191.30999755859375,193.10000610351562,152690000
2014-08-06,156.65841674804688,192.07000732421875,192.88999938964844,191.08000183105469,191.11000061035156,94818000
2014-08-07,155.81013488769531,191.02999877929688,193.1300048828125,190.55000305175781,192.94000244140625,135733000
2014-08-08,157.61265563964844,193.24000549316406,193.3699951171875,190.94999694824219,191.46000671386719,117014000
2014-08-11,158.06935119628906,193.80000305175781,194.66000366210938,193.71000671386719,193.97000122070312,74544000
2014-08-12,157.84921264648438,193.52999877929688,194.14999389648438,192.94000244140625,193.61000061035156,73632000
2014-08-13,158.91764831542969,194.83999633789062,195.05999755859375,193.96000671386719,194.28999328613281,69047000
2014-08-14,159.66801452636719,195.75999450683594,195.75999450683594,194.97999572753906,195.16000366210938,57371000
2014-08-15,159.6353759765625,195.72000122070312,196.64999389648438,194.30999755859375,196.47000122070312,139951000
2014-08-18,160.97309875488281,197.36000061035156,197.44999694824219,196.69000244140625,196.80000305175781,75424000
2014-08-19,161.81317138671875,198.38999938964844,198.53999328613281,197.44000244140625,197.83999633789062,59135000
2014-08-20,162.24537658691406,198.91999816894531,199.16000366210938,198.08000183105469,198.1199951171875,72763000
2014-08-21,162.718505859375,199.5,199.75999450683594,198.92999267578125,199.08999633789062,67791000
2014-08-22,162.4656982421875,199.19000244140625,199.69000244140625,198.74000549316406,199.33999633789062,76107000
2014-08-25,163.28948974609375,200.19999694824219,200.58999633789062,199.14999389648438,200.13999938964844,63855000
2014-08-26,163.39552307128906,200.33000183105469,200.82000732421875,200.27999877929688,200.33000183105469,47298000
2014-08-27,163.33023071289062,200.25,200.57000732421875,199.94000244140625,200.42999267578125,47874000
2014-08-28,163.24053955078125,200.13999938964844,200.27000427246094,199.38999938964844,199.58999633789062,58330000
2014-08-29,163.70542907714844,200.71000671386719,200.72999572753906,199.82000732421875,200.44999694824219,65907000
2014-09-02,163.62384033203125,200.61000061035156,201,199.86000061035156,200.97000122070312,72426000
2014-09-03,163.53411865234375,200.5,201.41000366210938,200.22000122070312,201.3800048828125,57462000
2014-09-04,163.297607421875,200.21000671386719,201.58000183105469,199.66000366210938,200.83999633789062,85236000
2014-09-05,164.03172302246094,201.11000061035156,201.19000244140625,199.41000366210938,200.16999816894531,102177000
2014-09-08,163.60748291015625,200.58999633789062,201.21000671386719,200,200.91999816894531,64146000
2014-09-09,162.57168579101562,199.32000732421875,200.55000305175781,198.91000366210938,200.41000366210938,88591000
2014-09-10,163.1834716796875,200.07000732421875,200.19999694824219,198.77000427246094,199.42999267578125,67251000
2014-09-11,163.37109375,200.30000305175781,200.33000183105469,199.1199951171875,199.27000427246094,66774400
2014-09-12,162.41671752929688,199.1300048828125,200.1199951171875,198.55999755859375,200.10000610351562,117409300
2014-09-15,162.29441833496094,198.97999572753906,199.32000732421875,198.3800048828125,199.16000366210938,76401000
2014-09-16,163.51785278320312,200.47999572753906,200.83999633789062,198.5,198.61000061035156,116201000
2014-09-17,163.73805236816406,200.75,201.67999267578125,199.75,200.77000427246094,151266000
2014-09-18,164.61070251464844,201.82000732421875,201.85000610351562,201.10000610351562,201.36000061035156,94990000
2014-09-19,164.46241760253906,200.69999694824219,201.89999389648438,200.28999328613281,201.52000427246094,121649000
2014-09-22,163.19230651855469,199.14999389648438,200.3800048828125,198.72999572753906,200.35000610351562,125553000
2014-09-23,162.25820922851562,198.00999450683594,199.25999450683594,197.94999694824219,198.42999267578125,111393000
2014-09-24,163.52830505371094,199.55999755859375,199.69000244140625,197.52000427246094,198.03999328613281,107276000
2014-09-25,160.88966369628906,196.33999633789062,199.05000305175781,196.27000427246094,199.03999328613281,150300000
2014-09-26,162.16799926757812,197.89999389648438,198.38999938964844,196.41999816894531,196.69999694824219,103547000
2014-09-29,161.87300109863281,197.53999328613281,197.88999938964844,196.05000305175781,196.19999694824219,95112000
2014-09-30,161.4468994140625,197.02000427246094,198.30000305175781,196.61000061035156,197.69000244140625,131302000
2014-10-01,159.25901794433594,194.35000610351562,196.77000427246094,193.91000366210938,196.69999694824219,177798000
2014-10-02,159.28355407714844,194.3800048828125,195.05999755859375,192.35000610351562,194.17999267578125,157285000
2014-10-03,161.03717041015625,196.52000427246094,196.94000244140625,195.08000183105469,195.67999267578125,121569000
2014-10-06,160.84873962402344,196.28999328613281,197.60000610351562,195.58000183105469,197.33999633789062,104778000
2014-10-07,158.36578369140625,193.25999450683594,195.72000122070312,193.22000122070312,195.27999877929688,147913000
2014-10-08,161.13552856445312,196.63999938964844,196.91999816894531,192.36000061035156,193.3699951171875,186461000
2014-10-09,157.939697265625,192.74000549316406,196.60000610351562,192.58000183105469,196.33000183105469,210705000
2014-10-10,156.13685607910156,190.53999328613281,193.64999389648438,190.49000549316406,192.69000244140625,221909000
2014-10-13,153.57200622558594,187.41000366210938,191.14999389648438,187.30000305175781,190.46000671386719,230939000
2014-10-14,153.80970764160156,187.69999694824219,189.82000732421875,187.03999328613281,188.41999816894531,215847000
2014-10-15,152.76901245117188,186.42999267578125,187.69000244140625,181.91999816894531,185.16000366210938,380715000
2014-10-16,152.63784790039062,186.27000427246094,187.58000183105469,182.88999938964844,183.05999755859375,270391000
2014-10-17,154.44062805175781,188.47000122070312,189.75,187.6199951171875,188.41999816894531,214625000
2014-10-20,155.94021606445312,190.30000305175781,190.44999694824219,188.07000732421875,188.1300048828125,130011000
2014-10-21,159.02960205078125,194.07000732421875,194.19999694824219,191.47999572753906,191.67999267578125,154949000
2014-10-22,157.89866638183594,192.69000244140625,194.91000366210938,192.61000061035156,194.41000366210938,151822000
2014-10-23,159.73426818847656,194.92999267578125,196.19999694824219,194.25999450683594,194.6199951171875,154944000
2014-10-24,160.96345520019531,196.42999267578125,196.49000549316406,194.49000549316406,195.25,117927000
2014-10-27,160.74217224121094,196.16000366210938,196.44999694824219,195.02999877929688,195.72999572753906,82954000
2014-10-28,162.58587646484375,198.41000366210938,198.41999816894531,196.72999572753906,196.82000732421875,106736000
2014-10-29,162.34011840820312,198.11000061035156,199.1199951171875,196.80000305175781,198.55000305175781,142557000
2014-10-30,163.38082885742188,199.3800048828125,199.94999694824219,197.39999389648438,197.58000183105469,113330000
2014-10-31,165.2491455078125,201.66000366210938,201.82000732421875,200.77000427246094,201.77999877929688,146903000
2014-11-03,165.33930969238281,201.77000427246094,202.44999694824219,201.30999755859375,201.91999816894531,93600000
2014-11-04,164.76560974121094,201.07000732421875,201.60000610351562,200.05999755859375,201.22999572753906,93343000
2014-11-05,165.80633544921875,202.33999633789062,202.58999633789062,201.44999694824219,202.53999328613281,91709000
2014-11-06,166.47012329101562,203.14999389648438,203.25999450683594,201.63999938964844,202.38999938964844,107089000
2014-11-07,166.62571716308594,203.33999633789062,203.60000610351562,202.61000061035156,203.16999816894531,89540000
2014-11-10,167.15020751953125,203.97999572753906,204.03999328613281,203.1300048828125,203.3800048828125,66319000
2014-11-11,167.31416320800781,204.17999267578125,204.30999755859375,203.64999389648438,204.05999755859375,54499400
2014-11-12,167.13383483886719,203.96000671386719,204.24000549316406,203.30999755859375,203.35000610351562,90120300
2014-11-13,167.32232666015625,204.19000244140625,204.83000183105469,203.21000671386719,204.16000366210938,85357900
2014-11-14,167.36326599121094,204.24000549316406,204.49000549316406,203.72000122070312,204.10000610351562,80417500
2014-11-17,167.46983337402344,204.3699951171875,204.58000183105469,203.64999389648438,203.85000610351562,80441000
2014-11-18,168.43673706054688,205.55000305175781,205.91999816894531,204.44000244140625,204.44000244140625,76068100
2014-11-19,168.16636657714844,205.22000122070312,205.55000305175781,204.30000305175781,205.30999755859375,82373000
2014-11-20,168.46138000488281,205.58000183105469,205.71000671386719,204.17999267578125,204.25999450683594,72840300
2014-11-21,169.36271667480469,206.67999267578125,207.83999633789062,205.97999572753906,207.63999938964844,142327300
2014-11-24,169.83796691894531,207.25999450683594,207.38999938964844,206.91000366210938,207.16999816894531,65880800
2014-11-25,169.71505737304688,207.11000061035156,207.78999328613281,206.80000305175781,207.53999328613281,79108300
2014-11-26,170.14939880371094,207.63999938964844,207.75999450683594,207.02999877929688,207.28999328613281,62167800
2014-11-28,169.78883361816406,207.19999694824219,207.8699951171875,206.91000366210938,207.49000549316406,57890100
2014-12-01,168.60884094238281,205.75999450683594,206.53999328613281,205.3800048828125,206.39999389648438,103968400
2014-12-02,169.69869995117188,207.08999633789062,207.33999633789062,205.77999877929688,205.80999755859375,74507200
2014-12-03,170.35420227050781,207.88999938964844,208.14999389648438,207.10000610351562,207.30000305175781,68952000
2014-12-04,170.16581726074219,207.66000366210938,208.27000427246094,206.69999694824219,207.53999328613281,91316600
2014-12-05,170.44441223144531,208,208.47000122070312,207.55000305175781,207.8699951171875,91025500
2014-12-08,169.30538940429688,206.61000061035156,208.1199951171875,205.92999267578125,207.52000427246094,108588200
2014-12-09,169.19062805175781,206.47000122070312,206.60000610351562,203.91000366210938,204.3699951171875,125180100
2014-12-10,166.47828674316406,203.16000366210938,205.97999572753906,202.92999267578125,205.91000366210938,159856400
2014-12-11,167.32232666015625,204.19000244140625,206.19000244140625,203.71000671386719,203.8800048828125,159012800
2014-12-12,164.61822509765625,200.88999938964844,203.82000732421875,200.85000610351562,202.63999938964844,202330200
2014-12-15,163.48733520507812,199.50999450683594,202.52999877929688,198.77999877929688,201.97999572753906,189965800
2014-12-16,162.17620849609375,197.91000366210938,202.39999389648438,197.86000061035156,198.58000183105469,259543800
2014-12-17,165.3555908203125,201.78999328613281,202.33999633789062,198.28999328613281,198.44000244140625,253910100
2014-12-18,169.4447021484375,206.77999877929688,212.97000122070312,203.91999816894531,204.74000549316406,257633900
2014-12-19,170.16566467285156,206.52000427246094,207.33000183105469,205.61000061035156,206.42999267578125,245084600
2014-12-22,170.94847106933594,207.47000122070312,207.47000122070312,206.46000671386719,206.75,148318900
2014-12-23,171.17915344238281,207.75,208.22999572753906,207.39999389648438,208.16999816894531,122167900
2014-12-24,171.19561767578125,207.77000427246094,208.33999633789062,207.72000122070312,208.02000427246094,42963400
2014-12-26,171.7476806640625,208.44000244140625,208.85000610351562,208.25,208.30999755859375,57326700
2014-12-29,171.97837829589844,208.72000122070312,208.97000122070312,208.13999938964844,208.22000122070312,79643900
2014-12-30,171.05555725097656,207.60000610351562,208.3699951171875,207.50999450683594,208.21000671386719,73540800
2014-12-31,169.35813903808594,205.53999328613281,208.19000244140625,205.38999938964844,207.99000549316406,130333800
2015-01-02,169.26751708984375,205.42999267578125,206.8800048828125,204.17999267578125,206.3800048828125,121465900
2015-01-05,166.21060180664062,201.72000122070312,204.3699951171875,201.35000610351562,204.16999816894531,169632600
2015-01-06,164.64511108398438,199.82000732421875,202.72000122070312,198.86000061035156,202.08999633789062,209151400
2015-01-07,166.69671630859375,202.30999755859375,202.72000122070312,200.8800048828125,201.41999816894531,125346700
2015-01-08,169.65473937988281,205.89999389648438,206.16000366210938,203.99000549316406,204.00999450683594,147217800
2015-01-09,168.29524230957031,204.25,206.41999816894531,203.50999450683594,206.39999389648438,158567300
2015-01-12,166.97688293457031,202.64999389648438,204.60000610351562,201.91999816894531,204.41000366210938,144396100
2015-01-13,166.50723266601562,202.08000183105469,205.47999572753906,200.50999450683594,204.1199951171875,214553300
2015-01-14,165.50199890136719,200.86000061035156,201.10000610351562,198.57000732421875,199.64999389648438,192991100
2015-01-15,163.98593139648438,199.02000427246094,202.00999450683594,198.8800048828125,201.6300048828125,176613900
2015-01-16,166.136474609375,201.6300048828125,201.82000732421875,198.55000305175781,198.77000427246094,211879600
2015-01-20,166.49076843261719,202.05999755859375,202.72000122070312,200.16999816894531,202.39999389648438,130991100
2015-01-21,167.3311767578125,203.08000183105469,203.66000366210938,200.94000244140625,201.5,122942700
2015-01-22,169.81961059570312,206.10000610351562,206.25999450683594,202.33000183105469,203.99000549316406,174356000
2015-01-23,168.88850402832031,204.97000122070312,206.10000610351562,204.80999755859375,205.78999328613281,117516800
2015-01-26,169.28398132324219,205.44999694824219,205.55999755859375,203.85000610351562,204.71000671386719,92009700
2015-01-27,167.05104064941406,202.74000549316406,204.1199951171875,201.74000549316406,202.97000122070312,134044600
2015-01-28,164.90872192382812,200.13999938964844,204.28999328613281,199.91000366210938,204.16999816894531,168514300
2015-01-29,166.43313598632812,201.99000549316406,202.30000305175781,198.67999267578125,200.3800048828125,173585400
2015-01-30,164.3402099609375,199.44999694824219,202.16999816894531,199.1300048828125,200.57000732421875,197729700
2015-02-02,166.37539672851562,201.91999816894531,202.02999877929688,197.86000061035156,200.05000305175781,163107000
2015-02-03,168.78138732910156,204.83999633789062,204.85000610351562,202.55000305175781,203,124212900
2015-02-04,168.13865661621094,204.05999755859375,205.3800048828125,203.50999450683594,203.91999816894531,134306700
2015-02-05,169.83604431152344,206.1199951171875,206.30000305175781,204.77000427246094,204.86000061035156,97953200
2015-02-06,169.36639404296875,205.55000305175781,207.24000549316406,204.91999816894531,206.55999755859375,125672000
2015-02-09,168.60830688476562,204.6300048828125,205.63999938964844,204.13999938964844,204.77000427246094,87219000
2015-02-10,170.40461730957031,206.80999755859375,207.1199951171875,204.67999267578125,205.8800048828125,96164200
2015-02-11,170.50344848632812,206.92999267578125,207.44999694824219,205.83000183105469,206.61000061035156,91087800
2015-02-12,172.1431884765625,208.91999816894531,208.99000549316406,206.97000122070312,207.88999938964844,97545900
2015-02-13,172.85176086425781,209.77999877929688,209.83999633789062,208.75999450683594,209.07000732421875,93670400
2015-02-17,173.12367248535156,210.11000061035156,210.32000732421875,209.10000610351562,209.39999389648438,76968200
2015-02-18,173.14018249511719,210.1300048828125,210.22000122070312,209.33999633789062,209.66000366210938,80652900
2015-02-19,173.01658630371094,209.97999572753906,210.41999816894531,209.24000549316406,209.41000366210938,91462500
2015-02-20,174.05476379394531,211.24000549316406,211.33000183105469,208.72999572753906,209.47999572753906,140896400
2015-02-23,174.03001403808594,211.21000671386719,211.21000671386719,210.47999572753906,210.94000244140625,74411100
2015-02-24,174.52445983886719,211.80999755859375,212.05000305175781,210.75999450683594,211.1199951171875,72472300
2015-02-25,174.37612915039062,211.6300048828125,212.24000549316406,211.22000122070312,211.66000366210938,73061700
2015-02-26,174.17008972167969,211.3800048828125,211.71000671386719,210.64999389648438,211.52000427246094,72697900
2015-02-27,173.57687377929688,210.66000366210938,211.58000183105469,210.60000610351562,211.25999450683594,108076000
2015-03-02,174.67277526855469,211.99000549316406,212.05999755859375,210.72000122070312,210.77999877929688,87491400
2015-03-03,173.95588684082031,211.1199951171875,212.05000305175781,210.08000183105469,211.47000122070312,110325800
2015-03-04,173.22257995605469,210.22999572753906,210.49000549316406,209.05999755859375,210.39999389648438,114497200
2015-03-05,173.41206359863281,210.46000671386719,210.80000305175781,209.85000610351562,210.6199951171875,76873000
2015-03-06,170.97312927246094,207.5,209.94000244140625,207.10000610351562,209.41999816894531,188128000
2015-03-09,171.68173217773438,208.36000061035156,208.78999328613281,207.55000305175781,207.74000549316406,89818900
2015-03-10,168.89674377441406,204.97999572753906,206.80999755859375,204.92999267578125,206.71000671386719,157121300
2015-03-11,168.50126647949219,204.5,205.5,204.39999389648438,205.28999328613281,110145700
2015-03-12,170.64360046386719,207.10000610351562,207.17999267578125,205.19999694824219,205.25999450683594,93993500
2015-03-13,169.59713745117188,205.83000183105469,207.92999267578125,204.58000183105469,206.77000427246094,162410900
2015-03-16,171.86306762695312,208.58000183105469,208.69000244140625,205.86000061035156,206.71000671386719,136099200
2015-03-17,171.35212707519531,207.96000671386719,208.41999816894531,206.97999572753906,207.69000244140625,94510400
2015-03-18,173.41206359863281,210.46000671386719,211.27000427246094,206.6199951171875,207.38999938964844,228808500
2015-03-19,172.62106323242188,209.5,210.47000122070312,209.02999877929688,209.96000671386719,117917300
2015-03-20,174.14480590820312,210.41000366210938,211.02000427246094,209.49000549316406,209.71000671386719,177715100
2015-03-23,173.80548095703125,210,211.11000061035156,210,210.41999816894531,71784500
2015-03-24,172.82876586914062,208.82000732421875,210.39999389648438,208.74000549316406,209.85000610351562,77805300
2015-03-25,170.29623413085938,205.75999450683594,209.35000610351562,205.71000671386719,209.07000732421875,159521700
2015-03-26,169.89070129394531,205.27000427246094,206.3699951171875,204.1199951171875,204.96000671386719,153067200
2015-03-27,170.27964782714844,205.74000549316406,205.94999694824219,204.89999389648438,205.1300048828125,118939000
2015-03-30,172.3570556640625,208.25,208.61000061035156,206.96000671386719,206.97999572753906,96180400
2015-03-31,170.8507080078125,206.42999267578125,208.10000610351562,206.36000061035156,207.25999450683594,126768700
2015-04-01,170.24664306640625,205.69999694824219,206.41999816894531,204.50999450683594,206.38999938964844,137303600
2015-04-02,170.85903930664062,206.44000244140625,206.97999572753906,205.39999389648438,205.6199951171875,86900900
2015-04-06,172.00942993164062,207.83000183105469,208.44999694824219,205.21000671386719,205.3699951171875,114368200
2015-04-07,171.55426025390625,207.27999877929688,208.75999450683594,207.24000549316406,207.86000061035156,81236300
2015-04-08,172.13356018066406,207.97999572753906,208.50999450683594,207.08000183105469,207.55000305175781,89351900
2015-04-09,172.89509582519531,208.89999389648438,209.17999267578125,207.19000244140625,207.77999877929688,85548900
2015-04-10,173.83854675292969,210.03999328613281,210.08999633789062,208.96000671386719,209.19999694824219,72722900
2015-04-13,173.05235290527344,209.08999633789062,210.6300048828125,209.02999877929688,209.8699951171875,74436600
2015-04-14,173.38333129882812,209.49000549316406,209.71000671386719,208.10000610351562,208.85000610351562,75099900
2015-04-15,174.16128540039062,210.42999267578125,211.03999328613281,209.94999694824219,210.05000305175781,99529300
2015-04-16,174.11160278320312,210.3699951171875,210.97999572753906,209.78999328613281,210.02999877929688,68934900
2015-04-17,172.10881042480469,207.94999694824219,209.22999572753906,207.00999450683594,208.94000244140625,191113200
2015-04-20,173.68124389648438,209.85000610351562,210.25,208.96000671386719,209.05999755859375,92189500
2015-04-21,173.47428894042969,209.60000610351562,210.86000061035156,209.24000549316406,210.66999816894531,72559800
2015-04-22,174.32685852050781,210.6300048828125,210.85000610351562,208.89999389648438,210.00999450683594,78264600
2015-04-23,174.76548767089844,211.16000366210938,211.94000244140625,210.00999450683594,210.14999389648438,102585900
2015-04-24,175.17106628417969,211.64999389648438,211.97000122070312,211.11000061035156,211.66000366210938,61327400
2015-04-27,174.44270324707031,210.77000427246094,212.47999572753906,210.53999328613281,212.33000183105469,79358100
2015-04-28,174.99728393554688,211.44000244140625,211.5,209.33000183105469,210.74000549316406,86863500
2015-04-29,174.2772216796875,210.57000732421875,211.28999328613281,209.60000610351562,210.3699951171875,125684900
2015-04-30,172.53086853027344,208.46000671386719,210.35000610351562,207.6199951171875,209.8800048828125,161304900
2015-05-01,174.4013671875,210.72000122070312,210.77000427246094,209.27999877929688,209.39999389648438,103399700
2015-05-04,174.89787292480469,211.32000732421875,212.02000427246094,211.10000610351562,211.22999572753906,70927200
2015-05-05,172.89509582519531,208.89999389648438,211.46000671386719,208.72999572753906,211.02999877929688,113326200
2015-05-06,172.18316650390625,208.03999328613281,209.92999267578125,206.75999450683594,209.55999755859375,135060200
2015-05-07,172.87017822265625,208.8699951171875,209.3800048828125,207.52000427246094,207.91999816894531,88244900
2015-05-08,175.14622497558594,211.6199951171875,211.86000061035156,210.77999877929688,210.8800048828125,155877300
2015-05-11,174.31034851074219,210.61000061035156,211.88999938964844,210.52000427246094,211.57000732421875,75708100
2015-05-12,173.78887939453125,209.97999572753906,210.6300048828125,208.6199951171875,209.61000061035156,119727600
2015-05-13,173.82194519042969,210.02000427246094,211.22000122070312,209.74000549316406,210.47000122070312,94667900
2015-05-14,175.63450622558594,212.21000671386719,212.32000732421875,210.91000366210938,211.24000549316406,95934000
2015-05-15,175.82493591308594,212.44000244140625,212.61000061035156,211.86000061035156,212.44000244140625,76510100
2015-05-18,176.37118530273438,213.10000610351562,213.39999389648438,212.16000366210938,212.24000549316406,74549700
2015-05-19,176.31318664550781,213.02999877929688,213.57000732421875,212.69000244140625,213.24000549316406,72114600
2015-05-20,176.18905639648438,212.8800048828125,213.77999877929688,212.5,213.14999389648438,76857500
2015-05-21,176.70220947265625,213.5,213.75,212.50999450683594,212.71000671386719,64764600
2015-05-22,176.28004455566406,212.99000549316406,213.53999328613281,212.91000366210938,213.03999328613281,57433500
2015-05-26,174.38482666015625,210.69999694824219,212.91000366210938,210.19999694824219,212.39999389648438,124308600
2015-05-27,176.04008483886719,212.69999694824219,212.97999572753906,210.75999450683594,211.25,93214000
2015-05-28,175.84144592285156,212.46000671386719,212.58999633789062,211.6300048828125,212.33000183105469,74974600
2015-05-29,174.74896240234375,211.13999938964844,212.42999267578125,210.82000732421875,212.3800048828125,124919600
2015-06-01,175.10482788085938,211.57000732421875,212.33999633789062,210.6199951171875,211.94000244140625,93338800
2015-06-02,174.93106079101562,211.36000061035156,212.19000244140625,210.27000427246094,211.02000427246094,91531000
2015-06-03,175.39451599121094,211.91999816894531,212.66999816894531,211.33000183105469,212,87820900
2015-06-04,173.91305541992188,210.1300048828125,211.86000061035156,209.75,211.07000732421875,151882800
2015-06-05,173.61508178710938,209.77000427246094,210.58000183105469,208.97999572753906,209.94999694824219,121704700
2015-06-08,172.54739379882812,208.47999572753906,209.82000732421875,208.38999938964844,209.63999938964844,89063300
2015-06-09,172.52262878417969,208.44999694824219,209.10000610351562,207.69000244140625,208.44999694824219,105034700
2015-06-10,174.59170532226562,210.94999694824219,211.41000366210938,209.30000305175781,209.3699951171875,134551300
2015-06-11,175.15449523925781,211.6300048828125,212.08999633789062,211.19999694824219,211.47999572753906,73876400
2015-06-12,173.81367492675781,210.00999450683594,211.47999572753906,209.67999267578125,210.63999938964844,135382400
2015-06-15,173.06884765625,209.11000061035156,209.44999694824219,207.78999328613281,208.63999938964844,124384200
2015-06-16,174.0123291015625,210.25,210.35000610351562,208.72000122070312,208.92999267578125,85308200
2015-06-17,174.29376220703125,210.58999633789062,211.32000732421875,209.36000061035156,210.58999633789062,126708600
2015-06-18,176.10627746582031,212.77999877929688,213.33999633789062,210.6300048828125,211.30999755859375,165867900
2015-06-19,175.32450866699219,210.80999755859375,211.55000305175781,210.36000061035156,211.46000671386719,130478700
2015-06-22,176.22270202636719,211.88999938964844,212.58999633789062,211.63999938964844,211.91000366210938,70696000
2015-06-23,176.34745788574219,212.03999328613281,212.44000244140625,211.57000732421875,212.13999938964844,68476800
2015-06-24,175.06671142578125,210.5,212.16999816894531,210.47000122070312,211.72000122070312,92307300
2015-06-25,174.53445434570312,209.86000061035156,211.25,209.77000427246094,211.10000610351562,97107400
2015-06-26,174.50117492675781,209.82000732421875,210.58000183105469,209.16000366210938,210.28999328613281,104174800
2015-06-29,170.84182739257812,205.41999816894531,209.83000183105469,205.33000183105469,208.05000305175781,202621300
2015-06-30,171.19944763183594,205.85000610351562,207.32000732421875,205.27999877929688,207.25999450683594,182925100
2015-07-01,172.57167053222656,207.5,208.02999877929688,206.55999755859375,207.72999572753906,135979900
2015-07-02,172.41368103027344,207.30999755859375,208.27000427246094,206.80999755859375,208.07000732421875,104373700
2015-07-06,171.92295837402344,206.72000122070312,207.64999389648438,205.52999877929688,205.77000427246094,117975400
2015-07-07,173.00416564941406,208.02000427246094,208.16999816894531,204.11000061035156,206.96000671386719,173820200
2015-07-08,170.10160827636719,204.52999877929688,206.75999450683594,204.25,206.41999816894531,164020100
2015-07-09,170.40934753417969,204.89999389648438,207.35000610351562,204.77000427246094,207.03999328613281,144113100
2015-07-10,172.55500793457031,207.47999572753906,207.97999572753906,204.94999694824219,207.28999328613281,129456900
2015-07-13,174.4595947265625,209.77000427246094,209.89999389648438,208.94000244140625,208.99000549316406,106069400
2015-07-14,175.21636962890625,210.67999267578125,211.05000305175781,209.64999389648438,209.72000122070312,81709600
2015-07-15,175.15821838378906,210.61000061035156,211.27999877929688,210.03999328613281,210.72999572753906,97914100
2015-07-16,176.56369018554688,212.30000305175781,212.30000305175781,211.58000183105469,211.8699951171875,106683300
2015-07-17,176.71345520019531,212.47999572753906,212.55000305175781,211.80000305175781,212.28999328613281,89030000
2015-07-20,176.80490112304688,212.58999633789062,213.17999267578125,212.21000671386719,212.75,70446800
2015-07-21,176.10627746582031,211.75,212.74000549316406,211.38999938964844,212.42999267578125,77965000
2015-07-22,175.79025268554688,211.3699951171875,211.77000427246094,210.88999938964844,210.92999267578125,88667900
2015-07-23,174.80055236816406,210.17999267578125,211.64999389648438,209.75,211.52999877929688,90509100
2015-07-24,172.987548828125,208,210.3699951171875,207.60000610351562,210.30000305175781,117755000
2015-07-27,171.98121643066406,206.78999328613281,207.55000305175781,206.25999450683594,206.94000244140625,132361100
2015-07-28,174.09364318847656,209.33000183105469,209.5,206.80000305175781,207.78999328613281,123544800
2015-07-29,175.29124450683594,210.77000427246094,211.03999328613281,209.30999755859375,209.47999572753906,105791300
2015-07-30,175.33290100097656,210.82000732421875,211.02000427246094,209.41999816894531,210.16000366210938,91304400
2015-07-31,175.06671142578125,210.5,211.44999694824219,210.16000366210938,211.41999816894531,103266900
2015-08-03,174.47625732421875,209.78999328613281,210.52999877929688,208.64999389648438,210.46000671386719,113965700
2015-08-04,174.13516235351562,209.3800048828125,210.25,208.80000305175781,209.69999694824219,81820800
2015-08-05,174.70912170410156,210.07000732421875,211.30999755859375,209.72999572753906,210.44999694824219,85786800
2015-08-06,173.27864074707031,208.35000610351562,210.41999816894531,207.64999389648438,210.28999328613281,116030800
2015-08-07,172.94595336914062,207.94999694824219,208.33999633789062,206.8699951171875,208.16000366210938,117858000
2015-08-10,175.12495422363281,210.57000732421875,210.66999816894531,209.27999877929688,209.27999877929688,80270700
2015-08-11,173.54470825195312,208.66999816894531,209.47000122070312,207.75999450683594,208.97000122070312,126081400
2015-08-12,173.75267028808594,208.91999816894531,209.13999938964844,205.36000061035156,207.11000061035156,172123700
2015-08-13,173.53648376464844,208.66000366210938,209.55000305175781,208.00999450683594,208.72999572753906,89383300
2015-08-14,174.16850280761719,209.41999816894531,209.50999450683594,208.25999450683594,208.42999267578125,72786500
2015-08-17,175.14158630371094,210.58999633789062,210.58999633789062,208.16000366210938,208.71000671386719,79072600
2015-08-18,174.63421630859375,209.97999572753906,210.67999267578125,209.69999694824219,210.25999450683594,71692700
2015-08-19,173.25363159179688,208.32000732421875,210.00999450683594,207.35000610351562,209.08999633789062,172946000
2015-08-20,169.63587951660156,203.97000122070312,208.28999328613281,203.89999389648438,206.50999450683594,194327900
2015-08-21,164.52943420410156,197.83000183105469,203.94000244140625,197.52000427246094,201.72999572753906,346588500
2015-08-24,157.60163879394531,189.5,197.47999572753906,182.39999389648438,187.49000549316406,507244300
2015-08-25,155.74700927734375,187.27000427246094,195.44999694824219,186.91999816894531,195.42999267578125,369833100
2015-08-26,161.7266845703125,194.46000671386719,194.78999328613281,188.3699951171875,192.08000183105469,339257000
2015-08-27,165.72700500488281,199.27000427246094,199.41999816894531,195.21000671386719,197.02000427246094,274143900
2015-08-28,165.73532104492188,199.27999877929688,199.83999633789062,197.91999816894531,198.5,160414400
2015-08-31,164.39631652832031,197.66999816894531,199.1300048828125,197.00999450683594,198.11000061035156,163298800
2015-09-01,159.48948669433594,191.77000427246094,194.77000427246094,190.72999572753906,193.1199951171875,256000400
2015-09-02,162.51678466796875,195.41000366210938,195.46000671386719,192.41999816894531,194.6199951171875,160269300
2015-09-03,162.63323974609375,195.55000305175781,198.05000305175781,194.96000671386719,196.25999450683594,152087800
2015-09-04,160.17144775390625,192.58999633789062,193.86000061035156,191.61000061035156,192.85000610351562,207081000
2015-09-08,164.19682312011719,197.42999267578125,197.61000061035156,195.16999816894531,195.94000244140625,116025700
2015-09-09,162.00108337402344,194.78999328613281,199.47000122070312,194.35000610351562,199.32000732421875,149347700
2015-09-10,162.88272094726562,195.85000610351562,197.22000122070312,194.25,194.55999755859375,158611100
2015-09-11,163.62289428710938,196.74000549316406,196.82000732421875,194.52999877929688,195.3800048828125,119691200
2015-09-14,163.01579284667969,196.00999450683594,197.00999450683594,195.42999267578125,196.94999694824219,79452000
2015-09-15,165.05337524414062,198.46000671386719,198.99000549316406,195.96000671386719,196.61000061035156,113806200
2015-09-16,166.48384094238281,200.17999267578125,200.41000366210938,198.41000366210938,198.82000732421875,99581600
2015-09-17,166.109619140625,199.72999572753906,202.88999938964844,199.27999877929688,200.02000427246094,276046600
2015-09-18,163.3951416015625,195.44999694824219,198.67999267578125,194.96000671386719,195.71000671386719,223657500
2015-09-21,164.23947143554688,196.46000671386719,197.67999267578125,195.21000671386719,196.44000244140625,105726200
2015-09-22,162.10769653320312,193.91000366210938,194.46000671386719,192.55999755859375,193.8800048828125,153890900
2015-09-23,161.84855651855469,193.60000610351562,194.66999816894531,192.91000366210938,194.11000061035156,92790600
2015-09-24,161.26336669921875,192.89999389648438,193.44999694824219,190.55999755859375,192.14999389648438,159378800
2015-09-25,161.22151184082031,192.85000610351562,195,191.80999755859375,194.63999938964844,155054800
2015-09-28,157.17527770996094,188.00999450683594,191.91000366210938,187.63999938964844,191.77999877929688,178515900
2015-09-29,157.26730346679688,188.1199951171875,189.74000549316406,186.92999267578125,188.27000427246094,159045600
2015-09-30,160.20166015625,191.6300048828125,191.83000183105469,189.44000244140625,190.3699951171875,163452000
2015-10-01,160.61962890625,192.1300048828125,192.49000549316406,189.82000732421875,192.08000183105469,131079000
2015-10-02,163.01896667480469,195,195.02999877929688,189.1199951171875,189.77000427246094,211003300
2015-10-05,165.91984558105469,198.47000122070312,198.74000549316406,196.33000183105469,196.46000671386719,126320800
2015-10-06,165.35134887695312,197.78999328613281,198.97999572753906,197,198.30999755859375,110274500
2015-10-07,166.7056884765625,199.41000366210938,199.83000183105469,197.47999572753906,198.89999389648438,124307300
2015-10-08,168.21044921875,201.21000671386719,201.55000305175781,198.58999633789062,198.94999694824219,153055200
2015-10-09,168.31080627441406,201.33000183105469,201.89999389648438,200.58000183105469,201.3800048828125,107069200
2015-10-12,168.46958923339844,201.52000427246094,201.75999450683594,200.91000366210938,201.41999816894531,56395600
2015-10-13,167.40791320800781,200.25,202.16000366210938,200.05000305175781,200.64999389648438,88038700
2015-10-14,166.60533142089844,199.28999328613281,200.8699951171875,198.94000244140625,200.17999267578125,99106200
2015-10-15,169.16348266601562,202.35000610351562,202.36000061035156,199.63999938964844,200.08000183105469,134142200
2015-10-16,169.9326171875,203.27000427246094,203.28999328613281,201.91999816894531,202.83000183105469,114580100
2015-10-19,170.0162353515625,203.3699951171875,203.3699951171875,202.1300048828125,202.5,76523900
2015-10-20,169.79884338378906,203.11000061035156,203.83999633789062,202.55000305175781,202.85000610351562,78448500
2015-10-21,168.7454833984375,201.85000610351562,203.78999328613281,201.64999389648438,203.61000061035156,102038000
2015-10-22,171.59623718261719,205.25999450683594,205.50999450683594,201.85000610351562,202.97999572753906,174911700
2015-10-23,173.47715759277344,207.50999450683594,207.94999694824219,206.30000305175781,207.25,144442300
2015-10-26,173.05085754394531,207,207.3699951171875,206.55999755859375,207.30000305175781,69033000
2015-10-27,172.71647644042969,206.60000610351562,207,205.78999328613281,206.19999694824219,77905800
2015-10-28,174.68106079101562,208.94999694824219,208.97999572753906,206.21000671386719,207,135906700
2015-10-29,174.58074951171875,208.83000183105469,209.27000427246094,208.21000671386719,208.35000610351562,90525500
2015-10-30,173.82830810546875,207.92999267578125,209.44000244140625,207.74000549316406,209.05999755859375,131076900
2015-11-02,175.88490295410156,210.38999938964844,210.6199951171875,208.16999816894531,208.32000732421875,86270800
2015-11-03,176.39485168457031,211,211.66000366210938,209.69999694824219,209.97000122070312,95246100
2015-11-04,175.85977172851562,210.36000061035156,211.5,209.72000122070312,211.35000610351562,96224500
2015-11-05,175.68423461914062,210.14999389648438,210.97999572753906,209.08999633789062,210.42999267578125,78408700
2015-11-06,175.59226989746094,210.03999328613281,210.32000732421875,208.46000671386719,209.74000549316406,110471500
2015-11-09,173.95372009277344,208.08000183105469,209.49000549316406,206.94999694824219,209.30999755859375,131008700
2015-11-10,174.35502624511719,208.55999755859375,208.60000610351562,207.19000244140625,207.50999450683594,75874600
2015-11-11,173.66950988769531,207.74000549316406,208.94000244140625,207.66000366210938,208.8800048828125,67846000
2015-11-12,171.24505615234375,204.83999633789062,207.05999755859375,204.82000732421875,206.5,121315200
2015-11-13,169.32229614257812,202.53999328613281,204.66999816894531,202.44000244140625,204.35000610351562,153577100
2015-11-16,171.89715576171875,205.6199951171875,205.69000244140625,202.17999267578125,202.32000732421875,117645200
2015-11-17,171.77178955078125,205.47000122070312,207.03999328613281,204.8800048828125,205.99000549316406,121123700
2015-11-18,174.49713134765625,208.72999572753906,208.89999389648438,205.99000549316406,206.03999328613281,121342500
2015-11-19,174.34663391113281,208.55000305175781,209.05000305175781,208.19999694824219,208.58999633789062,88220500
2015-11-20,174.98199462890625,209.30999755859375,210.1199951171875,208.86000061035156,209.44999694824219,94011500
2015-11-23,174.78140258789062,209.07000732421875,209.97999572753906,208.52000427246094,209.3800048828125,64931200
2015-11-24,175.01542663574219,209.35000610351562,209.83000183105469,207.41000366210938,207.8699951171875,98874400
2015-11-25,174.9903564453125,209.32000732421875,209.74000549316406,209.00999450683594,209.5,51980100
2015-11-27,175.19099426269531,209.55999755859375,209.80000305175781,208.86000061035156,209.42999267578125,37317800
2015-11-30,174.46372985839844,208.69000244140625,209.88999938964844,208.55999755859375,209.75,112822700
2015-12-01,176.12727355957031,210.67999267578125,210.82000732421875,209.11000061035156,209.44000244140625,97858400
2015-12-02,174.32989501953125,208.52999877929688,211,208.22999572753906,210.6199951171875,108441300
2015-12-03,171.88874816894531,205.61000061035156,209.14999389648438,204.75,208.83000183105469,166224200
2015-12-04,175.24111938476562,209.6199951171875,209.97000122070312,205.61000061035156,205.61000061035156,192913900
2015-12-07,174.17942810058594,208.35000610351562,209.72999572753906,207.19999694824219,209.22999572753906,102027100
2015-12-08,173.00906372070312,206.94999694824219,208.28999328613281,205.77999877929688,206.49000549316406,103372400
2015-12-09,171.66313171386719,205.33999633789062,208.67999267578125,204.17999267578125,206.19000244140625,162401500
2015-12-10,172.10618591308594,205.8699951171875,207.42999267578125,205.13999938964844,205.41999816894531,116128900
2015-12-11,168.77059936523438,201.8800048828125,204.13999938964844,201.50999450683594,203.35000610351562,211173300
2015-12-14,169.623291015625,202.89999389648438,203.05000305175781,199.94999694824219,202.07000732421875,182385200
2015-12-15,171.40396118164062,205.02999877929688,206.11000061035156,202.8699951171875,204.69999694824219,154069600
2015-12-16,173.91188049316406,208.02999877929688,208.38999938964844,204.80000305175781,206.3699951171875,197017000
2015-12-17,171.26182556152344,204.86000061035156,208.47999572753906,204.83999633789062,208.39999389648438,173092500
2015-12-18,168.21080017089844,200.02000427246094,202.92999267578125,199.83000183105469,202.77000427246094,251393500
2015-12-21,169.59835815429688,201.66999816894531,201.8800048828125,200.08999633789062,201.41000366210938,99094300
2015-12-22,171.13735961914062,203.5,203.85000610351562,201.55000305175781,202.72000122070312,111026200
2015-12-23,173.25665283203125,206.02000427246094,206.07000732421875,204.58000183105469,204.69000244140625,110987200
2015-12-24,172.97065734863281,205.67999267578125,206.33000183105469,205.41999816894531,205.72000122070312,48539600
2015-12-28,172.57542419433594,205.21000671386719,205.25999450683594,203.94000244140625,204.86000061035156,65899900
2015-12-29,174.41712951660156,207.39999389648438,207.78999328613281,206.47000122070312,206.50999450683594,92640700
2015-12-30,173.18089294433594,205.92999267578125,207.21000671386719,205.75999450683594,207.11000061035156,63317700
2015-12-31,171.44851684570312,203.8699951171875,205.88999938964844,203.8699951171875,205.1300048828125,114877900
2016-01-04,169.05178833007812,201.02000427246094,201.02999877929688,198.58999633789062,200.49000549316406,222353500
2016-01-05,169.33773803710938,201.36000061035156,201.89999389648438,200.05000305175781,201.39999389648438,110845800
2016-01-06,167.20159912109375,198.82000732421875,200.05999755859375,197.60000610351562,198.33999633789062,152112600
2016-01-07,163.19015502929688,194.05000305175781,197.44000244140625,193.58999633789062,195.33000183105469,213436100
2016-01-08,161.39889526367188,191.91999816894531,195.85000610351562,191.58000183105469,195.19000244140625,209817200
2016-01-11,161.5587158203125,192.11000061035156,193.41000366210938,189.82000732421875,193.00999450683594,187941300
2016-01-12,162.86222839355469,193.66000366210938,194.55000305175781,191.13999938964844,193.82000732421875,172330500
2016-01-13,158.80035400390625,188.83000183105469,194.86000061035156,188.3800048828125,194.44999694824219,221168900
2016-01-14,161.40733337402344,191.92999267578125,193.25999450683594,187.66000366210938,189.55000305175781,240795600
2016-01-15,157.94256591796875,187.80999755859375,188.75999450683594,185.52000427246094,186.77000427246094,324846400
2016-01-19,158.15281677246094,188.05999755859375,190.11000061035156,186.19999694824219,189.96000671386719,195244400
2016-01-20,156.12605285644531,185.64999389648438,187.5,181.02000427246094,185.02999877929688,286547800
2016-01-21,157.00068664550781,186.69000244140625,188.8699951171875,184.63999938964844,186.21000671386719,195772900
2016-01-22,160.2215576171875,190.52000427246094,190.75999450683594,188.8800048828125,189.77999877929688,168319600
2016-01-25,157.79954528808594,187.63999938964844,190.14999389648438,187.41000366210938,189.91999816894531,130371700
2016-01-26,159.95243835449219,190.19999694824219,190.52999877929688,188.02000427246094,188.41999816894531,141036800
2016-01-27,158.21165466308594,188.1300048828125,191.55999755859375,187.05999755859375,189.58000183105469,185681700
2016-01-28,159.03579711914062,189.11000061035156,190.19999694824219,187.16000366210938,189.96000671386719,143798800
2016-01-29,162.91270446777344,193.72000122070312,193.8800048828125,189.8800048828125,190.02000427246094,210529300
2016-02-01,162.85377502441406,193.64999389648438,194.58000183105469,191.83999633789062,192.52999877929688,136061600
2016-02-02,159.91886901855469,190.16000366210938,191.97000122070312,189.53999328613281,191.96000671386719,182564900
2016-02-03,160.87753295898438,191.30000305175781,191.77999877929688,187.10000610351562,191.41000366210938,205054900
2016-02-04,161.12986755371094,191.60000610351562,192.75,189.96000671386719,190.71000671386719,139531800
2016-02-05,158.06022644042969,187.94999694824219,191.66999816894531,187.19999694824219,190.99000549316406,180788300
2016-02-08,155.93260192871094,185.41999816894531,186.1199951171875,182.80000305175781,185.77000427246094,191526700
2016-02-09,155.94102478027344,185.42999267578125,186.94000244140625,183.19999694824219,183.36000061035156,184513100
2016-02-10,155.80647277832031,185.27000427246094,188.33999633789062,185.1199951171875,186.41000366210938,148214100
2016-02-11,153.77975463867188,182.86000061035156,184.10000610351562,181.08999633789062,182.33999633789062,219058900
2016-02-12,156.95021057128906,186.6300048828125,186.64999389648438,183.96000671386719,184.96000671386719,127632400
2016-02-16,159.59927368164062,189.77999877929688,189.80999755859375,187.6300048828125,188.77000427246094,120250700
2016-02-17,162.20628356933594,192.8800048828125,193.32000732421875,191.00999450683594,191.16000366210938,136009500
2016-02-18,161.54191589355469,192.08999633789062,193.27000427246094,191.72000122070312,193.19999694824219,102343000
2016-02-19,161.46623229980469,192,192.17999267578125,190.44999694824219,191.16999816894531,114793000
2016-02-22,163.80412292480469,194.77999877929688,194.94999694824219,193.78999328613281,193.8699951171875,103640300
2016-02-23,161.73533630371094,192.32000732421875,194.32000732421875,192.17999267578125,194,111455300
2016-02-24,162.47543334960938,193.19999694824219,193.52999877929688,189.32000732421875,190.6300048828125,150812200
2016-02-25,164.44325256347656,195.53999328613281,195.55000305175781,192.83000183105469,193.72999572753906,110728300
2016-02-26,164.06478881835938,195.08999633789062,196.67999267578125,194.89999389648438,196.57000732421875,129833700
2016-02-29,162.77816772460938,193.55999755859375,196.22999572753906,193.33000183105469,195.11000061035156,125918100
2016-03-01,166.60455322265625,198.11000061035156,198.21000671386719,194.44999694824219,195.00999450683594,141799700
2016-03-02,167.35302734375,199,199.05999755859375,197.25,197.74000549316406,102415000
2016-03-03,168.00894165039062,199.77999877929688,199.80000305175781,198.11000061035156,198.78999328613281,95172200
2016-03-04,168.55557250976562,200.42999267578125,201.35000610351562,199.02999877929688,200.00999450683594,129293600
2016-03-07,168.69013977050781,200.58999633789062,201.07000732421875,199.25,199.33999633789062,100219000
2016-03-08,166.84846496582031,198.39999389648438,199.91999816894531,198.21000671386719,199.32000732421875,123974900
2016-03-09,167.67259216308594,199.3800048828125,199.78999328613281,198.42999267578125,199.36000061035156,94801200
2016-03-10,167.80717468261719,199.53999328613281,201.07000732421875,197.3800048828125,199.96000671386719,156838700
2016-03-11,170.51504516601562,202.75999450683594,202.80999755859375,199.52000427246094,201.25999450683594,137964500
2016-03-14,170.29640197753906,202.5,203.03999328613281,201.77000427246094,202.16000366210938,73612000
2016-03-15,170.01885986328125,202.16999816894531,202.52999877929688,201.05000305175781,201.36000061035156,93169100
2016-03-16,171.00279235839844,203.33999633789062,203.82000732421875,201.55000305175781,201.60000610351562,129303200
2016-03-17,172.08770751953125,204.6300048828125,205.22999572753906,202.77000427246094,203.24000549316406,134278500
2016-03-18,172.76385498046875,204.3800048828125,204.77999877929688,203.80000305175781,204.16999816894531,138372400
2016-03-21,173.00907897949219,204.66999816894531,204.94000244140625,203.80000305175781,204.07000732421875,72926700
2016-03-22,172.91612243652344,204.55999755859375,205.22999572753906,203.57000732421875,203.75999450683594,97471900
2016-03-23,171.77487182617188,203.21000671386719,204.33000183105469,203.00999450683594,204.11000061035156,81052500
2016-03-24,171.69883728027344,203.1199951171875,203.16000366210938,201.74000549316406,202,84360900
2016-03-28,171.80027770996094,203.24000549316406,203.86000061035156,202.71000671386719,203.61000061035156,62408200
2016-03-29,173.38946533203125,205.1199951171875,205.25,202.39999389648438,202.75999450683594,92922900
2016-03-30,174.15025329589844,206.02000427246094,206.8699951171875,205.58999633789062,206.30000305175781,86365300
2016-03-31,173.72758483886719,205.52000427246094,206.41000366210938,205.33000183105469,205.91000366210938,94584100
2016-04-01,174.9110107421875,206.91999816894531,207.13999938964844,203.97999572753906,204.35000610351562,114423500
2016-04-04,174.34468078613281,206.25,207.07000732421875,205.88999938964844,206.83000183105469,63497000
2016-04-05,172.60331726074219,204.19000244140625,206.25999450683594,203.88999938964844,204.66999816894531,99662200
2016-04-06,174.48828125,206.41999816894531,206.49000549316406,203.97999572753906,204.19000244140625,91839800
2016-04-07,172.40042114257812,203.94999694824219,205.55999755859375,203.08999633789062,205.13999938964844,113859000
2016-04-08,172.86532592773438,204.5,205.85000610351562,203.8699951171875,205.33999633789062,95040600
2016-04-11,172.45962524414062,204.02000427246094,206.07000732421875,203.91000366210938,205.25,83757500
2016-04-12,174.06565856933594,205.91999816894531,206.25,203.69999694824219,204.22000122070312,115350600
2016-04-13,175.82388305664062,208,208.10000610351562,206.83999633789062,207,96336400
2016-04-14,175.83238220214844,208.00999450683594,208.60000610351562,207.60000610351562,208.07000732421875,65212900
2016-04-15,175.637939453125,207.77999877929688,208.16999816894531,207.39999389648438,208.00999450683594,75761600
2016-04-18,176.87211608886719,209.24000549316406,209.27999877929688,207,207.77999877929688,82531000
2016-04-19,177.42996215820312,209.89999389648438,210.19999694824219,208.94000244140625,209.74000549316406,88316100
2016-04-20,177.59910583496094,210.10000610351562,210.91999816894531,209.38999938964844,209.94999694824219,81100300
2016-04-21,176.64384460449219,208.97000122070312,210.25,208.64999389648438,210.1199951171875,85695000
2016-04-22,176.64384460449219,208.97000122070312,209.28999328613281,207.91000366210938,208.55000305175781,99251700
2016-04-25,176.33955383300781,208.61000061035156,208.66000366210938,207.53999328613281,208.25999450683594,66166500
2016-04-26,176.60160827636719,208.91999816894531,209.52000427246094,208.36000061035156,209.03999328613281,75864200
2016-04-27,176.96513366699219,209.35000610351562,209.80999755859375,208.05000305175781,208.47000122070312,77329400
2016-04-28,175.35899353027344,207.44999694824219,209.75999450683594,206.96000671386719,208.46000671386719,97216200
2016-04-29,174.41229248046875,206.33000183105469,207.1300048828125,205.02999877929688,206.72000122070312,142424100
2016-05-02,175.79856872558594,207.97000122070312,208.17999267578125,206.41000366210938,206.91999816894531,62188000
2016-05-03,174.26856994628906,206.16000366210938,206.80000305175781,205.27999877929688,206.52000427246094,106422100
2016-05-04,173.29647827148438,205.00999450683594,205.85000610351562,204.41999816894531,204.99000549316406,92243800
2016-05-05,173.26266479492188,204.97000122070312,205.97999572753906,204.47000122070312,205.55999755859375,67619200
2016-05-06,173.89662170410156,205.72000122070312,205.77000427246094,203.8800048828125,204.05999755859375,89315000
2016-05-09,174.04031372070312,205.88999938964844,206.39999389648438,205.36000061035156,205.57000732421875,74374900
2016-05-10,176.20433044433594,208.44999694824219,208.47000122070312,206.63999938964844,206.72000122070312,77472200
2016-05-11,174.55596923828125,206.5,208.53999328613281,206.5,207.91000366210938,81727000
2016-05-12,174.60671997070312,206.55999755859375,207.49000549316406,205.3699951171875,207.28999328613281,89586300
2016-05-13,173.08512878417969,204.75999450683594,206.86000061035156,204.3800048828125,206.21000671386719,96474600
2016-05-16,174.79261779785156,206.77999877929688,207.33999633789062,204.88999938964844,204.96000671386719,77486800
2016-05-17,173.16117858886719,204.85000610351562,206.80000305175781,204.22999572753906,206.46000671386719,114924900
2016-05-18,173.21194458007812,204.91000366210938,206.30000305175781,203.6300048828125,204.44000244140625,120062100
2016-05-19,172.61175537109375,204.19999694824219,204.53999328613281,202.77999877929688,204.05999755859375,115430500
2016-05-20,173.70222473144531,205.49000549316406,206.10000610351562,204.86000061035156,204.91999816894531,104990400
2016-05-23,173.46546936035156,205.21000671386719,205.83999633789062,204.99000549316406,205.50999450683594,58682600
2016-05-24,175.7139892578125,207.8699951171875,208.24000549316406,206.13999938964844,206.16999816894531,93537800
2016-05-25,176.90589904785156,209.27999877929688,209.77000427246094,207.8699951171875,208.66999816894531,76621400
2016-05-26,176.95660400390625,209.33999633789062,209.71000671386719,208.97000122070312,209.44000244140625,55280700
2016-05-27,177.7174072265625,210.24000549316406,210.25,209.47000122070312,209.52999877929688,64211200
2016-05-31,177.37928771972656,209.83999633789062,210.69000244140625,209.17999267578125,210.55999755859375,109879400
2016-06-01,177.74276733398438,210.27000427246094,210.47999572753906,208.88999938964844,209.1199951171875,69936200
2016-06-02,178.28378295898438,210.91000366210938,210.92999267578125,209.24000549316406,209.80000305175781,63044700
2016-06-03,177.75120544433594,210.27999877929688,210.69000244140625,208.86000061035156,210.25,101757100
2016-06-06,178.65567016601562,211.35000610351562,211.77000427246094,210.50999450683594,210.69999694824219,64887000
2016-06-07,178.93463134765625,211.67999267578125,212.33999633789062,211.5,211.52999877929688,60974800
2016-06-08,179.51792907714844,212.3699951171875,212.52000427246094,211.69000244140625,211.83999633789062,66170900
2016-06-09,179.27275085449219,212.08000183105469,212.22000122070312,211.19000244140625,211.50999450683594,73786900
2016-06-10,177.57371520996094,210.07000732421875,210.86000061035156,209.42999267578125,210.46000671386719,113829200
2016-06-13,176.20433044433594,208.44999694824219,210.3699951171875,208.35000610351562,209.36000061035156,117751200
2016-06-14,175.85771179199219,208.03999328613281,208.74000549316406,206.91999816894531,208,125059300
2016-06-15,175.61259460449219,207.75,209.36000061035156,207.52999877929688,208.03999328613281,109124500
2016-06-16,176.13665771484375,208.3699951171875,208.57000732421875,205.58999633789062,207.75,149533100
2016-06-17,175.48072814941406,206.52000427246094,207.19999694824219,205.75,207.16999816894531,117055700
2016-06-20,176.61082458496094,207.85000610351562,209.61000061035156,207.75,208.82000732421875,82789600
2016-06-21,177.11215209960938,208.44000244140625,208.91999816894531,207.77999877929688,208.30000305175781,72461700
2016-06-22,176.82327270507812,208.10000610351562,209.5,207.92999267578125,208.64999389648438,95560500
2016-06-23,179.12596130371094,210.80999755859375,210.8699951171875,209.27000427246094,209.80999755859375,102731400
2016-06-24,172.69371032714844,203.24000549316406,210.85000610351562,202.72000122070312,203.6300048828125,333444400
2016-06-27,169.60075378417969,199.60000610351562,201.60000610351562,198.64999389648438,201.58999633789062,230775800
2016-06-28,172.65971374511719,203.19999694824219,203.22999572753906,201.1199951171875,201.47999572753906,159382400
2016-06-29,175.59968566894531,206.66000366210938,206.92999267578125,204.72000122070312,204.83999633789062,137328600
2016-06-30,177.995849609375,209.47999572753906,209.53999328613281,206.55999755859375,207.21000671386719,165021900
2016-07-01,178.36970520019531,209.91999816894531,210.49000549316406,209.28999328613281,209.47999572753906,106055300
2016-07-05,177.08665466308594,208.41000366210938,209.08000183105469,207.71000671386719,208.94999694824219,109803700
2016-07-06,178.14875793457031,209.66000366210938,209.80000305175781,207.05999755859375,207.83000183105469,96021500
2016-07-07,178.03836059570312,209.52999877929688,210.64999389648438,208.6300048828125,209.8699951171875,85593800
2016-07-08,180.68940734863281,212.64999389648438,212.94000244140625,210.77999877929688,211.05000305175781,133971000
2016-07-11,181.32670593261719,213.39999389648438,214.07000732421875,212.94999694824219,213.19000244140625,73633900
2016-07-12,182.64369201660156,214.94999694824219,215.30000305175781,213.42999267578125,214.52999877929688,101275600
2016-07-13,182.61824035644531,214.91999816894531,215.44999694824219,214.35000610351562,215.44000244140625,87324100
2016-07-14,183.63786315917969,216.1199951171875,216.66999816894531,215.66000366210938,216.39999389648438,91230900
2016-07-15,183.39151000976562,215.83000183105469,217.00999450683594,215.30999755859375,216.77999877929688,107155400
2016-07-18,183.88426208496094,216.41000366210938,216.60000610351562,215.66999816894531,215.97000122070312,58725900
2016-07-19,183.69735717773438,216.19000244140625,216.22999572753906,215.6300048828125,215.91999816894531,54345700
2016-07-20,184.46200561523438,217.08999633789062,217.3699951171875,216.19000244140625,216.19000244140625,58159500
2016-07-21,183.76531982421875,216.27000427246094,217.22000122070312,215.75,216.96000671386719,67777300
2016-07-22,184.58949279785156,217.24000549316406,217.30000305175781,216.10000610351562,216.41000366210938,62787500
2016-07-25,184.08819580078125,216.64999389648438,217.05999755859375,215.97000122070312,217,55873100
2016-07-26,184.17317199707031,216.75,217.16999816894531,215.75999450683594,216.52999877929688,70080500
2016-07-27,183.97775268554688,216.52000427246094,217.27000427246094,215.6199951171875,217.19000244140625,84083900
2016-07-28,184.19013977050781,216.77000427246094,217.11000061035156,215.75,216.28999328613281,65035700
2016-07-29,184.48757934570312,217.1199951171875,217.53999328613281,216.1300048828125,216.46000671386719,79519400
2016-08-01,184.33462524414062,216.94000244140625,217.64999389648438,216.41000366210938,217.19000244140625,73311400
2016-08-02,183.15353393554688,215.55000305175781,216.83000183105469,214.57000732421875,216.64999389648438,92295500
2016-08-03,183.68885803222656,216.17999267578125,216.25,215.1300048828125,215.47999572753906,53993600
2016-08-04,183.88426208496094,216.41000366210938,216.77999877929688,214.25,216.30999755859375,46585500
2016-08-05,185.38825988769531,218.17999267578125,218.22999572753906,216.41000366210938,216.41000366210938,71892200
2016-08-08,185.27777099609375,218.05000305175781,218.52000427246094,217.74000549316406,218.39999389648438,39906500
2016-08-09,185.38825988769531,218.17999267578125,218.75999450683594,217.80000305175781,218.1300048828125,51251700
2016-08-10,184.92941284179688,217.63999938964844,218.39999389648438,217.22999572753906,218.30999755859375,57941100
2016-08-11,185.78756713867188,218.64999389648438,218.94000244140625,217.94999694824219,218.25999450683594,72504300
2016-08-12,185.62617492675781,218.46000671386719,218.71000671386719,217.99000549316406,218.28999328613281,61313500
2016-08-15,186.16148376464844,219.08999633789062,219.5,218.8800048828125,218.88999938964844,49813500
2016-08-16,185.20133972167969,217.96000671386719,218.67999267578125,217.96000671386719,218.60000610351562,53213600
2016-08-17,185.5496826171875,218.3699951171875,218.52999877929688,217.02000427246094,218,75134300
2016-08-18,185.96603393554688,218.86000061035156,218.89999389648438,218.21000671386719,218.33999633789062,52989300
2016-08-19,185.69416809082031,218.53999328613281,218.75,217.74000549316406,218.30999755859375,75443000
2016-08-22,185.68565368652344,218.52999877929688,218.80000305175781,217.83000183105469,218.25999450683594,61368800
2016-08-23,186.05952453613281,218.97000122070312,219.60000610351562,218.89999389648438,219.25,53399200
2016-08-24,185.10789489746094,217.85000610351562,218.91000366210938,217.36000061035156,218.80000305175781,71728900
2016-08-25,184.98043823242188,217.69999694824219,218.19000244140625,217.22000122070312,217.39999389648438,69224800
2016-08-26,184.63197326660156,217.28999328613281,219.1199951171875,216.25,217.91999816894531,122506300
2016-08-29,185.54121398925781,218.36000061035156,218.66999816894531,217.39999389648438,217.44000244140625,70502200
2016-08-30,185.23530578613281,218,218.58999633789062,217.35000610351562,218.25999450683594,58114500
2016-08-31,184.70848083496094,217.3800048828125,217.75,216.47000122070312,217.61000061035156,85269500
2016-09-01,184.71697998046875,217.38999938964844,217.72999572753906,216.02999877929688,217.3699951171875,97844200
2016-09-02,185.5496826171875,218.3699951171875,218.8699951171875,217.69999694824219,218.38999938964844,79293900
2016-09-06,186.1104736328125,219.02999877929688,219.1199951171875,217.86000061035156,218.69999694824219,56702100
2016-09-07,186.09352111816406,219.00999450683594,219.22000122070312,218.30000305175781,218.83999633789062,76554900
2016-09-08,185.66860961914062,218.50999450683594,218.94000244140625,218.14999389648438,218.6199951171875,74102900
2016-09-09,181.22471618652344,213.27999877929688,217.02999877929688,213.25,216.97000122070312,221589100
2016-09-12,183.82479858398438,216.33999633789062,216.80999755859375,212.30999755859375,212.38999938964844,168110900
2016-09-13,181.18218994140625,213.22999572753906,215.14999389648438,212.5,214.83999633789062,182828800
2016-09-14,181.11419677734375,213.14999389648438,214.69999694824219,212.5,213.28999328613281,134185500
2016-09-15,182.92411804199219,215.27999877929688,215.72999572753906,212.75,212.96000671386719,134427900
2016-09-16,182.21699523925781,213.3699951171875,213.69000244140625,212.57000732421875,213.47999572753906,155236400
2016-09-19,182.25119018554688,213.41000366210938,214.8800048828125,213.02999877929688,214.1300048828125,80250500
2016-09-20,182.25965881347656,213.41999816894531,214.58999633789062,213.3800048828125,214.41000366210938,69665300
2016-09-21,184.30931091308594,215.82000732421875,216.02999877929688,213.44000244140625,214.24000549316406,110284400
2016-09-22,185.470703125,217.17999267578125,217.52999877929688,216.71000671386719,217,76678700
2016-09-23,184.45445251464844,215.99000549316406,216.8800048828125,215.8800048828125,216.72000122070312,73630900
2016-09-26,182.95997619628906,214.24000549316406,215.22999572753906,214.00999450683594,215.02000427246094,89827300
2016-09-27,184.09577941894531,215.57000732421875,215.67999267578125,213.6199951171875,214.05000305175781,78494800
2016-09-28,185.00953674316406,216.63999938964844,216.82000732421875,214.71000671386719,215.83000183105469,87411000
2016-09-29,183.33572387695312,214.67999267578125,216.8699951171875,214.03999328613281,216.39999389648438,128070600
2016-09-30,184.71923828125,216.30000305175781,217.1199951171875,215.36000061035156,215.64999389648438,117202900
2016-10-03,184.27511596679688,215.77999877929688,216.03999328613281,215.03999328613281,215.82000732421875,83512100
2016-10-04,183.33572387695312,214.67999267578125,216.16999816894531,213.99000549316406,215.91000366210938,119948100
2016-10-05,184.14706420898438,215.6300048828125,216.1300048828125,215.33000183105469,215.41000366210938,72816000
2016-10-06,184.27511596679688,215.77999877929688,216.03999328613281,214.74000549316406,215.3699951171875,62927400
2016-10-07,183.64317321777344,215.03999328613281,216.30000305175781,214.19000244140625,216.10000610351562,89788300
2016-10-10,184.59967041015625,216.16000366210938,216.69999694824219,215.99000549316406,216.16000366210938,51855000
2016-10-11,182.26824951171875,213.42999267578125,215.74000549316406,212.58000183105469,215.66000366210938,130367400
2016-10-12,182.50740051269531,213.71000671386719,214.32000732421875,213.00999450683594,213.58999633789062,73866100
2016-10-13,181.90959167480469,213.00999450683594,213.58999633789062,211.21000671386719,212.16000366210938,101357000
2016-10-14,182.00349426269531,213.1199951171875,214.69000244140625,213.02999877929688,214.14999389648438,93346200
2016-10-17,181.37153625488281,212.3800048828125,213.38999938964844,212.16999816894531,213.08999633789062,58275700
2016-10-18,182.50740051269531,213.71000671386719,214.30999755859375,213.27000427246094,214.24000549316406,76869700
2016-10-19,182.99412536621094,214.27999877929688,214.63999938964844,213.60000610351562,214.02000427246094,66519200
2016-10-20,182.65254211425781,213.8800048828125,214.52999877929688,213.11000061035156,213.8699951171875,73639800
2016-10-21,182.7379150390625,213.97999572753906,214.08000183105469,212.75999450683594,213.8800048828125,89089100
2016-10-24,183.51506042480469,214.88999938964844,215.32000732421875,214.47999572753906,215,60146600
2016-10-25,182.90022277832031,214.16999816894531,214.97999572753906,213.97999572753906,214.67999267578125,66542300
2016-10-26,182.53298950195312,213.74000549316406,214.41999816894531,212.92999267578125,213.21000671386719,75705500
2016-10-27,182.04623413085938,213.16999816894531,214.6199951171875,213.08000183105469,214.58000183105469,77220200
2016-10-28,181.50819396972656,212.53999328613281,213.92999267578125,211.71000671386719,213.13999938964844,140623200
2016-10-31,181.51670837402344,212.55000305175781,213.19000244140625,212.36000061035156,212.92999267578125,61272500
2016-11-01,180.20156860351562,211.00999450683594,212.99000549316406,209.60000610351562,212.92999267578125,122781800
2016-11-02,179.11700439453125,209.74000549316406,211.10000610351562,209.22999572753906,210.64999389648438,103330800
2016-11-03,178.29716491699219,208.77999877929688,210.24000549316406,208.46000671386719,209.99000549316406,88939300
2016-11-04,178.10075378417969,208.55000305175781,209.88999938964844,208.3800048828125,208.91000366210938,109122100
2016-11-07,182.02906799316406,213.14999389648438,213.19000244140625,208.55000305175781,208.55000305175781,109794900
2016-11-08,182.84892272949219,214.11000061035156,214.77000427246094,212.3800048828125,212.69000244140625,106772100
2016-11-09,184.78758239746094,216.3800048828125,217.10000610351562,212.33999633789062,212.3699951171875,258429000
2016-11-10,185.24862670898438,216.91999816894531,218.30999755859375,215.22000122070312,217.30000305175781,172113300
2016-11-11,184.82168579101562,216.41999816894531,216.69999694824219,215.32000732421875,216.08000183105469,100552700
2016-11-14,184.96685791015625,216.58999633789062,217.27000427246094,215.72000122070312,217.02999877929688,94580000
2016-11-15,186.41012573242188,218.27999877929688,218.27999877929688,216.80000305175781,217.03999328613281,91652600
2016-11-16,186.06002807617188,217.8699951171875,218.13999938964844,217.41999816894531,217.55999755859375,65617700
2016-11-17,187.01649475097656,218.99000549316406,219.05999755859375,217.91999816894531,218.05000305175781,69797200
2016-11-18,186.5980224609375,218.5,219.27000427246094,218.28999328613281,219.07000732421875,86265800
2016-11-21,188.007080078125,220.14999389648438,220.17999267578125,219,219.16999816894531,72402600
2016-11-22,188.37428283691406,220.58000183105469,220.78999328613281,219.72999572753906,220.50999450683594,67429000
2016-11-23,188.47676086425781,220.69999694824219,220.75999450683594,219.75,219.97999572753906,56620200
2016-11-25,189.17710876464844,221.52000427246094,221.55999755859375,221.00999450683594,221.10000610351562,37872300
2016-11-28,188.28890991210938,220.47999572753906,221.47999572753906,220.36000061035156,221.16000366210938,76572500
2016-11-29,188.65608215332031,220.91000366210938,221.44000244140625,220.16999816894531,220.52000427246094,69886700
2016-11-30,188.20350646972656,220.3800048828125,221.82000732421875,220.30999755859375,221.6300048828125,113291800
2016-12-01,187.51181030273438,219.57000732421875,220.72999572753906,219.14999389648438,220.72999572753906,79040500
2016-12-02,187.60574340820312,219.67999267578125,220.25,219.25999450683594,219.66999816894531,74840300
2016-12-05,188.73300170898438,221,221.39999389648438,220.41999816894531,220.64999389648438,67837800
2016-12-06,189.330810546875,221.69999694824219,221.74000549316406,220.66000366210938,221.22000122070312,59877400
2016-12-07,191.80740356445312,224.60000610351562,224.66999816894531,221.3800048828125,221.52000427246094,110738100
2016-12-08,192.27708435058594,225.14999389648438,225.69999694824219,224.25999450683594,224.57000732421875,99714400
2016-12-09,193.43850708007812,226.50999450683594,226.52999877929688,225.3699951171875,225.41000366210938,88005800
2016-12-12,193.21647644042969,226.25,226.96000671386719,225.75999450683594,226.39999389648438,102016100
2016-12-13,194.50602722167969,227.75999450683594,228.33999633789062,227,227.02000427246094,110477500
2016-12-14,192.90048217773438,225.8800048828125,228.22999572753906,225.3699951171875,227.41000366210938,142501800
2016-12-15,193.6947021484375,226.80999755859375,227.80999755859375,225.88999938964844,226.16000366210938,124972600
2016-12-16,193.31590270996094,225.03999328613281,226.08000183105469,224.66999816894531,226.00999450683594,156420200
2016-12-19,193.73680114746094,225.52999877929688,226.02000427246094,225.08000183105469,225.25,90341100
2016-12-20,194.484130859375,226.39999389648438,226.57000732421875,225.8800048828125,226.14999389648438,89838800
2016-12-21,193.9429931640625,225.77000427246094,226.44999694824219,225.77000427246094,226.25,67909000
2016-12-22,193.60795593261719,225.3800048828125,225.74000549316406,224.91999816894531,225.60000610351562,56219100
2016-12-23,193.89140319824219,225.71000671386719,225.72000122070312,225.21000671386719,225.42999267578125,36697800
2016-12-27,194.37246704101562,226.27000427246094,226.72999572753906,226,226.02000427246094,42672500
2016-12-28,192.76608276367188,224.39999389648438,226.58999633789062,224.27000427246094,226.57000732421875,64095000
2016-12-29,192.72315979003906,224.35000610351562,224.88999938964844,223.83999633789062,224.47999572753906,48696100
2016-12-30,192.01873779296875,223.52999877929688,224.83000183105469,222.72999572753906,224.72999572753906,108998300
2017-01-03,193.48774719238281,225.24000549316406,225.83000183105469,223.8800048828125,225.03999328613281,91366500
2017-01-04,194.63874816894531,226.58000183105469,226.75,225.61000061035156,225.6199951171875,78744400
2017-01-05,194.484130859375,226.39999389648438,226.58000183105469,225.47999572753906,226.27000427246094,78379000
2017-01-06,195.17996215820312,227.21000671386719,227.75,225.89999389648438,226.52999877929688,71559900
2017-01-09,194.53569030761719,226.46000671386719,227.07000732421875,226.41999816894531,226.91000366210938,46939700
2017-01-10,194.53569030761719,226.46000671386719,227.44999694824219,226.00999450683594,226.47999572753906,63771900
2017-01-11,195.08549499511719,227.10000610351562,227.10000610351562,225.58999633789062,226.36000061035156,74650000
2017-01-12,194.59587097167969,226.52999877929688,226.75,224.96000671386719,226.5,72113200
2017-01-13,195.04251098632812,227.05000305175781,227.39999389648438,226.69000244140625,226.72999572753906,62717900
2017-01-17,194.35530090332031,226.25,226.77999877929688,225.80000305175781,226.30999755859375,61240800
2017-01-18,194.78480529785156,226.75,226.80000305175781,225.89999389648438,226.53999328613281,54793300
2017-01-19,194.063232421875,225.91000366210938,227,225.41000366210938,226.83999633789062,66608800
2017-01-20,194.77619934082031,226.74000549316406,227.30999755859375,225.97000122070312,226.69999694824219,129168600
2017-01-23,194.26936340332031,226.14999389648438,226.80999755859375,225.27000427246094,226.74000549316406,75061600
2017-01-24,195.51499938964844,227.60000610351562,228.08000183105469,226.27000427246094,226.39999389648438,95555300
2017-01-25,197.20730590820312,229.57000732421875,229.57000732421875,228.50999450683594,228.69999694824219,84437700
2017-01-26,197.00108337402344,229.33000183105469,229.71000671386719,229.00999450683594,229.39999389648438,59970700
2017-01-27,196.69181823730469,228.97000122070312,229.58999633789062,228.75999450683594,229.41999816894531,59711100
2017-01-30,195.4720458984375,227.55000305175781,228.19999694824219,226.41000366210938,228.16999816894531,79737300
2017-01-31,195.45484924316406,227.52999877929688,227.60000610351562,226.32000732421875,226.97999572753906,75880800
2017-02-01,195.53218078613281,227.6199951171875,228.58999633789062,226.94000244140625,227.52999877929688,79117700
2017-02-02,195.66102600097656,227.77000427246094,228.10000610351562,226.82000732421875,227.6199951171875,69657600
2017-02-03,197.00970458984375,229.33999633789062,229.55000305175781,228.46000671386719,228.82000732421875,80563200
2017-02-06,196.65748596191406,228.92999267578125,229.33000183105469,228.53999328613281,228.8699951171875,57790100
2017-02-07,196.66610717773438,228.94000244140625,229.66000366210938,228.72000122070312,229.3800048828125,57931200
2017-02-08,196.92381286621094,229.24000549316406,229.38999938964844,228.30999755859375,228.94000244140625,51566200
2017-02-09,198.09205627441406,230.60000610351562,230.94999694824219,229.24000549316406,229.24000549316406,65955200
2017-02-10,198.87380981445312,231.50999450683594,231.77000427246094,230.6199951171875,231,66015900
2017-02-13,199.95611572265625,232.77000427246094,233.07000732421875,232.05000305175781,232.08000183105469,55182100
2017-02-14,200.75505065917969,233.69999694824219,233.71000671386719,232.16000366210938,232.55999755859375,71109000
2017-02-15,201.8031005859375,234.91999816894531,235.13999938964844,233.38999938964844,233.44999694824219,86785800
2017-02-16,201.63127136230469,234.72000122070312,235.16000366210938,233.85000610351562,234.94999694824219,84722400
2017-02-17,201.94912719726562,235.08999633789062,235.08999633789062,233.92999267578125,233.94999694824219,77204100
2017-02-21,203.15179443359375,236.49000549316406,236.69000244140625,235.50999450683594,235.52000427246094,88946100
2017-02-22,202.97134399414062,236.27999877929688,236.53999328613281,235.83000183105469,236.02000427246094,62115200
2017-02-23,203.1087646484375,236.44000244140625,236.89999389648438,235.55999755859375,236.8800048828125,74615900
2017-02-24,203.36650085449219,236.74000549316406,236.78999328613281,235.41000366210938,235.46000671386719,82381600
2017-02-27,203.68434143066406,237.11000061035156,237.30999755859375,236.35000610351562,236.63999938964844,56515400
2017-02-28,203.13458251953125,236.47000122070312,236.94999694824219,236.02000427246094,236.66999816894531,96961900
2017-03-01,205.9779052734375,239.77999877929688,240.32000732421875,238.3699951171875,238.38999938964844,149158200
2017-03-02,204.68083190917969,238.27000427246094,239.57000732421875,238.21000671386719,239.55999755859375,70246000
2017-03-03,204.80964660644531,238.41999816894531,238.61000061035156,237.72999572753906,238.16999816894531,81974300
2017-03-06,204.19979858398438,237.71000671386719,238.1199951171875,237.00999450683594,237.5,55391500
2017-03-07,203.58987426757812,237,237.77000427246094,236.75999450683594,237.36000061035156,65103700
2017-03-08,203.21186828613281,236.55999755859375,237.63999938964844,236.39999389648438,237.33999633789062,78168800
2017-03-09,203.46958923339844,236.86000061035156,237.24000549316406,235.74000549316406,236.69999694824219,90683900
2017-03-10,204.18258666992188,237.69000244140625,238.02000427246094,236.58999633789062,237.97000122070312,81991700
2017-03-13,204.28567504882812,237.80999755859375,237.86000061035156,237.24000549316406,237.6199951171875,57256800
2017-03-14,203.50392150878906,236.89999389648438,237.24000549316406,236.19000244140625,237.17999267578125,59880800
2017-03-15,205.26495361328125,238.94999694824219,239.44000244140625,237.28999328613281,237.55999755859375,96081800
2017-03-16,204.86117553710938,238.47999572753906,239.19999694824219,238.10000610351562,239.11000061035156,78344000
2017-03-17,204.50141906738281,237.02999877929688,237.97000122070312,237.02999877929688,237.75,89002100
2017-03-20,204.27711486816406,236.77000427246094,237.36000061035156,236.32000732421875,237.02999877929688,52537000
2017-03-21,201.65432739257812,233.72999572753906,237.61000061035156,233.58000183105469,237.47000122070312,131809300
2017-03-22,202.12882995605469,234.27999877929688,234.61000061035156,233.05000305175781,233.77000427246094,97569200
2017-03-23,201.91311645507812,234.02999877929688,235.33999633789062,233.60000610351562,234.27999877929688,100410300
2017-03-24,201.76649475097656,233.86000061035156,235.03999328613281,232.96000671386719,234.3800048828125,112504900
2017-03-27,201.55938720703125,233.6199951171875,233.91999816894531,231.61000061035156,231.92999267578125,87454500
2017-03-28,203.02613830566406,235.32000732421875,235.80999755859375,233.13999938964844,233.27000427246094,93483900
2017-03-29,203.21591186523438,235.53999328613281,235.80999755859375,234.72999572753906,234.99000549316406,61950400
2017-03-30,203.86296081542969,236.28999328613281,236.52000427246094,235.27000427246094,235.47000122070312,56737900
2017-03-31,203.38844299316406,235.74000549316406,236.50999450683594,235.67999267578125,235.89999389648438,73733100
2017-04-03,203.03471374511719,235.33000183105469,236.02999877929688,233.91000366210938,235.80000305175781,85546500
2017-04-04,203.16415405273438,235.47999572753906,235.58000183105469,234.55999755859375,235,56466200
2017-04-05,202.56021118164062,234.77999877929688,237.38999938964844,234.53999328613281,236.25999450683594,108800600
2017-04-06,203.12965393066406,235.44000244140625,236.03999328613281,234.42999267578125,234.94000244140625,69135800
2017-04-07,202.922607421875,235.19999694824219,236,234.63999938964844,235.14999389648438,74412300
2017-04-10,203.04335021972656,235.33999633789062,236.25999450683594,234.72999572753906,235.36000061035156,67615300
2017-04-11,202.80180358886719,235.05999755859375,235.17999267578125,233.33999633789062,234.89999389648438,88045300
2017-04-12,201.91311645507812,234.02999877929688,234.96000671386719,233.77000427246094,234.74000549316406,81864400
2017-04-13,200.60176086425781,232.50999450683594,234.49000549316406,232.50999450683594,233.63999938964844,92880400
2017-04-17,202.3790283203125,234.57000732421875,234.57000732421875,232.8800048828125,233.11000061035156,68405400
2017-04-18,201.77510070800781,233.8699951171875,234.49000549316406,233.08000183105469,233.72000122070312,83225800
2017-04-19,201.40408325195312,233.44000244140625,234.94999694824219,233.17999267578125,234.52000427246094,68699900
2017-04-20,203.04335021972656,235.33999633789062,235.85000610351562,233.77999877929688,234.14999389648438,92572200
2017-04-21,202.39634704589844,234.58999633789062,235.30999755859375,234.1300048828125,235.25,110389800
2017-04-24,204.62223815917969,237.16999816894531,237.41000366210938,234.55999755859375,237.17999267578125,119209900
2017-04-25,205.8128662109375,238.55000305175781,238.94999694824219,237.80999755859375,237.91000366210938,76698300
2017-04-26,205.68342590332031,238.39999389648438,239.52999877929688,238.35000610351562,238.50999450683594,84702500
2017-04-27,205.85603332519531,238.60000610351562,238.94999694824219,237.97999572753906,238.77000427246094,57410300
2017-04-28,205.40733337402344,238.08000183105469,238.92999267578125,237.92999267578125,238.89999389648438,63532800
2017-05-01,205.92500305175781,238.67999267578125,239.16999816894531,238.19999694824219,238.67999267578125,66882500
2017-05-02,206.00267028808594,238.77000427246094,238.97999572753906,238.30000305175781,238.83999633789062,57375700
2017-05-03,205.75241088867188,238.47999572753906,238.8800048828125,237.69999694824219,238.77000427246094,73137700
2017-05-04,205.99406433105469,238.75999450683594,238.91999816894531,237.77999877929688,238.83000183105469,61462700
2017-05-05,206.80497741699219,239.69999694824219,239.72000122070312,238.67999267578125,239.19000244140625,62001300
2017-05-08,206.77052307128906,239.66000366210938,239.91999816894531,239.16999816894531,239.75,48385700
2017-05-09,206.58071899414062,239.44000244140625,240.19000244140625,239.03999328613281,239.96000671386719,51363200
2017-05-10,206.95166015625,239.8699951171875,239.8699951171875,239.14999389648438,239.38999938964844,54293800
2017-05-11,206.52891540527344,239.3800048828125,239.57000732421875,238.1300048828125,239.35000610351562,62358300
2017-05-12,206.183837890625,238.97999572753906,239.42999267578125,238.66999816894531,239.08999633789062,53912700
2017-05-15,207.32272338867188,240.30000305175781,240.44000244140625,239.44999694824219,239.47000122070312,61918900
2017-05-16,207.13285827636719,240.08000183105469,240.66999816894531,239.6300048828125,240.63999938964844,51241800
2017-05-17,203.45753479003906,235.82000732421875,240.08000183105469,235.75,240.08000183105469,172174100
2017-05-18,204.27711486816406,236.77000427246094,237.75,235.42999267578125,235.72999572753906,107047700
2017-05-19,205.60577392578125,238.30999755859375,239.08000183105469,237.27000427246094,237.33000183105469,115011400
2017-05-22,206.64971923828125,239.52000427246094,239.71000671386719,238.82000732421875,238.89999389648438,61010600
2017-05-23,207.10702514648438,240.05000305175781,240.24000549316406,239.50999450683594,239.94999694824219,48341700
2017-05-24,207.59016418457031,240.61000061035156,240.72999572753906,239.92999267578125,240.32000732421875,46927700
2017-05-25,208.58233642578125,241.75999450683594,242.08000183105469,240.96000671386719,241.19999694824219,64071700
2017-05-26,208.53924560546875,241.71000671386719,241.89999389648438,241.44999694824219,241.53999328613281,46629900
2017-05-30,208.35800170898438,241.5,241.78999328613281,241.16000366210938,241.33999633789062,35201900
2017-05-31,208.30622863769531,241.44000244140625,241.8800048828125,240.63999938964844,241.83999633789062,91796000
2017-06-01,209.96272277832031,243.36000061035156,243.3800048828125,241.63999938964844,241.97000122070312,68962000
2017-06-02,210.66156005859375,244.16999816894531,244.35000610351562,243.08000183105469,243.41999816894531,88666100
2017-06-05,210.50630187988281,243.99000549316406,244.30000305175781,243.75999450683594,243.97000122070312,44698800
2017-06-06,209.83329772949219,243.21000671386719,243.97999572753906,243.1199951171875,243.33999633789062,50375400
2017-06-07,210.22158813476562,243.66000366210938,243.91999816894531,242.83000183105469,243.60000610351562,54144300
2017-06-08,210.32518005371094,243.77999877929688,244.33000183105469,243.16999816894531,243.77000427246094,65950700
2017-06-09,210.00588989257812,243.41000366210938,245.00999450683594,241.94999694824219,244.08999633789062,132256400
2017-06-12,209.96272277832031,243.36000061035156,243.41999816894531,242.3800048828125,243.1300048828125,86108100
2017-06-13,210.98944091796875,244.55000305175781,244.61000061035156,243.58000183105469,243.97999572753906,60067000
2017-06-14,210.72198486328125,244.24000549316406,244.8699951171875,243.28999328613281,244.86000061035156,78602300
2017-06-15,210.3165283203125,243.77000427246094,243.91000366210938,242.36000061035156,242.67999267578125,66464900
2017-06-16,210.36245727539062,242.63999938964844,242.83000183105469,241.6300048828125,242.77000427246094,84553100
2017-06-19,212.11375427246094,244.66000366210938,244.72999572753906,243.47999572753906,243.58999633789062,65123800
2017-06-20,210.68324279785156,243.00999450683594,244.25999450683594,242.99000549316406,244.25,56906400
2017-06-21,210.63116455078125,242.94999694824219,243.58999633789062,242.41000366210938,243.46000671386719,55977600
2017-06-22,210.53582763671875,242.83999633789062,243.52999877929688,242.63999938964844,242.96000671386719,44148100
2017-06-23,210.78727722167969,243.1300048828125,243.50999450683594,242.47000122070312,242.91000366210938,66986800
2017-06-26,210.92597961425781,243.28999328613281,244.3800048828125,243.05000305175781,243.89999389648438,56700500
2017-06-27,209.2266845703125,241.33000183105469,243.3800048828125,241.30999755859375,243.03999328613281,82247700
2017-06-28,211.09938049316406,243.49000549316406,243.72000122070312,242.22999572753906,242.5,70042600
2017-06-29,209.24406433105469,241.35000610351562,243.72000122070312,239.96000671386719,243.66000366210938,106949700
2017-06-30,209.63417053222656,241.80000305175781,242.71000671386719,241.58000183105469,242.27999877929688,86820700
2017-07-03,209.98963928222656,242.21000671386719,243.3800048828125,242.21000671386719,242.8800048828125,39153800
2017-07-05,210.47517395019531,242.77000427246094,243.00999450683594,241.69999694824219,242.6300048828125,54427600
2017-07-06,208.55046081542969,240.55000305175781,242.02999877929688,240.33999633789062,241.88999938964844,65400800
2017-07-07,209.90296936035156,242.11000061035156,242.27999877929688,240.55999755859375,241.21000671386719,57972300
2017-07-10,210.12837219238281,242.3699951171875,242.80000305175781,241.75999450683594,242.11000061035156,36663300
2017-07-11,209.97232055664062,242.19000244140625,242.55000305175781,240.85000610351562,242.3699951171875,50354600
2017-07-12,211.55018615722656,244.00999450683594,244.19999694824219,243.30000305175781,243.30000305175781,59610400
2017-07-13,211.90570068359375,244.41999816894531,244.55000305175781,243.75999450683594,244.02000427246094,39471600
2017-07-14,212.89398193359375,245.55999755859375,245.97000122070312,244.30999755859375,244.41999816894531,60262700
2017-07-17,212.86796569824219,245.52999877929688,245.91000366210938,245.33000183105469,245.47000122070312,33531900
2017-07-18,212.98072814941406,245.66000366210938,245.72000122070312,244.66999816894531,245.05999755859375,42742500
2017-07-19,214.1337890625,246.99000549316406,247,246.00999450683594,246.02000427246094,51034300
2017-07-20,214.2291259765625,247.10000610351562,247.41999816894531,246.47000122070312,247.27999877929688,47135200
2017-07-21,214.03843688964844,246.8800048828125,246.91000366210938,246.17999267578125,246.44000244140625,82340800
2017-07-24,213.98640441894531,246.82000732421875,246.97999572753906,246.27999877929688,246.78999328613281,46622300
2017-07-25,214.506591796875,247.41999816894531,247.80000305175781,247.16000366210938,247.67999267578125,54915600
2017-07-26,214.5152587890625,247.42999267578125,247.78999328613281,247.1300048828125,247.75,47575400
2017-07-27,214.31584167480469,247.19999694824219,248,245.67999267578125,247.96000671386719,70766600
2017-07-28,214.06448364257812,246.91000366210938,247.05999755859375,246.1300048828125,246.64999389648438,50088400
2017-07-31,213.94302368164062,246.77000427246094,247.47999572753906,246.52999877929688,247.3699951171875,65838700
2017-08-01,214.41984558105469,247.32000732421875,247.5,246.72000122070312,247.46000671386719,55050400
2017-08-02,214.52392578125,247.44000244140625,247.60000610351562,246.3699951171875,247.47000122070312,47211200
2017-08-03,214.1077880859375,246.96000671386719,247.33999633789062,246.63999938964844,247.30999755859375,40856000
2017-08-04,214.49786376953125,247.41000366210938,247.78999328613281,246.97000122070312,247.52000427246094,60191800
2017-08-07,214.89671325683594,247.8699951171875,247.8699951171875,247.3699951171875,247.49000549316406,31995000
2017-08-08,214.36785888671875,247.25999450683594,248.91000366210938,246.83000183105469,247.50999450683594,61719400
2017-08-09,214.35914611816406,247.25,247.30999755859375,246.05999755859375,246.47000122070312,62632600
2017-08-10,211.33345031738281,243.75999450683594,246.44000244140625,243.69999694824219,246.28999328613281,120479500
2017-08-11,211.64558410644531,244.1199951171875,244.80000305175781,243.75,244.02000427246094,74869900
2017-08-14,213.74366760253906,246.53999328613281,246.78999328613281,245.55000305175781,245.58999633789062,73291900
2017-08-15,213.71760559082031,246.50999450683594,247,246.16000366210938,246.97999572753906,55242700
2017-08-16,214.09039306640625,246.94000244140625,247.57000732421875,246.44999694824219,247.11000061035156,56715500
2017-08-17,210.7525634765625,243.08999633789062,246.60000610351562,243.08999633789062,246.24000549316406,128490400
2017-08-18,210.42312622070312,242.71000671386719,244.19000244140625,242.19999694824219,242.89999389648438,136748000
2017-08-21,210.58782958984375,242.89999389648438,243.19999694824219,241.83000183105469,242.63999938964844,65469700
2017-08-22,212.78997802734375,245.44000244140625,245.6199951171875,243.55000305175781,243.57000732421875,63140100
2017-08-23,212.02700805664062,244.55999755859375,245.05000305175781,244.16000366210938,244.33000183105469,50203800
2017-08-24,211.53289794921875,243.99000549316406,245.17999267578125,243.75,245,50741700
2017-08-25,212.02700805664062,244.55999755859375,245.61000061035156,244.38999938964844,244.89999389648438,64445900
2017-08-28,212.03573608398438,244.57000732421875,245.19999694824219,244.08999633789062,245.16999816894531,40565600
2017-08-29,212.27842712402344,244.85000610351562,245.14999389648438,242.92999267578125,243.05999755859375,51135700
2017-08-30,213.28421020507812,246.00999450683594,246.32000732421875,244.6199951171875,244.83000183105469,62030800
2017-08-31,214.56724548339844,247.49000549316406,247.77000427246094,246.05000305175781,246.72000122070312,103803900
2017-09-01,214.8707275390625,247.83999633789062,248.33000183105469,247.66999816894531,247.91999816894531,62007000
2017-09-05,213.32754516601562,246.05999755859375,247.52000427246094,244.94999694824219,247.25999450683594,91398800
2017-09-06,214.05575561523438,246.89999389648438,247.27999877929688,246.22999572753906,246.83999633789062,57916900
2017-09-07,214.02972412109375,246.8699951171875,247.27000427246094,246.39999389648438,247.25,58034700
2017-09-08,213.77827453613281,246.58000183105469,247.11000061035156,246.30000305175781,246.53999328613281,63832800
2017-09-11,216.05848693847656,249.21000671386719,249.30000305175781,248.02000427246094,248.03999328613281,71364800
2017-09-12,216.78672790527344,250.05000305175781,250.08999633789062,249.41999816894531,249.6300048828125,56896000
2017-09-13,216.8907470703125,250.16999816894531,250.21000671386719,249.58999633789062,249.72000122070312,59228000
2017-09-14,216.82142639160156,250.08999633789062,250.32000732421875,249.60000610351562,249.80000305175781,95446300
2017-09-15,217.11322021484375,249.19000244140625,249.28999328613281,248.57000732421875,248.69000244140625,95432400
2017-09-18,217.57505798339844,249.72000122070312,250.1199951171875,249.27999877929688,249.61000061035156,46235200
2017-09-19,217.7928466796875,249.97000122070312,250.07000732421875,249.60000610351562,250,47108100
2017-09-20,217.87126159667969,250.05999755859375,250.19000244140625,248.91999816894531,250.07000732421875,59574100
2017-09-21,217.28752136230469,249.38999938964844,249.97999572753906,249.19000244140625,249.8800048828125,48211400
2017-09-22,217.33110046386719,249.44000244140625,249.6300048828125,249.02000427246094,249.05000305175781,51214000
2017-09-25,216.88671875,248.92999267578125,249.55000305175781,248.08000183105469,249.14999389648438,57064400
2017-09-26,217.01742553710938,249.08000183105469,249.69999694824219,248.80999755859375,249.41999816894531,54082000
2017-09-27,217.86259460449219,250.05000305175781,250.49000549316406,248.8699951171875,249.8800048828125,81001400
2017-09-28,218.12399291992188,250.35000610351562,250.44000244140625,249.6300048828125,249.72999572753906,44778800
2017-09-29,218.89070129394531,251.22999572753906,251.32000732421875,250.1300048828125,250.33999633789062,85578000
2017-10-02,219.84036254882812,252.32000732421875,252.32000732421875,251.28999328613281,251.49000549316406,59023000
2017-10-03,220.31085205078125,252.86000061035156,252.88999938964844,252.22999572753906,252.32000732421875,66810200
2017-10-04,220.572265625,253.16000366210938,253.44000244140625,252.55999755859375,252.69000244140625,55953600
2017-10-05,221.87910461425781,254.66000366210938,254.67999267578125,253.19999694824219,253.53999328613281,63522800
2017-10-06,221.62651062011719,254.3699951171875,254.69999694824219,253.85000610351562,254.14999389648438,80646000
2017-10-09,221.26052856445312,253.94999694824219,254.69999694824219,253.64999389648438,254.6300048828125,35803100
2017-10-10,221.84431457519531,254.6199951171875,255.05000305175781,253.97999572753906,254.60000610351562,43057400
2017-10-11,222.19282531738281,255.02000427246094,255.02000427246094,254.32000732421875,254.50999450683594,47674300
2017-10-12,221.86177062988281,254.63999938964844,255.05999755859375,254.3699951171875,254.66000366210938,47065100
2017-10-13,222.1318359375,254.94999694824219,255.27000427246094,254.63999938964844,255.13999938964844,54800400
2017-10-16,222.42802429199219,255.28999328613281,255.50999450683594,254.82000732421875,255.21000671386719,38221700
2017-10-17,222.58488464355469,255.47000122070312,255.52000427246094,254.97999572753906,255.22999572753906,31561000
2017-10-18,222.80274963378906,255.72000122070312,255.94999694824219,255.5,255.89999389648438,40888300
2017-10-19,222.86367797851562,255.78999328613281,255.83000183105469,254.35000610351562,254.83000183105469,61903800
2017-10-20,224.0137939453125,257.1099853515625,257.1400146484375,255.77000427246094,256.70001220703125,89176400
2017-10-23,223.14251708984375,256.1099853515625,257.510009765625,256.01998901367188,257.48001098632812,63915300
2017-10-24,223.53459167480469,256.55999755859375,256.82998657226562,256.14999389648438,256.60000610351562,66935900
2017-10-25,222.42802429199219,255.28999328613281,256.30999755859375,254,256.17999267578125,103715300
2017-10-26,222.71554565429688,255.6199951171875,256.29998779296875,255.47999572753906,255.99000549316406,69798000
2017-10-27,224.53654479980469,257.70999145507812,257.8900146484375,255.6300048828125,256.47000122070312,85562500
2017-10-30,223.70011901855469,256.75,257.60000610351562,256.41000366210938,256.47000122070312,54285700
2017-10-31,224.04859924316406,257.14999389648438,257.44000244140625,256.80999755859375,257.17999267578125,60304800
2017-11-01,224.34486389160156,257.489990234375,258.42999267578125,257.07000732421875,258.04000854492188,54202700
2017-11-02,224.43202209472656,257.58999633789062,257.75,256.19000244140625,257.41000366210938,56449500
2017-11-03,225.18130493164062,258.45001220703125,258.5,257.29998779296875,257.76998901367188,59589700
2017-11-06,225.52976989746094,258.85000610351562,259,258.22000122070312,258.29998779296875,49652600
2017-11-07,225.37295532226562,258.67001342773438,259.35000610351562,258.08999633789062,258.97000122070312,57502200
2017-11-08,225.75634765625,259.1099853515625,259.22000122070312,258.14999389648438,258.47000122070312,50469600
2017-11-09,224.93736267089844,258.17001342773438,258.3900146484375,256.3599853515625,257.73001098632812,95085500
2017-11-10,224.86763000488281,258.08999633789062,258.29000854492188,257.3699951171875,257.73001098632812,59984700
2017-11-13,225.07675170898438,258.32998657226562,258.58999633789062,257.26998901367188,257.30999755859375,50228600
2017-11-14,224.55398559570312,257.73001098632812,257.85000610351562,256.51998901367188,257.41000366210938,61315200
2017-11-15,223.4300537109375,256.44000244140625,257.22000122070312,255.6300048828125,256.6199951171875,80811500
2017-11-16,225.32940673828125,258.6199951171875,259.04000854492188,257.47000122070312,257.51998901367188,67777000
2017-11-17,224.66722106933594,257.8599853515625,258.58999633789062,257.76998901367188,258.22000122070312,75756800
2017-11-20,225.05056762695312,258.29998779296875,258.51998901367188,257.8599853515625,258.1400146484375,48075500
2017-11-21,226.52308654785156,259.989990234375,260.20001220703125,258.260009765625,259.17999267578125,69176800
2017-11-22,226.32264709472656,259.760009765625,260.14999389648438,259.57000732421875,260,45033400
2017-11-24,226.84541320800781,260.3599853515625,260.48001098632812,260.16000366210938,260.32000732421875,27856500
2017-11-27,226.73213195800781,260.23001098632812,260.75,260,260.41000366210938,52274900
2017-11-28,229.03231811523438,262.8699951171875,262.89999389648438,260.64999389648438,260.760009765625,98971700
2017-11-29,228.89289855957031,262.70999145507812,263.6300048828125,262.20001220703125,263.01998901367188,77512100
2017-11-30,230.89688110351562,265.010009765625,266.04998779296875,263.67001342773438,263.760009765625,127894400
2017-12-01,230.41766357421875,264.45999145507812,265.30999755859375,260.760009765625,264.760009765625,164390900
2017-12-04,230.13887023925781,264.1400146484375,266.79998779296875,264.07998657226562,266.30999755859375,94040600
2017-12-05,229.31114196777344,263.19000244140625,265.14999389648438,263.04000854492188,263.19000244140625,77994500
2017-12-06,229.35467529296875,263.239990234375,263.73001098632812,262.70999145507812,263.29998779296875,75898600
2017-12-07,230.07791137695312,264.07000732421875,264.42999267578125,262.94000244140625,264.07000732421875,77218600
2017-12-08,231.33259582519531,265.510009765625,265.51998901367188,264.02999877929688,265.16000366210938,76563900
2017-12-11,232.02949523925781,266.30999755859375,266.3800048828125,265.48001098632812,266.30999755859375,83077500
2017-12-12,232.43899536132812,266.77999877929688,267.32000732421875,266.35000610351562,267.20999145507812,85195800
2017-12-13,232.41291809082031,266.75,267.55999755859375,266.64999389648438,267.05999755859375,102905400
2017-12-14,231.46324157714844,265.66000366210938,267.22000122070312,265.60000610351562,267.08999633789062,100666700
2017-12-15,233.39067077636719,266.510009765625,267.04000854492188,265.3900146484375,265.45001220703125,144610300
2017-12-18,234.87071228027344,268.20001220703125,268.60000610351562,267.98001098632812,268.10000610351562,83653600
2017-12-19,233.96870422363281,267.17001342773438,268.52999877929688,267.08999633789062,268.48001098632812,82382900
2017-12-20,233.84605407714844,267.02999877929688,268.32998657226562,266.69000244140625,268.26998901367188,76751500
2017-12-21,234.32769775390625,267.57998657226562,268.3900146484375,267.29998779296875,267.739990234375,67032300
2017-12-22,234.26646423339844,267.510009765625,267.6400146484375,266.89999389648438,267.60000610351562,78720900
2017-12-26,233.9862060546875,267.19000244140625,267.44000244140625,266.8900146484375,267.04998779296875,45244400
2017-12-27,234.10005187988281,267.32000732421875,267.73001098632812,267.010009765625,267.3800048828125,57751000
2017-12-28,234.5816650390625,267.8699951171875,267.92001342773438,267.45001220703125,267.8900146484375,45116100
2017-12-29,233.69717407226562,266.8599853515625,268.54998779296875,266.6400146484375,268.52999877929688,96007400
2018-01-02,235.36985778808594,268.76998901367188,268.80999755859375,267.39999389648438,267.83999633789062,86655700
2018-01-03,236.85850524902344,270.47000122070312,270.6400146484375,268.95999145507812,268.95999145507812,90070400
2018-01-04,237.85688781738281,271.6099853515625,272.16000366210938,270.54000854492188,271.20001220703125,80636400
2018-01-05,239.44200134277344,273.42001342773438,273.55999755859375,271.95001220703125,272.510009765625,83524000
2018-01-08,239.87980651855469,273.92001342773438,274.10000610351562,272.98001098632812,273.30999755859375,57319200
2018-01-09,240.42280578613281,274.54000854492188,275.25,274.07998657226562,274.39999389648438,57254000
2018-01-10,240.05497741699219,274.1199951171875,274.42001342773438,272.92001342773438,273.67999267578125,69574300
2018-01-11,241.80645751953125,276.1199951171875,276.1199951171875,274.55999755859375,274.75,62361500
2018-01-12,243.38273620605469,277.92001342773438,278.1099853515625,276.07998657226562,276.42001342773438,90816100
2018-01-16,242.55078125,276.97000122070312,280.08999633789062,276.17999267578125,279.35000610351562,106555100
2018-01-17,244.86271667480469,279.6099853515625,280.04998779296875,276.97000122070312,278.02999877929688,113258800
2018-01-18,244.45112609863281,279.1400146484375,279.95999145507812,278.57998657226562,279.48001098632812,100728000
2018-01-19,245.56332397460938,280.41000366210938,280.41000366210938,279.1400146484375,279.79998779296875,140920100
2018-01-22,247.55995178222656,282.69000244140625,282.69000244140625,280.1099853515625,280.17001342773438,91322400
2018-01-23,248.08544921875,283.29000854492188,283.6199951171875,282.3699951171875,282.739990234375,97084700
2018-01-24,247.98912048339844,283.17999267578125,284.70001220703125,281.83999633789062,284.01998901367188,134816100
2018-01-25,248.09417724609375,283.29998779296875,284.26998901367188,282.39999389648438,284.16000366210938,84587300
2018-01-26,250.96656799316406,286.57998657226562,286.6300048828125,283.95999145507812,284.25,107743100
2018-01-29,249.30267333984375,284.67999267578125,286.42999267578125,284.5,285.92999267578125,90118300
2018-01-30,246.74560546875,281.760009765625,284.739990234375,281.22000122070312,282.60000610351562,131796400
2018-01-31,246.8680419921875,281.89999389648438,283.29998779296875,280.67999267578125,282.73001098632812,108364800
2018-02-01,246.58784484863281,281.57998657226562,283.05999755859375,280.67999267578125,281.07000732421875,90102500
2018-02-02,241.21965026855469,275.45001220703125,280.23001098632812,275.41000366210938,280.07998657226562,173174800
2018-02-05,231.13128662109375,263.92999267578125,275.85000610351562,263.30999755859375,273.45001220703125,294681800
2018-02-06,235.68507385253906,269.1300048828125,269.70001220703125,258.70001220703125,259.94000244140625,355026800
2018-02-07,234.40652465820312,267.67001342773438,272.3599853515625,267.57998657226562,268.5,167376100
2018-02-08,225.61422729492188,257.6300048828125,268.17001342773438,257.58999633789062,268.010009765625,246449500
2018-02-09,229.00332641601562,261.5,263.6099853515625,252.91999816894531,260.79998779296875,283565300
2018-02-12,232.36604309082031,265.33999633789062,267.010009765625,261.66000366210938,263.82998657226562,143736000
2018-02-13,232.94406127929688,266,266.6199951171875,263.30999755859375,263.97000122070312,81223600
2018-02-14,236.08790588378906,269.58999633789062,270,264.29998779296875,264.30999755859375,120735700
2018-02-15,239.10047912597656,273.02999877929688,273.04000854492188,268.76998901367188,271.57000732421875,111200300
2018-02-16,239.17051696777344,273.1099853515625,275.32000732421875,272.26998901367188,272.32000732421875,160420100
2018-02-20,237.67301940917969,271.39999389648438,273.67001342773438,270.5,272.02999877929688,86369700
2018-02-21,236.49075317382812,270.04998779296875,274.72000122070312,269.94000244140625,271.89999389648438,98883700
2018-02-22,236.79733276367188,270.39999389648438,273.04998779296875,269.6400146484375,271.10000610351562,110511300
2018-02-23,240.57174682617188,274.70999145507812,274.70999145507812,271.25,271.79000854492188,92766400
2018-02-26,243.36518859863281,277.89999389648438,278.010009765625,275.260009765625,275.92999267578125,86491400
2018-02-27,240.32638549804688,274.42999267578125,278.92001342773438,274.3599853515625,278.1099853515625,99099200
2018-02-28,237.89183044433594,271.64999389648438,276.19000244140625,271.29000854492188,275.67999267578125,121907800
2018-03-01,234.432861328125,267.70001220703125,273.17001342773438,266,271.41000366210938,176855100
2018-03-02,235.64128112792969,269.07998657226562,269.72000122070312,264.82000732421875,265.79998779296875,139083200
2018-03-05,238.3648681640625,272.19000244140625,272.8900146484375,267.6099853515625,267.73001098632812,97307400
2018-03-06,238.968994140625,272.8800048828125,273.3900146484375,271.17999267578125,273.29998779296875,79213200
2018-03-07,238.88153076171875,272.77999877929688,273.17999267578125,270.20001220703125,270.42001342773438,87063500
2018-03-08,240.0374755859375,274.10000610351562,274.239990234375,272.42001342773438,273.54998779296875,66901200
2018-03-09,244.21467590332031,278.8699951171875,278.8699951171875,275.33999633789062,275.70001220703125,113625300
2018-03-12,243.90812683105469,278.51998901367188,279.91000366210938,278.07998657226562,279.20001220703125,71924800
2018-03-13,242.33184814453125,276.72000122070312,280.41000366210938,276.02999877929688,279.83999633789062,91968900
2018-03-14,241.08828735351562,275.29998779296875,278.01998901367188,274.67001342773438,277.80999755859375,105895100
2018-03-15,240.82562255859375,275,276.6099853515625,274.42999267578125,275.8800048828125,83433000
2018-03-16,241.08680725097656,274.20001220703125,275.3900146484375,274.1400146484375,274.5,100343700
2018-03-19,237.82475280761719,270.489990234375,274.39999389648438,268.6199951171875,273.35000610351562,109208400
2018-03-20,238.22930908203125,270.95001220703125,271.67001342773438,270.17999267578125,270.94000244140625,59757300
2018-03-21,237.77206420898438,270.42999267578125,273.26998901367188,270.19000244140625,270.89999389648438,78709600
2018-03-22,231.82844543457031,263.67001342773438,268.8699951171875,263.3599853515625,267.91000366210938,148785900
2018-03-23,226.88703918457031,258.04998779296875,264.54000854492188,257.82998657226562,264.17001342773438,183534800
2018-03-26,233.094482421875,265.1099853515625,265.42999267578125,259.41000366210938,262.1300048828125,141956100
2018-03-27,229.12916564941406,260.60000610351562,266.76998901367188,258.83999633789062,266.17001342773438,129941400
2018-03-28,228.45213317871094,259.82998657226562,262.6400146484375,258.57998657226562,260.75,146452300
2018-03-29,231.37115478515625,263.14999389648438,265.260009765625,259.83999633789062,261.1199951171875,111601600
2018-04-02,226.37718200683594,257.47000122070312,263.1300048828125,254.66999816894531,262.54998779296875,186286300
2018-04-03,229.27864074707031,260.76998901367188,261.30999755859375,256.83999633789062,258.8699951171875,119956900
2018-04-04,231.73167419433594,263.55999755859375,264.3599853515625,256.60000610351562,256.75,123715300
2018-04-05,233.56050109863281,265.6400146484375,266.6400146484375,264.32000732421875,265.54998779296875,82652600
2018-04-06,228.35537719726562,259.72000122070312,265.1099853515625,258,263.42001342773438,179521200
2018-04-09,229.48085021972656,261,264.83999633789062,259.94000244140625,261.3699951171875,105442900
2018-04-10,233.12966918945312,265.14999389648438,266.04000854492188,262.98001098632812,264.26998901367188,103529000
2018-04-11,231.90757751464844,263.760009765625,265.6400146484375,263.3900146484375,263.47000122070312,91140200
2018-04-12,233.81544494628906,265.92999267578125,267,265.05999755859375,265.260009765625,68890500
2018-04-13,233.12966918945312,265.14999389648438,267.54000854492188,264.010009765625,267.41000366210938,85079200
2018-04-16,235.04638671875,267.32998657226562,268.20001220703125,266.07000732421875,267,63405300
2018-04-17,237.56100463867188,270.19000244140625,270.8699951171875,268.75,269.32998657226562,64682000
2018-04-18,237.73687744140625,270.3900146484375,271.29998779296875,269.8699951171875,270.69000244140625,57303900
2018-04-19,236.41804504394531,268.8900146484375,269.8800048828125,267.72000122070312,269.64999389648438,77655900
2018-04-20,234.41334533691406,266.6099853515625,269.05999755859375,265.6099853515625,268.80999755859375,99953100
2018-04-23,234.378173828125,266.57000732421875,267.8900146484375,265.35000610351562,267.260009765625,65558000
2018-04-24,231.22175598144531,262.98001098632812,267.98001098632812,261.27999877929688,267.73001098632812,112885500
2018-04-25,231.79322814941406,263.6300048828125,264.1300048828125,260.85000610351562,262.91000366210938,103840900
2018-04-26,234.14956665039062,266.30999755859375,267.25,264.29000854492188,264.79000854492188,67731900
2018-04-27,234.36935424804688,266.55999755859375,267.33999633789062,265.5,267,57053600
2018-04-30,232.56697082519531,264.510009765625,267.8900146484375,264.42999267578125,267.260009765625,82182300
2018-05-01,232.98020935058594,264.98001098632812,265.10000610351562,262.1099853515625,263.8699951171875,74203400
2018-05-02,231.4151611328125,263.20001220703125,265.67999267578125,262.760009765625,264.760009765625,86368900
2018-05-03,230.90518188476562,262.6199951171875,263.3599853515625,259.04998779296875,262.260009765625,136311500
2018-05-04,233.89459228515625,266.01998901367188,266.79000854492188,261.14999389648438,261.51998901367188,91222100
2018-05-07,234.68598937988281,266.92001342773438,268.01998901367188,266.1099853515625,266.8900146484375,55304900
2018-05-08,234.68598937988281,266.92001342773438,267.32998657226562,265.14999389648438,266.5,67499200
2018-05-09,236.95429992675781,269.5,269.8699951171875,267.08999633789062,267.67999267578125,59666100
2018-05-10,239.17001342773438,272.01998901367188,272.3900146484375,270.22000122070312,270.33999633789062,72063900
2018-05-11,239.89979553222656,272.85000610351562,273.14999389648438,271.57998657226562,272.16000366210938,59871500
2018-05-14,240.01409912109375,272.98001098632812,274.07998657226562,272.3599853515625,273.33999633789062,54790600
2018-05-15,238.3612060546875,271.10000610351562,271.6099853515625,270.02999877929688,271.58999633789062,87036100
2018-05-16,239.36344909667969,272.239990234375,272.760009765625,271.1099853515625,271.1400146484375,53942600
2018-05-17,239.16120910644531,272.010009765625,273.23001098632812,271.1300048828125,271.94000244140625,56536400
2018-05-18,238.56330871582031,271.32998657226562,272.02999877929688,270.92999267578125,271.6199951171875,64368000
2018-05-21,240.35697937011719,273.3699951171875,273.98001098632812,272.57000732421875,273.010009765625,58025900
2018-05-22,239.68873596191406,272.6099853515625,274.25,272.239990234375,273.95999145507812,52966400
2018-05-23,240.34815979003906,273.3599853515625,273.3900146484375,270.989990234375,271.17001342773438,64694200
2018-05-24,239.85580444335938,272.79998779296875,273.22000122070312,270.77999877929688,272.91000366210938,76043800
2018-05-25,239.28433227539062,272.14999389648438,272.8599853515625,271.57998657226562,272.14999389648438,56374800
2018-05-29,236.53231811523438,269.01998901367188,271.17001342773438,267.760009765625,270.30999755859375,115908600
2018-05-30,239.68873596191406,272.6099853515625,273.1099853515625,270.42001342773438,270.5,69678400
2018-05-31,238.22048950195312,270.94000244140625,272.489990234375,270.260009765625,272.14999389648438,93519900
2018-06-01,240.55918884277344,273.60000610351562,273.94000244140625,272.32998657226562,272.41000366210938,71258400
2018-06-04,241.70228576660156,274.89999389648438,275.19000244140625,274.260009765625,274.52999877929688,45385200
2018-06-05,241.87806701660156,275.10000610351562,275.52999877929688,274.17999267578125,275.04998779296875,51135000
2018-06-06,243.90036010742188,277.39999389648438,277.51998901367188,275.08999633789062,275.79000854492188,62732200
2018-06-07,243.87394714355469,277.3699951171875,278.27999877929688,276.33999633789062,277.95001220703125,72969400
2018-06-08,244.59486389160156,278.19000244140625,278.25,276.66000366210938,276.85000610351562,72139700
2018-06-11,244.92021179199219,278.55999755859375,279.3699951171875,278.30999755859375,278.44000244140625,58892500
2018-06-12,245.23672485351562,278.92001342773438,279.32998657226562,278.19000244140625,279.02999877929688,72329000
2018-06-13,244.45420837402344,278.02999877929688,279.48001098632812,277.79998779296875,279.19000244140625,79070600
2018-06-14,245.06965637207031,278.73001098632812,279.32998657226562,278.05999755859375,279.010009765625,77097600
2018-06-15,244.75704956054688,277.1300048828125,277.510009765625,275.35000610351562,276.60000610351562,120041600
2018-06-18,244.25361633300781,276.55999755859375,276.70001220703125,274.95001220703125,275.489990234375,52917600
2018-06-19,243.31742858886719,275.5,275.75,273.52999877929688,274,97531500
2018-06-20,243.73249816894531,275.97000122070312,276.72000122070312,275.58999633789062,276.26998901367188,53785500
2018-06-21,242.20465087890625,274.239990234375,275.98001098632812,273.67999267578125,275.95999145507812,71061400
2018-06-22,242.64627075195312,274.739990234375,275.79000854492188,274.489990234375,275.66000366210938,54898500
2018-06-25,239.34315490722656,271,273.6199951171875,269.10000610351562,273.44000244140625,137854200
2018-06-26,239.87309265136719,271.60000610351562,272.55999755859375,270.79000854492188,271.6400146484375,68547400
2018-06-27,237.88591003417969,269.35000610351562,273.8699951171875,269.17999267578125,272.260009765625,105110700
2018-06-28,239.24600219726562,270.8900146484375,271.75,268.489990234375,269.29000854492188,76650500
2018-06-29,239.59042358398438,271.27999877929688,273.66000366210938,271.14999389648438,272.1199951171875,97592500
2018-07-02,240.10264587402344,271.8599853515625,272.04000854492188,269.239990234375,269.510009765625,63554800
2018-07-03,239.25480651855469,270.89999389648438,272.98001098632812,270.42001342773438,272.8699951171875,42187100
2018-07-05,241.20668029785156,273.1099853515625,273.17999267578125,270.95999145507812,272.17001342773438,56925900
2018-07-06,243.24681091308594,275.42001342773438,275.83999633789062,272.70999145507812,273.1400146484375,66493700
2018-07-09,245.43705749511719,277.89999389648438,277.95999145507812,276.5,276.54998779296875,50550400
2018-07-10,246.32032775878906,278.89999389648438,279.010009765625,278.07998657226562,278.41000366210938,51966800
2018-07-11,244.51861572265625,276.8599853515625,278.04000854492188,276.51998901367188,277.14999389648438,77054700
2018-07-12,246.73541259765625,279.3699951171875,279.42999267578125,277.60000610351562,278.27999877929688,60124700
2018-07-13,246.92962646484375,279.58999633789062,279.92999267578125,278.66000366210938,279.17001342773438,48216000
2018-07-16,246.70883178710938,279.33999633789062,279.79998779296875,278.83999633789062,279.6400146484375,48201000
2018-07-17,247.70686340332031,280.47000122070312,280.91000366210938,278.41000366210938,278.47000122070312,52315500
2018-07-18,248.22805786132812,281.05999755859375,281.17999267578125,280.05999755859375,280.55999755859375,44593500
2018-07-19,247.29180908203125,280,280.739990234375,279.45999145507812,280.30999755859375,61412100
2018-07-20,247.00921630859375,279.67999267578125,280.48001098632812,279.5,279.76998901367188,82337700
2018-07-23,247.46844482421875,280.20001220703125,280.42999267578125,279.05999755859375,279.45001220703125,47047600
2018-07-24,248.71368408203125,281.6099853515625,282.55999755859375,280.6300048828125,281.79000854492188,68026900
2018-07-25,250.83338928222656,284.010009765625,284.3699951171875,281.27999877929688,281.32998657226562,78882900
2018-07-26,250.24166870117188,283.33999633789062,284.1099853515625,283.08999633789062,283.20001220703125,57919500
2018-07-27,248.54591369628906,281.42001342773438,283.82000732421875,280.3800048828125,283.70999145507812,76768700
2018-07-30,247.24769592285156,279.95001220703125,281.69000244140625,279.3599853515625,281.510009765625,63742500
2018-07-31,248.46632385253906,281.32998657226562,282.01998901367188,280.3800048828125,280.80999755859375,68570500
2018-08-01,248.05131530761719,280.8599853515625,282.1300048828125,280.1300048828125,281.55999755859375,53853300
2018-08-02,249.40263366699219,282.3900146484375,282.57998657226562,279.16000366210938,279.3900146484375,63426400
2018-08-03,250.47125244140625,283.60000610351562,283.66000366210938,282.32998657226562,282.52999877929688,53935400
2018-08-06,251.3897705078125,284.6400146484375,284.989990234375,283.20001220703125,283.6400146484375,39400900
2018-08-07,252.21994018554688,285.57998657226562,286.010009765625,285.239990234375,285.3900146484375,43196600
2018-08-08,252.11399841308594,285.45999145507812,285.91000366210938,284.94000244140625,285.3900146484375,42114600
2018-08-09,251.76954650878906,285.07000732421875,285.97000122070312,284.92001342773438,285.52999877929688,35717000
2018-08-10,250.08268737792969,283.16000366210938,284.05999755859375,282.3599853515625,283.45001220703125,77076000
2018-08-13,249.14649963378906,282.10000610351562,284.16000366210938,281.76998901367188,283.47000122070312,65732900
2018-08-14,250.73625183105469,283.89999389648438,284.17001342773438,282.48001098632812,282.92001342773438,43842000
2018-08-15,248.86383056640625,281.77999877929688,282.54000854492188,280.16000366210938,282.3800048828125,102925400
2018-08-16,250.87757873535156,284.05999755859375,285.04000854492188,283.3599853515625,283.39999389648438,69967900
2018-08-17,251.76060485839844,285.05999755859375,285.55999755859375,283.3699951171875,283.82998657226562,65618500
2018-08-20,252.29940795898438,285.67001342773438,285.97000122070312,285.05999755859375,285.57000732421875,39807500
2018-08-21,252.89120483398438,286.33999633789062,287.30999755859375,285.70999145507812,286.25,67272000
2018-08-22,252.74105834960938,286.17001342773438,286.760009765625,285.57998657226562,285.8800048828125,44993300
2018-08-23,252.40550231933594,285.79000854492188,286.94000244140625,285.42999267578125,285.97000122070312,49204900
2018-08-24,253.92451477050781,287.510009765625,287.67001342773438,286.3800048828125,286.44000244140625,57487400
2018-08-27,255.9293212890625,289.77999877929688,289.89999389648438,288.67999267578125,288.8599853515625,57072400
2018-08-28,256.05291748046875,289.92001342773438,290.42001342773438,289.39999389648438,290.29998779296875,46943500
2018-08-29,257.43084716796875,291.48001098632812,291.739990234375,289.8900146484375,290.16000366210938,61485500
2018-08-30,256.38864135742188,290.29998779296875,291.3599853515625,289.6300048828125,290.94000244140625,61229500
2018-08-31,256.39743041992188,290.30999755859375,290.80999755859375,289.29000854492188,289.83999633789062,66140800
2018-09-04,255.95590209960938,289.80999755859375,290.20999145507812,288.67999267578125,289.83999633789062,57594400
2018-09-05,255.26693725585938,289.02999877929688,289.6400146484375,287.8900146484375,289.41000366210938,72452400
2018-09-06,254.49861145019531,288.16000366210938,289.489990234375,287,289.14999389648438,65909900
2018-09-07,254.00399780273438,287.60000610351562,288.70001220703125,286.70999145507812,286.98001098632812,73524800
2018-09-10,254.44560241699219,288.10000610351562,289.04000854492188,287.8800048828125,288.739990234375,50210900
2018-09-11,255.28456115722656,289.04998779296875,289.54998779296875,286.98001098632812,287.3699951171875,50530500
2018-09-12,255.34645080566406,289.1199951171875,289.79998779296875,288.23001098632812,289.05999755859375,59810800
2018-09-13,256.856689453125,290.82998657226562,291.04000854492188,290,290.32000732421875,51034200
2018-09-14,256.90093994140625,290.8800048828125,291.26998901367188,290,291.05999755859375,55079900
2018-09-17,255.54072570800781,289.33999633789062,290.8599853515625,289.02999877929688,290.82000732421875,68244000
2018-09-18,256.92730712890625,290.91000366210938,291.57998657226562,289.54998779296875,289.57998657226562,61930400
2018-09-19,257.201171875,291.22000122070312,291.69000244140625,290.82998657226562,290.97000122070312,49080600
2018-09-20,259.28536987304688,293.57998657226562,293.94000244140625,291.239990234375,292.6400146484375,100360600
2018-09-21,259.04852294921875,291.989990234375,293.22000122070312,291.80999755859375,293.08999633789062,105479700
2018-09-24,258.18792724609375,291.01998901367188,291.5,290.3699951171875,291.33999633789062,53409600
2018-09-25,257.94845581054688,290.75,291.64999389648438,290.48001098632812,291.52999877929688,44370000
2018-09-26,257.17657470703125,289.8800048828125,292.239990234375,289.41000366210938,290.91000366210938,79739700
2018-09-27,257.895263671875,290.69000244140625,291.91000366210938,290.10000610351562,290.41000366210938,59249500
2018-09-28,257.92193603515625,290.72000122070312,291.27999877929688,289.95001220703125,289.989990234375,70091400
2018-10-01,258.81781005859375,291.73001098632812,292.92999267578125,290.98001098632812,292.1099853515625,62078900
2018-10-02,258.66705322265625,291.55999755859375,292.3599853515625,291.1400146484375,291.55999755859375,47258200
2018-10-03,258.8089599609375,291.72000122070312,293.20999145507812,291.32000732421875,292.739990234375,64694600
2018-10-04,256.7862548828125,289.44000244140625,291.239990234375,287.66000366210938,291.17999267578125,111545900
2018-10-05,255.34906005859375,287.82000732421875,290.26998901367188,286.22000122070312,289.69000244140625,105951700
2018-10-08,255.34906005859375,287.82000732421875,288.22000122070312,285.5,287.04998779296875,87742200
2018-10-09,254.97642517089844,287.39999389648438,288.8599853515625,286.76998901367188,287.3900146484375,74339000
2018-10-10,246.90299987792969,278.29998779296875,286.91000366210938,277.8800048828125,286.82998657226562,214731000
2018-10-11,241.46463012695312,272.17001342773438,278.89999389648438,270.3599853515625,277.07998657226562,274840500
2018-10-12,244.81819152832031,275.95001220703125,277.08999633789062,272.3699951171875,276.76998901367188,183186500
2018-10-15,243.4429931640625,274.39999389648438,277.04000854492188,274.29998779296875,275.54998779296875,102263700
2018-10-16,248.76606750488281,280.39999389648438,280.82000732421875,276.07000732421875,276.60000610351562,118255800
2018-10-17,248.81045532226562,280.45001220703125,281.14999389648438,277.55999755859375,280.44000244140625,110626000
2018-10-18,245.21742248535156,276.39999389648438,280.07000732421875,274.97000122070312,279.39999389648438,134557500
2018-10-19,245.08428955078125,276.25,279.29998779296875,275.47000122070312,277.1300048828125,139901600
2018-10-22,243.98420715332031,275.010009765625,277.3599853515625,274.41000366210938,277,82415800
2018-10-23,242.74209594726562,273.6099853515625,274.8699951171875,268.6099853515625,270.95001220703125,146352700
2018-10-24,235.38743591308594,265.32000732421875,273.760009765625,264.70001220703125,273.32998657226562,177806700
2018-10-25,239.61036682128906,270.07998657226562,271.80999755859375,266.23001098632812,267.3800048828125,138061500
2018-10-26,235.396240234375,265.32998657226562,271,262.29000854492188,265.92001342773438,201574600
2018-10-29,234.09211730957031,263.8599853515625,270.25,259.85000610351562,268.79998779296875,160749100
2018-10-30,237.56089782714844,267.76998901367188,268.1199951171875,263.1199951171875,263.67001342773438,157116000
2018-10-31,240.09832763671875,270.6300048828125,273.23001098632812,270.1199951171875,270.64999389648438,128296300
2018-11-01,242.65339660644531,273.510009765625,273.73001098632812,270.3800048828125,271.60000610351562,99495000
2018-11-02,241.21620178222656,271.8900146484375,275.23001098632812,269.58999633789062,274.75,122634100
2018-11-05,242.54701232910156,273.3900146484375,274.010009765625,271.35000610351562,272.44000244140625,65622500
2018-11-06,244.081787109375,275.1199951171875,275.29998779296875,273.25,273.32000732421875,60085900
2018-11-07,249.30728149414062,281.010009765625,281.10000610351562,277.07998657226562,277.55999755859375,102752100
2018-11-08,248.85490417480469,280.5,281.22000122070312,279.22000122070312,280.1099853515625,65584900
2018-11-09,246.42393493652344,277.760009765625,279.239990234375,276.17999267578125,279.02999877929688,98812600
2018-11-12,241.8194580078125,272.57000732421875,277.45999145507812,271.989990234375,277.19000244140625,99673600
2018-11-13,241.36698913574219,272.05999755859375,275.32998657226562,271.25,273.08999633789062,98176600
2018-11-14,239.71681213378906,270.20001220703125,274.6099853515625,268.45001220703125,274.16000366210938,125335900
2018-11-15,242.2186279296875,273.01998901367188,273.54000854492188,267.010009765625,268.77999877929688,135101400
2018-11-16,242.84860229492188,273.73001098632812,274.75,271.20999145507812,271.79000854492188,126668000
2018-11-19,238.74093627929688,269.10000610351562,273.3800048828125,268.07000732421875,273.04998779296875,103061700
2018-11-20,234.32275390625,264.1199951171875,267,263.14999389648438,265.3599853515625,136021300
2018-11-21,235.12120056152344,265.01998901367188,267.14999389648438,265.010009765625,265.8599853515625,75563700
2018-11-23,233.55094909667969,263.25,264.82000732421875,263.07000732421875,263.17999267578125,42807900
2018-11-26,237.32150268554688,267.5,267.75,265.33999633789062,265.77999877929688,79981400
2018-11-27,238.11991882324219,268.39999389648438,268.39999389648438,265.66000366210938,266.33999633789062,75502400
2018-11-28,243.60275268554688,274.57998657226562,274.57998657226562,268.32998657226562,269.60000610351562,127629600
2018-11-29,243.07037353515625,273.98001098632812,275.54998779296875,272.42999267578125,273.70999145507812,82346400
2018-11-30,244.55201721191406,275.64999389648438,276.27999877929688,273.45001220703125,273.80999755859375,98204200
2018-12-03,247.79013061523438,279.29998779296875,280.39999389648438,277.510009765625,280.27999877929688,103176300
2018-12-04,239.76116943359375,270.25,278.85000610351562,269.89999389648438,278.3699951171875,177986000
2018-12-06,239.39747619628906,269.83999633789062,269.97000122070312,262.44000244140625,265.92001342773438,204185400
2018-12-07,233.83486938476562,263.57000732421875,271.22000122070312,262.6300048828125,269.45999145507812,161018900
2018-12-10,234.27845764160156,264.07000732421875,265.16000366210938,258.6199951171875,263.3699951171875,151445900
2018-12-11,234.3316650390625,264.1300048828125,267.8699951171875,262.48001098632812,267.66000366210938,121504400
2018-12-12,235.5115966796875,265.45999145507812,269,265.3699951171875,267.47000122070312,97976700
2018-12-13,235.43173217773438,265.3699951171875,267.489990234375,264.1199951171875,266.51998901367188,96662700
2018-12-14,231.08451843261719,260.47000122070312,264.02999877929688,259.85000610351562,262.95999145507812,116961100
2018-12-17,226.55107116699219,255.36000061035156,260.64999389648438,253.52999877929688,259.39999389648438,165492300
2018-12-18,226.30264282226562,255.08000183105469,257.95001220703125,253.27999877929688,257.20001220703125,134515100
2018-12-19,222.91360473632812,251.25999450683594,259.39999389648438,249.35000610351562,255.16999816894531,214992800
2018-12-20,219.28504943847656,247.16999816894531,251.6199951171875,244.64999389648438,249.86000061035156,252053400
2018-12-21,214.79197692871094,240.69999694824219,249.71000671386719,239.97999572753906,246.74000549316406,255345600
2018-12-24,209.11648559570312,234.33999633789062,240.83999633789062,234.27000427246094,239.03999328613281,147311600
2018-12-26,219.68211364746094,246.17999267578125,246.17999267578125,233.75999450683594,235.97000122070312,218485400
2018-12-27,221.36868286132812,248.07000732421875,248.28999328613281,238.96000671386719,242.57000732421875,186267300
2018-12-28,221.08314514160156,247.75,251.39999389648438,246.44999694824219,249.58000183105469,153100200
2018-12-31,223.01956176757812,249.91999816894531,250.19000244140625,247.47000122070312,249.55999755859375,144299400
2019-01-02,223.25157165527344,250.17999267578125,251.21000671386719,245.94999694824219,245.97999572753906,126925200
2019-01-03,217.92417907714844,244.21000671386719,248.57000732421875,243.66999816894531,248.22999572753906,144140700
2019-01-04,225.22367858886719,252.38999938964844,253.11000061035156,247.16999816894531,247.58999633789062,142628800
2019-01-07,226.99952697753906,254.3800048828125,255.94999694824219,251.69000244140625,252.69000244140625,103139100
2019-01-08,229.13224792480469,256.76998901367188,257.30999755859375,254,256.82000732421875,102512600
2019-01-09,230.20306396484375,257.97000122070312,258.91000366210938,256.19000244140625,257.55999755859375,95006600
2019-01-10,231.01515197753906,258.8800048828125,259.16000366210938,255.5,256.260009765625,96823900
2019-01-11,231.1043701171875,258.98001098632812,259.010009765625,257.02999877929688,257.67999267578125,73858100
2019-01-14,229.69444274902344,257.39999389648438,258.29998779296875,256.41000366210938,256.8599853515625,70908200
2019-01-15,232.32695007324219,260.35000610351562,260.70001220703125,257.80999755859375,257.82000732421875,85208300
2019-01-16,232.88914489746094,260.98001098632812,261.97000122070312,260.60000610351562,260.82998657226562,77636700
2019-01-17,234.656005859375,262.95999145507812,263.92001342773438,259.95999145507812,260.010009765625,96118400
2019-01-18,237.77926635742188,266.45999145507812,266.98001098632812,263,264.98001098632812,127900300
2019-01-22,234.56675720214844,262.8599853515625,265.05999755859375,261.05999755859375,264.82000732421875,115531200
2019-01-23,235.05755615234375,263.41000366210938,264.79000854492188,260.66000366210938,264.010009765625,86030300
2019-01-24,235.18252563476562,263.54998779296875,264.20001220703125,262.07998657226562,263.20999145507812,59204100
2019-01-25,237.1724853515625,265.77999877929688,266.70001220703125,263.66000366210938,265.6099853515625,96883400
2019-01-28,235.36993408203125,263.760009765625,263.82998657226562,261.79000854492188,263.3900146484375,85613700
2019-01-29,235.05755615234375,263.41000366210938,264.54998779296875,262.48001098632812,263.92001342773438,66136300
2019-01-30,238.77871704101562,267.57998657226562,268.51998901367188,264.25,265.10000610351562,92473700
2019-01-31,240.87576293945312,269.92999267578125,270.47000122070312,267.26998901367188,267.510009765625,104012100
2019-02-01,240.99176025390625,270.05999755859375,271.20001220703125,269.17999267578125,270.14999389648438,85782500
2019-02-04,242.687255859375,271.95999145507812,272.02999877929688,269.3599853515625,270.1099853515625,60744800
2019-02-05,243.70454406738281,273.10000610351562,273.44000244140625,271.8800048828125,272.44000244140625,79552800
2019-02-06,243.38331604003906,272.739990234375,273.33999633789062,271.92001342773438,272.79000854492188,58347800
2019-02-07,241.06315612792969,270.1400146484375,271.54998779296875,268.29000854492188,270.94000244140625,95482000
2019-02-08,241.357666015625,270.47000122070312,270.57998657226562,267.82998657226562,268.75,75788900
2019-02-11,241.491455078125,270.6199951171875,271.489990234375,270.02999877929688,271.20001220703125,68021400
2019-02-12,244.59693908691406,274.10000610351562,274.51998901367188,272.33999633789062,272.42001342773438,72270200
2019-02-13,245.39112854003906,274.989990234375,275.92999267578125,274.55999755859375,275.02999877929688,65277200
2019-02-14,244.84678649902344,274.3800048828125,275.6400146484375,272.8699951171875,273.77999877929688,83234400
2019-02-15,247.51495361328125,277.3699951171875,277.41000366210938,276.1300048828125,276.3599853515625,97088700
2019-02-19,247.94325256347656,277.85000610351562,278.57998657226562,276.47000122070312,276.48001098632812,59120800
2019-02-20,248.44303894042969,278.41000366210938,278.92001342773438,277.25,277.80999755859375,76610800
2019-02-21,247.55961608886719,277.42001342773438,278.10000610351562,276.35000610351562,277.70001220703125,64214700
2019-02-22,249.09440612792969,279.1400146484375,279.3599853515625,277.39999389648438,278.1099853515625,78114600
2019-02-25,249.43360900878906,279.51998901367188,281.30999755859375,279.42999267578125,280.73001098632812,69030700
2019-02-26,249.25503540039062,279.32000732421875,280.29998779296875,278.89999389648438,279.1300048828125,56844100
2019-02-27,249.14788818359375,279.20001220703125,279.58999633789062,277.48001098632812,278.51998901367188,56921600
2019-02-28,248.68402099609375,278.67999267578125,279.45001220703125,278.32000732421875,278.95999145507812,69268300
2019-03-01,250.2366943359375,280.42001342773438,280.8800048828125,278.82000732421875,280.44000244140625,78880500
2019-03-04,249.32644653320312,279.39999389648438,281.8699951171875,276.83999633789062,281.60000610351562,106494600
2019-03-05,248.98728942871094,279.01998901367188,279.760009765625,278.41000366210938,279.54000854492188,59114600
2019-03-06,247.47926330566406,277.32998657226562,279.16000366210938,276.97000122070312,279.14999389648438,75039800
2019-03-07,245.40898132324219,275.010009765625,276.989990234375,274.07000732421875,276.82998657226562,94885100
2019-03-08,244.91818237304688,274.45999145507812,274.64999389648438,272.42001342773438,272.94000244140625,85795800
2019-03-11,248.46980285644531,278.44000244140625,278.6199951171875,275.23001098632812,275.260009765625,65098900
2019-03-12,249.40676879882812,279.489990234375,280.07000732421875,278.85000610351562,279.05999755859375,79667500
2019-03-13,251.05758666992188,281.33999633789062,282.3800048828125,280.29998779296875,280.48001098632812,80639200
2019-03-14,250.89691162109375,281.16000366210938,281.83999633789062,280.67001342773438,281.3699951171875,67518400
2019-03-15,252.13653564453125,281.30999755859375,282.20999145507812,280.32998657226562,280.54000854492188,81309000
2019-03-18,253.05085754394531,282.32998657226562,282.66000366210938,281.29998779296875,281.54998779296875,62199800
2019-03-19,253.11354064941406,282.39999389648438,284.3599853515625,281.41000366210938,283.510009765625,90268100
2019-03-20,252.35171508789062,281.54998779296875,283.5,280.32000732421875,282.16000366210938,84609200
2019-03-21,255.20198059082031,284.73001098632812,285.17999267578125,280.58999633789062,280.6400146484375,79550400
2019-03-22,250.29022216796875,279.25,283.79998779296875,279.17999267578125,283.22000122070312,122659300
2019-03-25,250.10206604003906,279.04000854492188,280.19000244140625,277.6400146484375,278.8699951171875,85575200
2019-03-26,251.96635437011719,281.1199951171875,282.17999267578125,279.55999755859375,280.989990234375,68125900
2019-03-27,250.64872741699219,279.64999389648438,281.760009765625,277.92999267578125,281.1099853515625,72224700
2019-03-28,251.59877014160156,280.70999145507812,281.20999145507812,279.07000732421875,280.35000610351562,56238500
2019-03-29,253.18522644042969,282.48001098632812,282.83999633789062,281.1400146484375,282.3900146484375,82186800
2019-04-01,256.1878662109375,285.82998657226562,286.16000366210938,284.39999389648438,284.70001220703125,77617900
2019-04-02,256.31329345703125,285.97000122070312,286.23001098632812,285.08999633789062,286.04000854492188,40070400
2019-04-03,256.71658325195312,286.42001342773438,287.760009765625,285.75,287.32000732421875,68243200
2019-04-04,257.39788818359375,287.17999267578125,287.45999145507812,286.010009765625,286.77999877929688,48997500
2019-04-05,258.64370727539062,288.57000732421875,288.6300048828125,287.60000610351562,287.92001342773438,58621700
2019-04-08,258.8409423828125,288.79000854492188,288.91000366210938,287.3699951171875,288.10000610351562,53566300
2019-04-09,257.51443481445312,287.30999755859375,288.07998657226562,286.70001220703125,287.72000122070312,66142300
2019-04-10,258.39276123046875,288.29000854492188,288.3900146484375,287.30999755859375,287.76998901367188,52601500
2019-04-11,258.32101440429688,288.20999145507812,288.83999633789062,287.57998657226562,288.82998657226562,55093100
2019-04-12,260.06881713867188,290.16000366210938,290.47000122070312,288.260009765625,290,69727800
2019-04-15,259.89852905273438,289.97000122070312,290.35000610351562,289.07998657226562,290.239990234375,49596700
2019-04-16,260.06881713867188,290.16000366210938,291.010009765625,289.5,290.95001220703125,52153200
2019-04-17,259.43246459960938,289.45001220703125,291.42999267578125,288.989990234375,291.39999389648438,58268300
2019-04-18,259.94332885742188,290.01998901367188,290.32000732421875,288.66000366210938,290.10000610351562,68708500
2019-04-22,260.16741943359375,290.26998901367188,290.44000244140625,289.07000732421875,289.17001342773438,40160100
2019-04-23,262.506591796875,292.8800048828125,293.1400146484375,290.42001342773438,290.67999267578125,52246600
2019-04-24,261.92413330078125,292.23001098632812,293.16000366210938,292.07000732421875,292.79000854492188,50392900
2019-04-25,261.76275634765625,292.04998779296875,292.77999877929688,290.73001098632812,292.1199951171875,57770900
2019-04-26,262.98178100585938,293.41000366210938,293.489990234375,291.239990234375,292.10000610351562,50916400
2019-04-29,263.39401245117188,293.8699951171875,294.45001220703125,293.41000366210938,293.510009765625,57197700
2019-04-30,263.52853393554688,294.01998901367188,294.33999633789062,291.92001342773438,293.489990234375,81111700
2019-05-01,261.54757690429688,291.80999755859375,294.95001220703125,291.79998779296875,294.72000122070312,71671900
2019-05-02,260.98297119140625,291.17999267578125,292.70001220703125,289.51998901367188,291.67999267578125,65030200
2019-05-03,263.53744506835938,294.02999877929688,294.33999633789062,291.29998779296875,292.82000732421875,56543700
2019-05-06,262.4530029296875,292.82000732421875,293.30999755859375,288.89999389648438,289.25,107198100
2019-05-07,258.07003784179688,287.92999267578125,290.80999755859375,285.80999755859375,290.14999389648438,144729900
2019-05-08,257.71151733398438,287.52999877929688,289.42999267578125,286.8699951171875,287.52999877929688,91568300
2019-05-09,256.93170166015625,286.66000366210938,287.32998657226562,283.29998779296875,285.23001098632812,103471100
2019-05-10,258.22235107421875,288.10000610351562,288.94000244140625,282.29998779296875,285.6199951171875,112429300
2019-05-13,251.73324584960938,280.8599853515625,283.489990234375,279.92999267578125,282.42001342773438,127290500
2019-05-14,254.00982666015625,283.39999389648438,285.10000610351562,281.85000610351562,281.989990234375,77003200
2019-05-15,255.49765014648438,285.05999755859375,285.76998901367188,281.3599853515625,281.58999633789062,73956400
2019-05-16,257.86392211914062,287.70001220703125,289.20999145507812,285.760009765625,285.83999633789062,76749600
2019-05-17,256.19674682617188,285.83999633789062,288.60000610351562,285.1199951171875,285.1400146484375,100353000
2019-05-20,254.50279235839844,283.95001220703125,285.95999145507812,283.1199951171875,284.05999755859375,62877600
2019-05-21,256.79730224609375,286.510009765625,286.92999267578125,285.54998779296875,285.82998657226562,46847100
2019-05-22,256.00860595703125,285.6300048828125,286.69000244140625,285.10000610351562,285.45001220703125,49482500
2019-05-23,252.88055419921875,282.1400146484375,283.20999145507812,280.57000732421875,283.16000366210938,98733800
2019-05-24,253.45416259765625,282.77999877929688,284.20001220703125,282.08999633789062,283.739990234375,55268100
2019-05-28,251.09687805175781,280.14999389648438,284.14999389648438,280.1300048828125,283.08999633789062,70029400
2019-05-29,249.41183471679688,278.26998901367188,279.3599853515625,276.70999145507812,278.91000366210938,104972900
2019-05-30,250.09304809570312,279.02999877929688,280.04000854492188,277.80999755859375,279.1099853515625,62523800
2019-05-31,246.72293090820312,275.26998901367188,277.1199951171875,275.239990234375,276.20001220703125,86862800
2019-06-03,246.09555053710938,274.57000732421875,276.54998779296875,273.08999633789062,275.30999755859375,96428000
2019-06-04,251.43739318847656,280.52999877929688,280.67999267578125,276.6199951171875,277.1199951171875,77231900
2019-06-05,253.615478515625,282.95999145507812,282.989990234375,280.32000732421875,282.32998657226562,71169700
2019-06-06,255.26455688476562,284.79998779296875,285.54998779296875,282.57000732421875,283.29000854492188,69430400
2019-06-07,257.819091796875,287.64999389648438,288.85000610351562,285.739990234375,285.92999267578125,74272200
2019-06-10,259.002197265625,288.97000122070312,290.82000732421875,288.8699951171875,289.3699951171875,60799100
2019-06-11,258.93942260742188,288.89999389648438,291.39999389648438,288.17999267578125,290.989990234375,58641300
2019-06-12,258.48233032226562,288.3900146484375,289.260009765625,287.82000732421875,288.6400146484375,47096300
2019-06-13,259.54891967773438,289.57998657226562,289.98001098632812,288.6199951171875,289.39999389648438,48945200
2019-06-14,259.26214599609375,289.260009765625,289.92999267578125,288.41000366210938,289.260009765625,52324700
2019-06-17,259.36068725585938,289.3699951171875,290.22000122070312,289.17999267578125,289.51998901367188,39205700
2019-06-18,262.07644653320312,292.39999389648438,293.57000732421875,290.989990234375,291.3900146484375,85434800
2019-06-19,262.66799926757812,293.05999755859375,293.64999389648438,291.47000122070312,292.54998779296875,78674400
2019-06-20,265.17764282226562,295.8599853515625,296.30999755859375,293.1300048828125,296.04000854492188,116570000
2019-06-21,264.79220581054688,294,295.51998901367188,293.760009765625,294.1300048828125,83309500
2019-06-24,264.46798706054688,293.6400146484375,294.57998657226562,293.47000122070312,294.23001098632812,47582700
2019-06-25,261.87408447265625,290.760009765625,293.73001098632812,290.6400146484375,293.70001220703125,82028700
2019-06-26,261.6129150390625,290.47000122070312,292.30999755859375,290.35000610351562,291.75,51584900
2019-06-27,262.54052734375,291.5,292.05999755859375,290.8900146484375,291.30999755859375,40355200
2019-06-28,263.89151000976562,293,293.54998779296875,292.010009765625,292.57998657226562,59350900
2019-07-01,266.28726196289062,295.66000366210938,296.92001342773438,294.32998657226562,296.67999267578125,78705600
2019-07-02,266.98077392578125,296.42999267578125,296.489990234375,294.67999267578125,295.6099853515625,61504500
2019-07-03,269.11526489257812,298.79998779296875,298.82000732421875,297.01998901367188,297.17999267578125,40898900
2019-07-05,268.80914306640625,298.45999145507812,298.6400146484375,296.010009765625,297.44000244140625,51677300
2019-07-08,267.33203125,296.82000732421875,298.260009765625,296.22000122070312,297.010009765625,45841800
2019-07-09,267.665283203125,297.19000244140625,297.51998901367188,295.48001098632812,295.54000854492188,41101300
2019-07-10,268.94418334960938,298.6099853515625,299.66000366210938,297.77999877929688,298.3699951171875,58448500
2019-07-11,269.57461547851562,299.30999755859375,299.57998657226562,298.20001220703125,299.32000732421875,50826100
2019-07-12,270.78152465820312,300.64999389648438,300.73001098632812,299.510009765625,299.85000610351562,40326000
2019-07-15,270.87164306640625,300.75,301.1300048828125,300.19000244140625,301.1300048828125,33900000
2019-07-16,269.99801635742188,299.77999877929688,300.8800048828125,299.44000244140625,300.64999389648438,36650100
2019-07-17,268.16064453125,297.739990234375,299.92999267578125,297.739990234375,299.75,36036300
2019-07-18,269.14230346679688,298.82998657226562,299.25,296.70001220703125,297.19000244140625,51392600
2019-07-19,267.64724731445312,297.17001342773438,300.07000732421875,296.98001098632812,300.04000854492188,58678600
2019-07-22,268.30474853515625,297.89999389648438,298.5,297.04000854492188,297.6099853515625,43638100
2019-07-23,270.22311401367188,300.02999877929688,300.02999877929688,298.22000122070312,299.1400146484375,44564500
2019-07-24,271.49313354492188,301.44000244140625,301.44000244140625,299.08999633789062,299.19000244140625,47213200
2019-07-25,270.19613647460938,300,301,299.1099853515625,300.94000244140625,55394100
2019-07-26,272.00640869140625,302.010009765625,302.23001098632812,300.6199951171875,300.760009765625,45084100
2019-07-29,271.510986328125,301.45999145507812,302.010009765625,300.85000610351562,301.8800048828125,38126500
2019-07-30,270.8446044921875,300.72000122070312,301.17001342773438,299.489990234375,299.91000366210938,45849000
2019-07-31,267.88143920898438,297.42999267578125,301.20001220703125,295.20001220703125,300.989990234375,104245200
2019-08-01,265.54876708984375,294.83999633789062,300.8699951171875,293.95999145507812,297.60000610351562,142646600
2019-08-02,263.54928588867188,292.6199951171875,294.1199951171875,290.89999389648438,293.85000610351562,116749700
2019-08-05,255.62356567382812,283.82000732421875,288.20999145507812,281.72000122070312,288.08999633789062,178745400
2019-08-06,259.20819091796875,287.79998779296875,288.04000854492188,284.27999877929688,285.91000366210938,120711700
2019-08-07,259.36129760742188,287.97000122070312,288.82000732421875,282.04000854492188,284.39999389648438,140572300
2019-08-08,264.44992065429688,293.6199951171875,293.6199951171875,289.010009765625,289.6199951171875,87713900
2019-08-09,262.64859008789062,291.6199951171875,293.239990234375,289.64999389648438,292.57998657226562,93730000
2019-08-12,259.45123291015625,288.07000732421875,291.6099853515625,287.01998901367188,289.95999145507812,65527600
2019-08-13,263.4862060546875,292.54998779296875,294.14999389648438,287.3599853515625,287.739990234375,94299800
2019-08-14,255.69561767578125,283.89999389648438,288.739990234375,283.760009765625,288.07000732421875,135622100
2019-08-15,256.37112426757812,284.64999389648438,285.6400146484375,282.3900146484375,284.8800048828125,99556600
2019-08-16,260.15377807617188,288.85000610351562,289.32998657226562,284.70999145507812,286.48001098632812,83018300
2019-08-19,263.28811645507812,292.32998657226562,293.07998657226562,291.44000244140625,292.19000244140625,53571800
2019-08-20,261.27059936523438,290.08999633789062,292.3599853515625,289.95001220703125,291.76998901367188,51596400
2019-08-21,263.39617919921875,292.45001220703125,292.8599853515625,291.72000122070312,292.48001098632812,49524700
2019-08-22,263.3150634765625,292.3599853515625,293.92999267578125,290.39999389648438,293.23001098632812,51666400
2019-08-23,256.55123901367188,284.85000610351562,292.760009765625,283.47000122070312,290.92001342773438,149161500
2019-08-26,259.3883056640625,288,288,285.57998657226562,287.26998901367188,72423800
2019-08-27,258.37051391601562,286.8699951171875,289.95001220703125,286.02999877929688,289.54000854492188,66668900
2019-08-28,260.18984985351562,288.8900146484375,289.07000732421875,285.25,286.1400146484375,59696700
2019-08-29,263.51324462890625,292.57998657226562,293.16000366210938,290.6099853515625,291.72000122070312,57899400
2019-08-30,263.39617919921875,292.45001220703125,294.239990234375,291.42001342773438,294.22000122070312,62901200
2019-09-03,261.85610961914062,290.739990234375,291.57998657226562,289.26998901367188,290.57000732421875,69101400
2019-09-04,264.8282470703125,294.04000854492188,294.05999755859375,292.30999755859375,293.1400146484375,46887300
2019-09-05,268.23269653320312,297.82000732421875,298.82998657226562,294,296.79000854492188,83258100
2019-09-06,268.4398193359375,298.04998779296875,298.760009765625,297.42001342773438,298.17001342773438,49584300
2019-09-09,268.57501220703125,298.20001220703125,299.239990234375,297.16000366210938,299.1400146484375,51260300
2019-09-10,268.51193237304688,298.1300048828125,298.20001220703125,295.97000122070312,297.3599853515625,57947100
2019-09-11,270.42120361328125,300.25,300.33999633789062,297.75,298.47000122070312,68821100
2019-09-12,271.35794067382812,301.29000854492188,302.45999145507812,300.41000366210938,301.25,72908700
2019-09-13,271.17782592773438,301.08999633789062,302.17001342773438,300.67999267578125,301.77999877929688,62104800
2019-09-16,270.34017944335938,300.16000366210938,301.1400146484375,299.45001220703125,299.83999633789062,58191200
2019-09-17,271.02471923828125,300.92001342773438,301.01998901367188,299.75,299.94000244140625,41475500
2019-09-18,271.18679809570312,301.10000610351562,301.22000122070312,298.239990234375,300.489990234375,73375800
2019-09-19,271.16873168945312,301.07998657226562,302.6300048828125,300.70999145507812,301.52999877929688,76560500
2019-09-20,269.88763427734375,298.27999877929688,300.67001342773438,297.41000366210938,300.3599853515625,89565000
2019-09-23,269.82427978515625,298.20999145507812,299,297.26998901367188,297.54998779296875,43476800
2019-09-24,267.70703125,295.8699951171875,299.83999633789062,294.80999755859375,299.41000366210938,94869400
2019-09-25,269.29046630859375,297.6199951171875,298.1099853515625,294.32998657226562,295.95999145507812,71854000
2019-09-26,268.7294921875,297,297.8599853515625,295.45001220703125,297.6300048828125,56179700
2019-09-27,267.28170776367188,295.39999389648438,297.95001220703125,293.69000244140625,297.82998657226562,84746600
2019-09-30,268.52139282226562,296.76998901367188,297.54998779296875,295.92001342773438,295.97000122070312,51662400
2019-10-01,265.32736206054688,293.239990234375,298.45999145507812,293,297.739990234375,88242400
2019-10-02,260.64044189453125,288.05999755859375,291.510009765625,286.6400146484375,291.5,122539500
2019-10-03,262.77590942382812,290.42001342773438,290.45001220703125,284.82000732421875,287.80999755859375,85278800
2019-10-04,266.33172607421875,294.35000610351562,294.6300048828125,291.07998657226562,291.1400146484375,65091200
2019-10-07,265.18252563476562,293.07998657226562,295.260009765625,292.76998901367188,293.47000122070312,59610500
2019-10-08,261.06561279296875,288.52999877929688,291.85000610351562,288.489990234375,291.04000854492188,95708100
2019-10-09,263.54486083984375,291.26998901367188,292.29998779296875,290.05999755859375,290.75,62359400
2019-10-10,265.32736206054688,293.239990234375,294.20999145507812,291,291.17999267578125,55296300
2019-10-11,268.07797241210938,296.27999877929688,298.739990234375,296.1400146484375,296.26998901367188,98720400
2019-10-14,267.7794189453125,295.95001220703125,296.67001342773438,295.57000732421875,295.92999267578125,40394800
2019-10-15,270.430419921875,298.8800048828125,299.70001220703125,296.97000122070312,297.10000610351562,46754500
2019-10-16,269.99615478515625,298.39999389648438,299.16000366210938,297.92001342773438,298.3699951171875,48928200
2019-10-17,270.79248046875,299.27999877929688,300.239990234375,298.51998901367188,299.67999267578125,45736600
2019-10-18,269.60708618164062,297.97000122070312,299.39999389648438,297.02999877929688,298.69000244140625,64304000
2019-10-21,271.43475341796875,299.989990234375,300.20999145507812,298.94000244140625,299.42001342773438,39048600
2019-10-22,270.54818725585938,299.010009765625,300.89999389648438,298.91000366210938,300.57998657226562,48594700
2019-10-23,271.33526611328125,299.8800048828125,299.94000244140625,298.5,298.73001098632812,34352200
2019-10-24,271.77862548828125,300.3699951171875,301.07000732421875,299.45999145507812,300.91000366210938,35453100
2019-10-25,272.89163208007812,301.60000610351562,302.20001220703125,299.67999267578125,299.739990234375,45205400
2019-10-28,274.42974853515625,303.29998779296875,303.85000610351562,302.91000366210938,302.94000244140625,42147000
2019-10-29,274.34832763671875,303.20999145507812,304.23001098632812,302.8599853515625,303,44284900
2019-10-30,275.1898193359375,304.1400146484375,304.54998779296875,301.989990234375,303.42999267578125,49643900
2019-10-31,274.45693969726562,303.32998657226562,304.1300048828125,301.73001098632812,304.1300048828125,69053800
2019-11-01,276.99948120117188,306.1400146484375,306.19000244140625,304.739990234375,304.92001342773438,71141500
2019-11-04,278.1124267578125,307.3699951171875,308,306.95999145507812,307.85000610351562,60606900
2019-11-05,277.80474853515625,307.02999877929688,307.92001342773438,306.70999145507812,307.58999633789062,42933200
2019-11-06,277.8680419921875,307.10000610351562,307.39999389648438,306.05999755859375,307.02999877929688,46487100
2019-11-07,278.84524536132812,308.17999267578125,309.64999389648438,307.66000366210938,308.57000732421875,54272300
2019-11-08,279.53289794921875,308.94000244140625,309,307.02999877929688,307.79998779296875,49032100
2019-11-11,278.9991455078125,308.35000610351562,308.54000854492188,307.26998901367188,307.42001342773438,35797300
2019-11-12,279.587158203125,309,309.989990234375,308.14999389648438,308.75,46484600
2019-11-13,279.67770385742188,309.10000610351562,309.54000854492188,307.66000366210938,307.91000366210938,53917700
2019-11-14,280.0848388671875,309.54998779296875,309.6400146484375,308.08999633789062,308.79000854492188,51219900
2019-11-15,282.11166381835938,311.79000854492188,311.83999633789062,310.260009765625,311.01998901367188,62023600
2019-11-18,282.31976318359375,312.01998901367188,312.27999877929688,311.02999877929688,311.52999877929688,49228000
2019-11-19,282.23828125,311.92999267578125,312.69000244140625,311.22000122070312,312.67999267578125,67804700
2019-11-20,281.188720703125,310.76998901367188,311.85000610351562,309.05999755859375,311.27999877929688,79406200
2019-11-21,280.736328125,310.26998901367188,311.010009765625,309.3900146484375,310.8900146484375,54664700
2019-11-22,281.36062622070312,310.95999145507812,311.239990234375,309.85000610351562,311.08999633789062,44850200
2019-11-25,283.54129028320312,313.3699951171875,313.3699951171875,311.98001098632812,311.98001098632812,48647200
2019-11-26,284.18362426757812,314.07998657226562,314.27999877929688,313.05999755859375,313.41000366210938,37569000
2019-11-27,285.4503173828125,315.48001098632812,315.48001098632812,314.3699951171875,314.6099853515625,44444600
2019-11-29,284.3917236328125,314.30999755859375,315.1300048828125,314.05999755859375,314.8599853515625,36592700
2019-12-02,281.9759521484375,311.6400146484375,314.66000366210938,311.17001342773438,314.58999633789062,75767800
2019-12-03,280.0848388671875,309.54998779296875,309.6400146484375,307.1300048828125,308.64999389648438,73941700
2019-12-04,281.81304931640625,311.45999145507812,312.1199951171875,310.32000732421875,310.70001220703125,49080000
2019-12-05,282.31976318359375,312.01998901367188,312.25,310.57998657226562,312.23001098632812,40709000
2019-12-06,284.89840698242188,314.8699951171875,315.30999755859375,314.1099853515625,314.1199951171875,48927000
2019-12-09,284.00265502929688,313.8800048828125,315.17999267578125,313.79998779296875,314.44000244140625,34838500
2019-12-10,283.68597412109375,313.52999877929688,314.54998779296875,312.80999755859375,313.82000732421875,52649800
2019-12-11,284.49127197265625,314.42001342773438,314.70001220703125,313.44000244140625,314.02999877929688,53429100
2019-12-12,286.94329833984375,317.1300048828125,317.989990234375,314.17001342773438,314.42999267578125,96389600
2019-12-13,287.11520385742188,317.32000732421875,318.67001342773438,316.01998901367188,316.8699951171875,81503900
2019-12-16,289.08779907226562,319.5,320.14999389648438,317.25,319.22000122070312,82749700
2019-12-17,289.15109252929688,319.57000732421875,320.25,319.48001098632812,319.92001342773438,61097700
2019-12-18,289.16925048828125,319.58999633789062,320.25,319.52999877929688,320,48133000
2019-12-19,290.35452270507812,320.89999389648438,320.98001098632812,319.51998901367188,319.79998779296875,85310500
2019-12-20,291.62744140625,320.73001098632812,321.97000122070312,319.3900146484375,320.45999145507812,147142100
2019-12-23,292.07296752929688,321.22000122070312,321.64999389648438,321.05999755859375,321.58999633789062,52990000
2019-12-24,292.08203125,321.23001098632812,321.51998901367188,320.89999389648438,321.47000122070312,20270000
2019-12-26,293.63690185546875,322.94000244140625,322.95001220703125,321.6400146484375,321.64999389648438,30911200
2019-12-27,293.56414794921875,322.8599853515625,323.79998779296875,322.27999877929688,323.739990234375,42528800
2019-12-30,291.94570922851562,321.07998657226562,323.10000610351562,320.54998779296875,322.95001220703125,49729100
2019-12-31,292.65484619140625,321.8599853515625,322.1300048828125,320.14999389648438,320.52999877929688,57077300
2020-01-02,295.39178466796875,324.8699951171875,324.8900146484375,322.52999877929688,323.54000854492188,59151200
2020-01-03,293.15499877929688,322.41000366210938,323.6400146484375,321.10000610351562,321.16000366210938,77709700
2020-01-06,294.27337646484375,323.6400146484375,323.73001098632812,320.3599853515625,320.489990234375,55653900
2020-01-07,293.4459228515625,322.73001098632812,323.54000854492188,322.239990234375,323.01998901367188,40496400
2020-01-08,295.00991821289062,324.45001220703125,325.77999877929688,322.67001342773438,322.94000244140625,68296000
2020-01-09,297.01028442382812,326.64999389648438,326.73001098632812,325.51998901367188,326.16000366210938,48473300
2020-01-10,296.15548706054688,325.70999145507812,327.45999145507812,325.20001220703125,327.29000854492188,53029300
2020-01-13,298.19235229492188,327.95001220703125,327.95999145507812,325.92001342773438,326.3900146484375,47086800
2020-01-14,297.73764038085938,327.45001220703125,328.6199951171875,326.83999633789062,327.47000122070312,62832800
2020-01-15,298.41049194335938,328.19000244140625,329.01998901367188,327.260009765625,327.35000610351562,72056600
2020-01-16,300.89285278320312,330.92001342773438,330.92001342773438,329.45001220703125,329.70001220703125,54050300
2020-01-17,301.82931518554688,331.95001220703125,332.17999267578125,330.85000610351562,331.70001220703125,95846000
2020-01-21,301.23828125,331.29998779296875,332.17999267578125,330.82000732421875,330.89999389648438,77742400
2020-01-22,301.27468872070312,331.33999633789062,332.95001220703125,331.17001342773438,332.239990234375,48914900
2020-01-23,301.62020874023438,331.72000122070312,332.17001342773438,329.41000366210938,330.6300048828125,51963000
2020-01-24,298.9378662109375,328.76998901367188,332.52999877929688,327.3599853515625,332.44000244140625,87578400
2020-01-27,294.14608764648438,323.5,325.1199951171875,322.66000366210938,323.02999877929688,84062500
2020-01-28,297.228515625,326.8900146484375,327.85000610351562,323.60000610351562,325.05999755859375,63834000
2020-01-29,296.9830322265625,326.6199951171875,328.6300048828125,326.39999389648438,328.3800048828125,53888900
2020-01-30,297.94677734375,327.67999267578125,327.91000366210938,323.54000854492188,324.3599853515625,75491800
2020-01-31,292.53668212890625,321.73001098632812,327.17001342773438,320.73001098632812,327,113845600
2020-02-03,294.70986938476562,324.1199951171875,326.16000366210938,323.22000122070312,323.35000610351562,69083000
2020-02-04,299.20162963867188,329.05999755859375,330.010009765625,327.72000122070312,328.07000732421875,62573200
2020-02-05,302.65682983398438,332.8599853515625,333.08999633789062,330.67001342773438,332.26998901367188,65951100
2020-02-06,303.67520141601562,333.98001098632812,334.19000244140625,332.79998779296875,333.91000366210938,50359700
2020-02-07,302.05667114257812,332.20001220703125,333.989990234375,331.60000610351562,332.82000732421875,64139400
2020-02-10,304.3116455078125,334.67999267578125,334.75,331.19000244140625,331.23001098632812,42070000
2020-02-11,304.83908081054688,335.260009765625,337.01998901367188,334.67999267578125,336.16000366210938,54864500
2020-02-12,306.802978515625,337.42001342773438,337.64999389648438,336.42999267578125,336.82998657226562,43992700
2020-02-13,306.47561645507812,337.05999755859375,338.1199951171875,335.55999755859375,335.8599853515625,54501900
2020-02-14,306.96664428710938,337.60000610351562,337.73001098632812,336.20001220703125,337.510009765625,64582200
2020-02-18,306.1756591796875,336.73001098632812,337.67001342773438,335.20999145507812,336.510009765625,57226200
2020-02-19,307.63961791992188,338.33999633789062,339.07998657226562,337.48001098632812,337.79000854492188,48814700
2020-02-20,306.3756103515625,336.95001220703125,338.6400146484375,333.67999267578125,337.739990234375,74163400
2020-02-21,303.220458984375,333.48001098632812,335.80999755859375,332.57998657226562,335.47000122070312,113788200
2020-02-24,293.16412353515625,322.42001342773438,333.55999755859375,321.239990234375,323.1400146484375,161088400
2020-02-25,284.28057861328125,312.64999389648438,324.6099853515625,311.69000244140625,323.94000244140625,218913200
2020-02-26,283.23489379882812,311.5,318.1099853515625,310.70001220703125,314.17999267578125,194773800
2020-02-27,270.514404296875,297.510009765625,311.55999755859375,297.510009765625,305.45999145507812,284353500
2020-02-28,269.37783813476562,296.260009765625,297.8900146484375,285.54000854492188,288.70001220703125,384975800
2020-03-02,281.04360961914062,309.08999633789062,309.16000366210938,294.45999145507812,298.20999145507812,238703600
2020-03-03,272.99673461914062,300.239990234375,313.83999633789062,297.57000732421875,309.5,300139100
2020-03-04,284.47149658203125,312.8599853515625,313.10000610351562,303.32998657226562,306.1199951171875,176613400
2020-03-05,275.01522827148438,302.45999145507812,308.47000122070312,300.010009765625,304.98001098632812,186366800
2020-03-06,270.46893310546875,297.45999145507812,298.77999877929688,290.23001098632812,293.14999389648438,228667200
2020-03-09,249.34677124023438,274.23001098632812,284.19000244140625,273.45001220703125,275.29998779296875,309417300
2020-03-10,262.249267578125,288.42001342773438,288.51998901367188,273.5,284.6400146484375,276444100
2020-03-11,249.46498107910156,274.3599853515625,281.94000244140625,270.8800048828125,280.70001220703125,255316300
2020-03-12,225.59687805175781,248.11000061035156,266.66000366210938,247.67999267578125,256,392220700
2020-03-13,244.88226318359375,269.32000732421875,271.48001098632812,248.52000427246094,263.08999633789062,329566100
2020-03-16,218.08639526367188,239.85000610351562,256.89999389648438,237.36000061035156,241.17999267578125,297240000
2020-03-17,229.86128234863281,252.80000305175781,256.17001342773438,237.07000732421875,245.03999328613281,262070500
2020-03-18,218.22273254394531,240,248.3699951171875,228.02000427246094,236.25,327597100
2020-03-19,218.68643188476562,240.50999450683594,247.3800048828125,232.22000122070312,239.25,289322000
2020-03-20,209.26235961914062,228.80000305175781,244.47000122070312,228.5,242.52999877929688,347158800
2020-03-23,203.91191101074219,222.94999694824219,229.67999267578125,218.25999450683594,228.19000244140625,326025200
2020-03-24,222.38694763183594,243.14999389648438,244.10000610351562,233.80000305175781,234.41999816894531,235494500
2020-03-25,225.71615600585938,246.78999328613281,256.35000610351562,239.75,244.8699951171875,299430300
2020-03-26,238.89569091796875,261.20001220703125,262.79998779296875,249.05000305175781,249.52000427246094,257632800
2020-03-27,231.780029296875,253.41999816894531,260.80999755859375,251.05000305175781,253.27000427246094,224341200
2020-03-30,239.30722045898438,261.64999389648438,262.42999267578125,253.52999877929688,255.69999694824219,171369500
2020-03-31,235.74024963378906,257.75,263.32998657226562,256.22000122070312,260.55999755859375,194881100
2020-04-01,225.13079833984375,246.14999389648438,257.66000366210938,243.89999389648438,247.97999572753906,189554600
2020-04-02,230.32577514648438,251.83000183105469,252.67999267578125,244.58999633789062,245.19000244140625,177660400
2020-04-03,226.99662780761719,248.19000244140625,253.32000732421875,245.22000122070312,250.75999450683594,135561200
2020-04-06,242.24310302734375,264.8599853515625,267,248.16999816894531,257.83999633789062,188061200
2020-04-07,242.49009704589844,265.1300048828125,275.02999877929688,264.8900146484375,274.20999145507812,201427200
2020-04-08,250.63009643554688,274.02999877929688,276,265.25,267.95999145507812,153774500
2020-04-09,254.44398498535156,278.20001220703125,281.20001220703125,275.47000122070312,277.57998657226562,189999200
2020-04-13,252.12091064453125,275.66000366210938,277.510009765625,271.41000366210938,277.1400146484375,114839100
2020-04-14,259.55667114257812,283.79000854492188,284.89999389648438,275.510009765625,280.98001098632812,134143400
2020-04-15,254.04159545898438,277.760009765625,283.94000244140625,275.45999145507812,277.57000732421875,121775000
2020-04-16,255.26716613769531,279.10000610351562,280.02999877929688,275.760009765625,279.14999389648438,131798300
2020-04-17,262.16326904296875,286.6400146484375,287.29998779296875,282.39999389648438,285.3800048828125,146684800
2020-04-20,257.54446411132812,281.58999633789062,286.79000854492188,281.35000610351562,282.6099853515625,100109300
2020-04-21,249.72459411621094,273.04000854492188,278.04000854492188,272.01998901367188,276.73001098632812,126385700
2020-04-22,255.26716613769531,279.10000610351562,281,276.91000366210938,278.35000610351562,92951600
2020-04-23,255.24882507324219,279.07998657226562,283.94000244140625,278.75,280.489990234375,104709700
2020-04-24,258.80667114257812,282.97000122070312,283.70001220703125,278.5,280.73001098632812,85063200
2020-04-27,262.53836059570312,287.04998779296875,288.26998901367188,284.6199951171875,285.1199951171875,77896600
2020-04-28,261.33096313476562,285.73001098632812,291.39999389648438,285.39999389648438,291.01998901367188,105270000
2020-04-29,268.17227172851562,293.20999145507812,294.8800048828125,290.41000366210938,291.52999877929688,118745600
2020-04-30,265.67547607421875,290.48001098632812,293.32000732421875,288.58999633789062,291.70999145507812,122901700
2020-05-01,258.64205932617188,282.79000854492188,290.66000366210938,281.51998901367188,285.30999755859375,125180000
2020-05-04,259.35546875,283.57000732421875,283.89999389648438,279.1300048828125,280.739990234375,80873200
2020-05-05,261.75173950195312,286.19000244140625,289.25,283.70999145507812,286.6400146484375,79569900
2020-05-06,259.9774169921875,284.25,288.45999145507812,283.77999877929688,288.04000854492188,73632600
2020-05-07,263.11447143554688,287.67999267578125,289.77999877929688,287.1300048828125,287.75,75250400
2020-05-08,267.46807861328125,292.44000244140625,292.95001220703125,289.8599853515625,291.08999633789062,76452400
2020-05-11,267.52294921875,292.5,294,289.8800048828125,290.33999633789062,79514200
2020-05-12,262.19073486328125,286.67001342773438,294.239990234375,286.51998901367188,293.79000854492188,95870800
2020-05-13,257.55364990234375,281.60000610351562,287.19000244140625,278.95999145507812,286.05999755859375,144721100
2020-05-14,260.635986328125,284.97000122070312,285.1099853515625,272.989990234375,278.95001220703125,121977900
2020-05-15,261.83404541015625,286.27999877929688,286.32998657226562,281.33999633789062,282.3699951171875,111146300
2020-05-18,269.80941772460938,295,296.75,292.70001220703125,293.04998779296875,119703800
2020-05-19,267.03814697265625,291.97000122070312,296.20999145507812,291.95001220703125,294.35000610351562,95189300
2020-05-20,271.57467651367188,296.92999267578125,297.8699951171875,295.57000732421875,295.82000732421875,85861700
2020-05-21,269.69967651367188,294.8800048828125,297.67001342773438,293.69000244140625,296.79000854492188,78293900
2020-05-22,270.2119140625,295.44000244140625,295.6300048828125,293.22000122070312,294.57000732421875,63958200
2020-05-26,273.5408935546875,299.07998657226562,302.19000244140625,295.45999145507812,301.92999267578125,88951400
2020-05-27,277.61099243164062,303.52999877929688,303.57000732421875,296.8699951171875,302.1199951171875,104817400
2020-05-28,277.098876953125,302.97000122070312,306.83999633789062,302.239990234375,304.64999389648438,90405200
2020-05-29,278.33355712890625,304.32000732421875,304.95999145507812,299.47000122070312,302.45999145507812,119090800
2020-06-01,279.45858764648438,305.54998779296875,306.20999145507812,303.05999755859375,303.6199951171875,55758300
2020-06-02,281.77252197265625,308.07998657226562,308.1300048828125,305.10000610351562,306.54998779296875,74267200
2020-06-03,285.52243041992188,312.17999267578125,313.22000122070312,309.94000244140625,310.239990234375,92567600
2020-06-04,284.77239990234375,311.3599853515625,313,309.07998657226562,311.1099853515625,75794400
2020-06-05,292.07098388671875,319.33999633789062,321.26998901367188,317.16000366210938,317.23001098632812,150524700
2020-06-08,295.60134887695312,323.20001220703125,323.41000366210938,319.6300048828125,320.22000122070312,73641200
2020-06-09,293.39715576171875,320.79000854492188,323.27999877929688,319.3599853515625,320.29998779296875,77479200
2020-06-10,291.75994873046875,319,322.3900146484375,318.22000122070312,321.42001342773438,95000800
2020-06-11,274.94033813476562,300.6099853515625,312.14999389648438,300.010009765625,311.45999145507812,209243600
2020-06-12,278.23294067382812,304.20999145507812,309.07998657226562,298.60000610351562,308.239990234375,194678900
2020-06-15,280.83047485351562,307.04998779296875,308.27999877929688,296.739990234375,298.01998901367188,135782700
2020-06-16,286.23577880859375,312.95999145507812,315.6400146484375,307.67001342773438,315.48001098632812,137627500
2020-06-17,285.04678344726562,311.66000366210938,314.3900146484375,310.8599853515625,314.07000732421875,83398900
2020-06-18,285.15652465820312,311.77999877929688,312.29998779296875,309.510009765625,310.010009765625,80828700
2020-06-19,283.52688598632812,308.6400146484375,314.3800048828125,306.52999877929688,314.17001342773438,135549600
2020-06-22,285.34579467773438,310.6199951171875,311.04998779296875,306.75,307.989990234375,74649400
2020-06-23,286.65948486328125,312.04998779296875,314.5,311.6099853515625,313.489990234375,68471200
2020-06-24,279.34701538085938,304.08999633789062,310.510009765625,302.10000610351562,309.83999633789062,132813500
2020-06-25,282.34185791015625,307.35000610351562,307.6400146484375,301.27999877929688,303.47000122070312,89468000
2020-06-26,275.63580322265625,300.04998779296875,306.3900146484375,299.42001342773438,306.16000366210938,127961000
2020-06-29,279.68698120117188,304.45999145507812,304.6099853515625,298.92999267578125,301.41000366210938,79773300
2020-06-30,283.2696533203125,308.3599853515625,310.20001220703125,303.82000732421875,303.989990234375,113394800
2020-07-01,285.25390625,310.51998901367188,311.8900146484375,309.07000732421875,309.57000732421875,72396500
2020-07-02,286.82473754882812,312.23001098632812,315.70001220703125,311.510009765625,314.239990234375,69344200
2020-07-06,291.2525634765625,317.04998779296875,317.67999267578125,315.55999755859375,316.3699951171875,61713800
2020-07-07,288.2486572265625,313.77999877929688,317.51998901367188,313.3699951171875,315.3800048828125,82910000
2020-07-08,290.45339965820312,316.17999267578125,316.29998779296875,312.70001220703125,314.6099853515625,54638600
2020-07-09,288.79989624023438,314.3800048828125,317.10000610351562,310.67999267578125,316.83999633789062,83354200
2020-07-10,291.74859619140625,317.58999633789062,317.8800048828125,312.760009765625,314.30999755859375,57550400
2020-07-13,289.22247314453125,314.83999633789062,322.70999145507812,314.1300048828125,320.1300048828125,102997500
2020-07-14,292.97042846679688,318.92001342773438,319.760009765625,312,313.29998779296875,93657000
2020-07-15,295.6619873046875,321.85000610351562,323.04000854492188,319.26998901367188,322.41000366210938,87196500
2020-07-16,294.68832397460938,320.79000854492188,321.27999877929688,319.08999633789062,319.79000854492188,54622500
2020-07-17,295.54254150390625,321.72000122070312,322.57000732421875,319.739990234375,321.8800048828125,62774900
2020-07-20,297.93112182617188,324.32000732421875,325.1300048828125,320.6199951171875,321.42999267578125,56308800
2020-07-21,298.56491088867188,325.010009765625,326.92999267578125,323.94000244140625,326.45001220703125,57292200
2020-07-22,300.26437377929688,326.8599853515625,327.20001220703125,324.5,324.6199951171875,57792900
2020-07-23,296.68167114257812,322.95999145507812,327.23001098632812,321.48001098632812,326.47000122070312,75738000
2020-07-24,294.77093505859375,320.8800048828125,321.989990234375,319.25,320.95001220703125,73766600
2020-07-27,296.9205322265625,323.22000122070312,323.41000366210938,320.76998901367188,321.6300048828125,48293000
2020-07-28,295.037353515625,321.17001342773438,323.6400146484375,320.85000610351562,322.42999267578125,57495000
2020-07-29,298.6658935546875,325.1199951171875,325.73001098632812,322.07998657226562,322.1199951171875,48454200
2020-07-30,297.60031127929688,323.95999145507812,324.41000366210938,319.6400146484375,321.89999389648438,61861700
2020-07-31,299.95208740234375,326.51998901367188,326.6300048828125,321.32998657226562,325.89999389648438,84986800
2020-08-03,302.037353515625,328.79000854492188,329.6199951171875,327.73001098632812,328.32000732421875,53077900
2020-08-04,303.20404052734375,330.05999755859375,330.05999755859375,327.8599853515625,327.8599853515625,41917900
2020-08-05,305.08721923828125,332.1099853515625,332.3900146484375,331.17999267578125,331.47000122070312,42697700
2020-08-06,307.12661743164062,334.32998657226562,334.45999145507812,331.1300048828125,331.48001098632812,43679400
2020-08-07,307.34710693359375,334.57000732421875,334.8800048828125,332.29998779296875,333.27999877929688,57308300
2020-08-10,308.26565551757812,335.57000732421875,335.76998901367188,332.95999145507812,335.05999755859375,44282100
2020-08-11,305.72100830078125,332.79998779296875,337.54000854492188,332.010009765625,336.85000610351562,69601100
2020-08-12,309.98355102539062,337.44000244140625,338.27999877929688,335.41000366210938,335.44000244140625,53774400
2020-08-13,309.423095703125,336.82998657226562,338.25,335.82998657226562,336.6099853515625,41816100
2020-08-14,309.43228149414062,336.83999633789062,337.42001342773438,335.6199951171875,336.41000366210938,47260400
2020-08-17,310.415283203125,337.91000366210938,338.33999633789062,336.85000610351562,337.94000244140625,35481000
2020-08-18,311.08590698242188,338.6400146484375,339.10000610351562,336.6099853515625,338.33999633789062,38733900
2020-08-19,309.79058837890625,337.23001098632812,339.6099853515625,336.6199951171875,339.04998779296875,68054200
2020-08-20,310.75515747070312,338.27999877929688,338.79998779296875,335.22000122070312,335.3599853515625,42207800
2020-08-21,311.85751342773438,339.48001098632812,339.72000122070312,337.54998779296875,337.92001342773438,55106600
2020-08-24,315.01766967773438,342.92001342773438,343,339.45001220703125,342.1199951171875,48588700
2020-08-25,316.11996459960938,344.1199951171875,344.20999145507812,342.26998901367188,343.52999877929688,38463400
2020-08-26,319.28924560546875,347.57000732421875,347.8599853515625,344.17001342773438,344.760009765625,50790200
2020-08-27,319.98739624023438,348.32998657226562,349.89999389648438,346.52999877929688,348.510009765625,58034100
2020-08-28,322.0543212890625,350.57998657226562,350.72000122070312,348.14999389648438,349.44000244140625,48588900
2020-08-31,320.88772583007812,349.30999755859375,351.29998779296875,349.05999755859375,350.35000610351562,66099200
2020-09-01,323.9100341796875,352.60000610351562,352.70999145507812,349.239990234375,350.20999145507812,54908700
2020-09-02,328.59500122070312,357.70001220703125,358.75,353.42999267578125,354.67001342773438,69540000
2020-09-03,317.28662109375,345.3900146484375,356.3800048828125,342.58999633789062,355.8699951171875,148011100
2020-09-04,314.69607543945312,342.57000732421875,347.82998657226562,334.8699951171875,346.1300048828125,139156300
2020-09-08,306.09768676757812,333.20999145507812,342.6400146484375,332.8800048828125,336.70999145507812,114465300
2020-09-09,312.14230346679688,339.79000854492188,342.45999145507812,336.6099853515625,337.54998779296875,91462300
2020-09-10,306.72238159179688,333.8900146484375,342.52999877929688,332.85000610351562,341.82000732421875,90569500
2020-09-11,306.87863159179688,334.05999755859375,336.97000122070312,331,335.82000732421875,84680200
2020-09-14,310.92050170898438,338.45999145507812,340.3800048828125,334.22000122070312,337.489990234375,65605700
2020-09-15,312.491455078125,340.17001342773438,342.01998901367188,338.47000122070312,341.1199951171875,52920900
2020-09-16,311.25128173828125,338.82000732421875,343.05999755859375,338.51998901367188,341.510009765625,82096000
2020-09-17,308.513671875,335.83999633789062,337.70001220703125,332.989990234375,333.55999755859375,91523300
2020-09-18,304.96185302734375,330.64999389648438,335.489990234375,327.97000122070312,335.3699951171875,105877900
2020-09-21,301.5677490234375,326.97000122070312,327.1300048828125,321.73001098632812,325.70001220703125,99450800
2020-09-22,304.63906860351562,330.29998779296875,330.89999389648438,325.8599853515625,328.57000732421875,63612100
2020-09-23,297.57412719726562,322.6400146484375,331.20001220703125,322.10000610351562,330.89999389648438,93112200
2020-09-24,298.36734008789062,323.5,326.79998779296875,319.79998779296875,321.22000122070312,76681300
2020-09-25,303.19110107421875,328.73001098632812,329.57998657226562,321.6400146484375,322.57998657226562,71069400
2020-09-28,308.22686767578125,334.19000244140625,334.95999145507812,332.14999389648438,333.22000122070312,64584600
2020-09-29,306.5482177734375,332.3699951171875,334.76998901367188,331.6199951171875,333.97000122070312,51304000
2020-09-30,308.87258911132812,334.8900146484375,338.29000854492188,332.8800048828125,333.08999633789062,104081100
2020-10-01,310.85546875,337.04000854492188,338.739990234375,335.010009765625,337.69000244140625,88698700
2020-10-02,307.904052734375,333.83999633789062,337.010009765625,331.19000244140625,331.70001220703125,89431100
2020-10-05,313.36416625976562,339.760009765625,339.95999145507812,336.010009765625,336.05999755859375,45713100
2020-10-06,308.90936279296875,334.92999267578125,342.17001342773438,334.3800048828125,339.91000366210938,90128900
2020-10-07,314.28646850585938,340.760009765625,341.6300048828125,338.08999633789062,338.1199951171875,56999600
2020-10-08,317.07177734375,343.77999877929688,343.85000610351562,341.8599853515625,342.85000610351562,45242500
2020-10-09,319.9033203125,346.85000610351562,347.35000610351562,344.8900146484375,345.55999755859375,59528600
2020-10-12,325.04974365234375,352.42999267578125,354.01998901367188,349.05999755859375,349.58999633789062,80388500
2020-10-13,322.92855834960938,350.1300048828125,352.47000122070312,349.08999633789062,352.27999877929688,73255500
2020-10-14,320.8994140625,347.92999267578125,351.92999267578125,347.1400146484375,350.75,57727900
2020-10-15,320.5028076171875,347.5,348.01998901367188,343.1300048828125,343.70999145507812,60357700
2020-10-16,320.30914306640625,347.29000854492188,350.75,347.10000610351562,348.95999145507812,89501900
2020-10-19,315.43927001953125,342.010009765625,349.32998657226562,341.04000854492188,348.64999389648438,68425600
2020-10-20,316.702880859375,343.3800048828125,346.8800048828125,342.6400146484375,343.45999145507812,60051900
2020-10-21,316.10336303710938,342.73001098632812,345.67001342773438,342.39999389648438,343.32998657226562,63575000
2020-10-22,317.83731079101562,344.6099853515625,345.239990234375,340.64999389648438,342.95999145507812,55399300
2020-10-23,318.91644287109375,345.77999877929688,345.989990234375,343.1300048828125,345.92999267578125,49143900
2020-10-26,313.02288818359375,339.3900146484375,342.98001098632812,335.6199951171875,342.1300048828125,91473000
2020-10-27,311.94378662109375,338.22000122070312,340.1199951171875,337.989990234375,339.760009765625,65994100
2020-10-28,301.2818603515625,326.66000366210938,338.25,326.1300048828125,332.10000610351562,127094300
2020-10-29,304.34393310546875,329.98001098632812,333.39999389648438,325.08999633789062,326.91000366210938,90597700
2020-10-30,301.17111206054688,326.54000854492188,329.69000244140625,322.60000610351562,328.27999877929688,120287300
2020-11-02,304.546875,330.20001220703125,332.3599853515625,327.239990234375,330.20001220703125,86068300
2020-11-03,309.92385864257812,336.02999877929688,338.25,330.29000854492188,333.69000244140625,93294200
2020-11-04,316.85049438476562,343.54000854492188,347.94000244140625,339.58999633789062,340.8599853515625,126959700
2020-11-05,323.0299072265625,350.239990234375,352.19000244140625,348.8599853515625,349.239990234375,82039700
2020-11-06,322.95614624023438,350.16000366210938,351.510009765625,347.64999389648438,349.92999267578125,74973000
2020-11-09,327.01437377929688,354.55999755859375,364.3800048828125,354.05999755859375,363.97000122070312,172304200
2020-11-10,326.53472900390625,354.04000854492188,355.17999267578125,350.510009765625,353.489990234375,85552000
2020-11-11,328.96047973632812,356.67001342773438,357.55999755859375,355.05999755859375,356.39999389648438,58649000
2020-11-12,325.7691650390625,353.20999145507812,356.72000122070312,351.260009765625,355.57998657226562,67546200
2020-11-13,330.27932739257812,358.10000610351562,358.89999389648438,354.70999145507812,355.26998901367188,62892200
2020-11-16,334.40203857421875,362.57000732421875,362.77999877929688,359.58999633789062,360.98001098632812,74541100
2020-11-17,332.60360717773438,360.6199951171875,361.92001342773438,358.33999633789062,359.97000122070312,66111000
2020-11-18,328.6007080078125,356.27999877929688,361.5,356.239990234375,360.91000366210938,70591300
2020-11-19,329.98422241210938,357.77999877929688,358.17999267578125,354.14999389648438,355.60000610351562,59940900
2020-11-20,327.7244873046875,355.32998657226562,357.72000122070312,355.25,357.5,70417300
2020-11-23,329.68899536132812,357.45999145507812,358.82000732421875,354.8699951171875,357.27999877929688,63230600
2020-11-24,335.00149536132812,363.22000122070312,363.80999755859375,359.29000854492188,360.20999145507812,62415900
2020-11-25,334.48504638671875,362.66000366210938,363.16000366210938,361.48001098632812,363.1300048828125,45330900
2020-11-27,335.41659545898438,363.67001342773438,364.17999267578125,362.57998657226562,363.83999633789062,28514100
2020-11-30,333.931640625,362.05999755859375,363.1199951171875,359.17001342773438,362.82998657226562,83872700
2020-12-01,337.58395385742188,366.01998901367188,367.67999267578125,364.92999267578125,365.57000732421875,74231400
2020-12-02,338.29421997070312,366.79000854492188,366.95999145507812,364.20001220703125,364.82000732421875,45927000
2020-12-03,338.201904296875,366.69000244140625,368.19000244140625,365.5,366.67999267578125,62882000
2020-12-04,341.11639404296875,369.85000610351562,369.85000610351562,367.22000122070312,367.32000732421875,50749900
2020-12-07,340.41543579101562,369.08999633789062,369.6199951171875,367.72000122070312,369.01998901367188,48944300
2020-12-08,341.41156005859375,370.17001342773438,370.77999877929688,367.67001342773438,367.72000122070312,42458900
2020-12-09,338.3494873046875,366.85000610351562,371.04998779296875,365.95001220703125,370.8800048828125,74098300
2020-12-10,338.23886108398438,366.73001098632812,367.8599853515625,364.42999267578125,365.3699951171875,57735400
2020-12-11,337.84225463867188,366.29998779296875,366.739990234375,363.260009765625,364.89999389648438,57698600
2020-12-14,336.32962036132812,364.66000366210938,369.79998779296875,364.47000122070312,368.6400146484375,69216200
2020-12-15,340.87664794921875,369.58999633789062,369.58999633789062,365.92001342773438,367.39999389648438,63865300
2020-12-16,341.41156005859375,370.17001342773438,371.16000366210938,368.8699951171875,369.82000732421875,58420500
2020-12-17,343.32083129882812,372.239990234375,372.45999145507812,371.04998779296875,371.94000244140625,64119500
2020-12-18,341.9498291015625,369.17999267578125,371.14999389648438,367.01998901367188,370.97000122070312,136542300
2020-12-21,340.72726440429688,367.8599853515625,378.45999145507812,362.02999877929688,364.97000122070312,96386700
2020-12-22,340.15304565429688,367.239990234375,368.32998657226562,366.02999877929688,368.20999145507812,47949000
2020-12-23,340.4586181640625,367.57000732421875,369.6199951171875,367.22000122070312,368.27999877929688,46201400
2020-12-24,341.78326416015625,369,369.02999877929688,367.45001220703125,368.07998657226562,26457900
2020-12-28,344.7193603515625,372.17001342773438,372.58999633789062,371.07000732421875,371.739990234375,39000400
2020-12-29,344.06173706054688,371.45999145507812,374,370.82998657226562,373.80999755859375,53680500
2020-12-30,344.55270385742188,371.989990234375,373.10000610351562,371.57000732421875,372.33999633789062,49455300
2020-12-31,346.30328369140625,373.8800048828125,374.66000366210938,371.23001098632812,371.77999877929688,78520700
2021-01-04,341.58865356445312,368.79000854492188,375.45001220703125,364.82000732421875,375.30999755859375,110210800
2021-01-05,343.94137573242188,371.32998657226562,372.5,368.04998779296875,368.10000610351562,66426200
2021-01-06,345.99758911132812,373.54998779296875,376.98001098632812,369.1199951171875,369.70999145507812,107997700
2021-01-07,351.13824462890625,379.10000610351562,379.89999389648438,375.91000366210938,376.10000610351562,68766800
2021-01-08,353.13888549804688,381.260009765625,381.489990234375,377.10000610351562,380.58999633789062,71677200
2021-01-11,350.7584228515625,378.69000244140625,380.57998657226562,377.72000122070312,377.85000610351562,51034700
2021-01-12,350.83258056640625,378.76998901367188,379.8599853515625,376.3599853515625,378.8900146484375,52547700
2021-01-13,351.77734375,379.79000854492188,380.8599853515625,377.85000610351562,378.69000244140625,45303600
2021-01-14,350.54541015625,378.45999145507812,381.1300048828125,378.10000610351562,380.58999633789062,49989100
2021-01-15,347.989013671875,375.70001220703125,377.57998657226562,373.70001220703125,376.72000122070312,107160000
2021-01-19,350.721435546875,378.64999389648438,379.23001098632812,376.75,378.33999633789062,51233300
2021-01-20,355.574951171875,383.8900146484375,384.79000854492188,380.69000244140625,381.1099853515625,61836100
2021-01-21,355.89910888671875,384.239990234375,384.95001220703125,383.25,384.489990234375,47840100
2021-01-22,354.63943481445312,382.8800048828125,384.1300048828125,381.83999633789062,382.25,52860500
2021-01-25,356.03814697265625,384.3900146484375,384.76998901367188,378.45999145507812,383.67001342773438,70402000
2021-01-26,355.48239135742188,383.79000854492188,385.85000610351562,383.54000854492188,385.41000366210938,42665300
2021-01-27,346.794189453125,374.41000366210938,380.32000732421875,372.010009765625,380.22000122070312,123351100
2021-01-28,349.77670288085938,377.6300048828125,381.92999267578125,375.8900146484375,376.3599853515625,94198100
2021-01-29,342.7742919921875,370.07000732421875,376.67001342773438,368.26998901367188,375.6300048828125,126765100
2021-02-01,348.47998046875,376.23001098632812,377.33999633789062,370.3800048828125,373.72000122070312,75817600
2021-02-02,353.40753173828125,381.54998779296875,383.22000122070312,376.32000732421875,379.64999389648438,64450700
2021-02-03,353.68545532226562,381.85000610351562,383.70001220703125,380.48001098632812,382.44000244140625,52427100
2021-02-04,357.70526123046875,386.19000244140625,386.239990234375,381.97000122070312,382.95999145507812,47142600
2021-02-05,359.11325073242188,387.70999145507812,388.47000122070312,386.1400146484375,388.20001220703125,48669800
2021-02-08,361.70669555664062,390.510009765625,390.55999755859375,388.35000610351562,389.26998901367188,38365200
2021-02-09,361.46591186523438,390.25,390.8900146484375,389.17001342773438,389.6099853515625,35551100
2021-02-10,361.30831909179688,390.07998657226562,392.27999877929688,387.5,392.1199951171875,59154400
2021-02-11,361.89193725585938,390.70999145507812,391.69000244140625,388.10000610351562,391.239990234375,42913300
2021-02-12,363.6795654296875,392.6400146484375,392.89999389648438,389.76998901367188,389.85000610351562,50593300
2021-02-16,363.3646240234375,392.29998779296875,394.17001342773438,391.52999877929688,393.95999145507812,50972400
2021-02-17,363.44805908203125,392.3900146484375,392.66000366210938,389.32998657226562,390.42001342773438,52290600
2021-02-18,361.90121459960938,390.72000122070312,391.51998901367188,387.739990234375,389.58999633789062,59712800
2021-02-19,361.2620849609375,390.02999877929688,392.3800048828125,389.54998779296875,392.07000732421875,83241000
2021-02-22,358.4833984375,387.02999877929688,389.6199951171875,386.739990234375,387.05999755859375,67414200
2021-02-23,358.918701171875,387.5,388.95001220703125,380.20001220703125,384.66000366210938,107284100
2021-02-24,362.87374877929688,391.76998901367188,392.23001098632812,385.26998901367188,386.32998657226562,72433900
2021-02-25,354.12997436523438,382.32998657226562,391.8800048828125,380.77999877929688,390.41000366210938,146670500
2021-02-26,352.30523681640625,380.3599853515625,385.57998657226562,378.23001098632812,384.35000610351562,152701600
2021-03-01,360.84521484375,389.57998657226562,390.92001342773438,380.57000732421875,385.58999633789062,105348800
2021-03-02,358.029541015625,386.54000854492188,390.07000732421875,386,389.82000732421875,79595300
2021-03-03,353.28713989257812,381.42001342773438,386.82998657226562,381.30999755859375,385.79000854492188,119940200
2021-03-04,348.915283203125,376.70001220703125,384,371.8800048828125,381.22000122070312,183433000
2021-03-05,355.33416748046875,383.6300048828125,384.760009765625,372.6400146484375,380.45999145507812,152039600
2021-03-08,353.56494140625,381.72000122070312,387.67999267578125,381.42001342773438,384.66000366210938,123149200
2021-03-09,358.61300659179688,387.17001342773438,389.91000366210938,385.30999755859375,385.85000610351562,113633600
2021-03-10,360.84521484375,389.57998657226562,391.39999389648438,388.17001342773438,389.69000244140625,109899400
2021-03-11,364.50393676757812,393.52999877929688,395.64999389648438,391.739990234375,392.23001098632812,86245000
2021-03-12,364.9947509765625,394.05999755859375,394.20999145507812,391.20001220703125,392.07000732421875,64653600
2021-03-15,367.17141723632812,396.41000366210938,396.69000244140625,392.02999877929688,394.32998657226562,73427200
2021-03-16,366.7083740234375,395.91000366210938,397.82998657226562,395.07998657226562,397.07000732421875,73722500
2021-03-17,367.9588623046875,397.260009765625,398.1199951171875,393.29998779296875,394.52999877929688,97959300
2021-03-18,362.6051025390625,391.48001098632812,396.72000122070312,390.75,394.48001098632812,115349100
2021-03-19,361.93411254882812,389.48001098632812,391.57000732421875,387.14999389648438,389.8800048828125,113624500
2021-03-22,364.82421875,392.58999633789062,394.07000732421875,389.97000122070312,390.02999877929688,73778600
2021-03-23,361.95278930664062,389.5,393.45999145507812,388.66000366210938,391.91000366210938,90686600
2021-03-24,360.11285400390625,387.51998901367188,392.75,387.47000122070312,391,97588600
2021-03-25,362.13858032226562,389.70001220703125,390.54998779296875,383.89999389648438,385.98001098632812,116128600
2021-03-26,367.97451782226562,395.98001098632812,396.41000366210938,390.29000854492188,390.92999267578125,114409100
2021-03-29,367.7886962890625,395.77999877929688,396.75,392.80999755859375,394.39999389648438,108107600
2021-03-30,366.81289672851562,394.73001098632812,395.45001220703125,393.01998901367188,394.42001342773438,76262200
2021-03-31,368.29977416992188,396.32998657226562,398,395.30999755859375,395.33999633789062,112734200
2021-04-01,372.27703857421875,400.6099853515625,400.67001342773438,398.17999267578125,398.39999389648438,99682900
2021-04-05,377.62030029296875,406.3599853515625,406.94000244140625,403.3800048828125,403.45999145507812,91684800
2021-04-06,377.39727783203125,406.1199951171875,407.239990234375,405.39999389648438,405.760009765625,62021000
2021-04-07,377.83413696289062,406.58999633789062,406.95999145507812,405.45001220703125,405.94000244140625,55836300
2021-04-08,379.6275634765625,408.51998901367188,408.57998657226562,406.92999267578125,407.92999267578125,57863100
2021-04-09,382.3875732421875,411.489990234375,411.67001342773438,408.260009765625,408.3900146484375,61104600
2021-04-12,382.5269775390625,411.6400146484375,411.92999267578125,410.20001220703125,410.85000610351562,56704900
2021-04-13,383.66067504882812,412.8599853515625,413.52999877929688,411.1199951171875,411.52999877929688,56551000
2021-04-14,382.35037231445312,411.45001220703125,413.95999145507812,410.8699951171875,412.82998657226562,61659900
2021-04-15,386.45770263671875,415.8699951171875,416.16000366210938,413.69000244140625,413.739990234375,60229800
2021-04-16,387.7493896484375,417.260009765625,417.91000366210938,415.73001098632812,417.25,82037300
2021-04-19,385.84451293945312,415.20999145507812,416.739990234375,413.79000854492188,416.260009765625,78498500
2021-04-20,383.01943969726562,412.17001342773438,415.08999633789062,410.58999633789062,413.91000366210938,81851800
2021-04-21,386.64364624023438,416.07000732421875,416.29000854492188,411.3599853515625,411.510009765625,66793000
2021-04-22,383.11236572265625,412.26998901367188,416.77999877929688,411.1300048828125,415.8900146484375,97582800
2021-04-23,387.26626586914062,416.739990234375,418.25,412.79000854492188,412.8699951171875,73209200
2021-04-26,388.07470703125,417.6099853515625,418.22000122070312,416.80999755859375,417.44000244140625,52182400
2021-04-27,387.99111938476562,417.51998901367188,418.1400146484375,416.29998779296875,417.92999267578125,51303100
2021-04-28,387.87948608398438,417.39999389648438,419.010009765625,416.89999389648438,417.80999755859375,51238900
2021-04-29,390.3514404296875,420.05999755859375,420.72000122070312,416.44000244140625,420.32000732421875,78544300
2021-04-30,387.78668212890625,417.29998779296875,418.54000854492188,416.33999633789062,417.6300048828125,85527000
2021-05-03,388.623046875,418.20001220703125,419.83999633789062,417.67001342773438,419.42999267578125,68128300
2021-05-04,386.22543334960938,415.6199951171875,416.60000610351562,411.67001342773438,416.07000732421875,101591200
2021-05-05,386.34625244140625,415.75,417.6300048828125,415.14999389648438,417.3800048828125,60162200
2021-05-06,389.43148803710938,419.07000732421875,419.20999145507812,413.67999267578125,415.82998657226562,74321400
2021-05-07,392.2657470703125,422.1199951171875,422.82000732421875,419.16000366210938,419.8900146484375,67733800
2021-05-10,388.38134765625,417.94000244140625,422.739990234375,417.80999755859375,422.5,81852400
2021-05-11,384.9151611328125,414.20999145507812,415.26998901367188,410.05999755859375,413.10000610351562,116888000
2021-05-12,376.737548828125,405.41000366210938,412.58999633789062,404,411.23001098632812,134811000
2021-05-13,381.26315307617188,410.27999877929688,412.35000610351562,407.01998901367188,407.07000732421875,106394000
2021-05-14,387.1175537109375,416.57998657226562,417.489990234375,413.17999267578125,413.20999145507812,82201600
2021-05-17,386.13259887695312,415.51998901367188,416.3900146484375,413.3599853515625,415.3900146484375,65129200
2021-05-18,382.80572509765625,411.94000244140625,416.05999755859375,411.76998901367188,415.79998779296875,59810200
2021-05-19,381.80206298828125,410.8599853515625,411.04998779296875,405.32998657226562,406.92001342773438,106467100
2021-05-20,385.90948486328125,415.27999877929688,416.6300048828125,411.67001342773438,411.79998779296875,78022200
2021-05-21,385.59356689453125,414.94000244140625,418.20001220703125,414.45001220703125,416.8699951171875,76578700
2021-05-24,389.5244140625,419.17001342773438,420.32000732421875,417.07998657226562,417.33999633789062,51376700
2021-05-25,388.66012573242188,418.239990234375,420.70999145507812,417.6199951171875,420.32998657226562,57451400
2021-05-26,389.43148803710938,419.07000732421875,419.6099853515625,417.760009765625,418.8699951171875,43088600
2021-05-27,389.635986328125,419.29000854492188,420.72000122070312,418.989990234375,420.17001342773438,56707700
2021-05-28,390.33285522460938,420.04000854492188,421.25,419.79000854492188,420.97000122070312,58520200
2021-06-01,389.98904418945312,419.67001342773438,422.72000122070312,419.20001220703125,422.57000732421875,54216600
2021-06-02,390.60232543945312,420.32998657226562,421.23001098632812,419.29000854492188,420.3699951171875,49097100
2021-06-03,389.15267944335938,418.76998901367188,419.989990234375,416.27999877929688,417.85000610351562,58138800
2021-06-04,392.71182250976562,422.60000610351562,422.92001342773438,418.83999633789062,420.75,55938800
2021-06-07,392.33078002929688,422.19000244140625,422.77999877929688,421.19000244140625,422.58999633789062,51555000
2021-06-08,392.41439819335938,422.27999877929688,423.20999145507812,420.32000732421875,423.1099853515625,47134300
2021-06-09,391.82891845703125,421.64999389648438,423.260009765625,421.41000366210938,423.17999267578125,48436300
2021-06-10,393.65032958984375,423.6099853515625,424.6300048828125,421.54998779296875,422.95999145507812,51020100
2021-06-11,394.30087280273438,424.30999755859375,424.42999267578125,422.82000732421875,424.20001220703125,45570800
2021-06-14,395.18362426757812,425.260009765625,425.3699951171875,423.10000610351562,424.42999267578125,42358500
2021-06-15,394.45880126953125,424.48001098632812,425.45999145507812,423.54000854492188,425.42001342773438,51508500
2021-06-16,392.25643920898438,422.1099853515625,424.8699951171875,419.92001342773438,424.6300048828125,80386100
2021-06-17,392.12640380859375,421.97000122070312,423.01998901367188,419.32000732421875,421.67001342773438,90949700
2021-06-18,386.83642578125,414.92001342773438,417.82998657226562,414.70001220703125,417.08999633789062,118676300
2021-06-21,392.37435913085938,420.8599853515625,421.05999755859375,415.92999267578125,416.79998779296875,72822000
2021-06-22,394.47207641601562,423.1099853515625,424,420.07998657226562,420.85000610351562,57700300
2021-06-23,393.99664306640625,422.60000610351562,424.04998779296875,422.510009765625,423.19000244140625,49445400
2021-06-24,396.32736206054688,425.10000610351562,425.54998779296875,424.6199951171875,424.8900146484375,45110300
2021-06-25,397.73516845703125,426.6099853515625,427.08999633789062,425.54998779296875,425.89999389648438,58129500
2021-06-28,398.53695678710938,427.47000122070312,427.64999389648438,425.8900146484375,427.17001342773438,53159600
2021-06-29,398.75140380859375,427.70001220703125,428.55999755859375,427.1300048828125,427.8800048828125,35970500
2021-06-30,399.08697509765625,428.05999755859375,428.77999877929688,427.17999267578125,427.20999145507812,64827900
2021-07-01,401.29656982421875,430.42999267578125,430.60000610351562,428.79998779296875,428.8699951171875,53441000
2021-07-02,404.36392211914062,433.72000122070312,434.10000610351562,430.51998901367188,431.67001342773438,57697700
2021-07-06,403.62738037109375,432.92999267578125,434.010009765625,430.010009765625,433.77999877929688,68710400
2021-07-07,405.05386352539062,434.45999145507812,434.760009765625,431.510009765625,433.66000366210938,63549500
2021-07-08,401.75347900390625,430.92001342773438,431.73001098632812,427.51998901367188,428.77999877929688,97595200
2021-07-09,406.04214477539062,435.51998901367188,435.83999633789062,430.70999145507812,432.52999877929688,76238600
2021-07-12,407.49642944335938,437.07998657226562,437.35000610351562,434.97000122070312,435.42999267578125,52889600
2021-07-13,406.10736083984375,435.58999633789062,437.83999633789062,435.30999755859375,436.239990234375,52911300
2021-07-14,406.71340942382812,436.239990234375,437.92001342773438,434.91000366210938,437.39999389648438,64130400
2021-07-15,405.32415771484375,434.75,435.52999877929688,432.72000122070312,434.80999755859375,55126400
2021-07-16,402.14505004882812,431.33999633789062,436.05999755859375,430.92001342773438,436.010009765625,75874700
2021-07-19,396.20620727539062,424.97000122070312,431.41000366210938,421.97000122070312,426.19000244140625,147987000
2021-07-20,401.884033203125,431.05999755859375,432.42001342773438,424.82998657226562,425.67999267578125,99608200
2021-07-21,405.13772583007812,434.54998779296875,434.70001220703125,431.010009765625,432.33999633789062,64724400
2021-07-22,405.98614501953125,435.45999145507812,435.72000122070312,433.69000244140625,434.739990234375,47878500
2021-07-23,410.16287231445312,439.94000244140625,440.29998779296875,436.79000854492188,437.51998901367188,63766600
2021-07-26,411.16976928710938,441.01998901367188,441.02999877929688,439.260009765625,439.30999755859375,43719200
2021-07-27,409.29586791992188,439.010009765625,439.94000244140625,435.989990234375,439.91000366210938,67397100
2021-07-28,409.12802124023438,438.82998657226562,440.29998779296875,437.30999755859375,439.67999267578125,52472400
2021-07-29,410.8248291015625,440.64999389648438,441.79998779296875,439.80999755859375,439.82000732421875,47435300
2021-07-30,408.82977294921875,438.510009765625,440.05999755859375,437.76998901367188,437.91000366210938,68951200
2021-08-02,407.97201538085938,437.58999633789062,440.92999267578125,437.20999145507812,440.33999633789062,58783300
2021-08-03,411.291015625,441.14999389648438,441.27999877929688,436.10000610351562,438.44000244140625,58053900
2021-08-04,409.26785278320312,438.98001098632812,441.1199951171875,438.73001098632812,439.77999877929688,46732200
2021-08-05,411.85977172851562,441.760009765625,441.85000610351562,439.8800048828125,440.22000122070312,38969700
2021-08-06,412.54031372070312,442.489990234375,442.94000244140625,441.79998779296875,442.10000610351562,46930000
2021-08-09,412.20468139648438,442.1300048828125,442.79998779296875,441.30999755859375,442.45999145507812,41222600
2021-08-10,412.71743774414062,442.67999267578125,443.44000244140625,441.8800048828125,442.6099853515625,43339300
2021-08-11,413.7430419921875,443.77999877929688,443.8800048828125,442.6199951171875,443.82000732421875,44034300
2021-08-12,414.98297119140625,445.1099853515625,445.260009765625,442.66000366210938,443.6199951171875,38909400
2021-08-13,415.73822021484375,445.92001342773438,445.94000244140625,445.07000732421875,445.58999633789062,39470300
2021-08-16,416.717041015625,446.97000122070312,447.1099853515625,442.8699951171875,444.52999877929688,73740000
2021-08-17,413.98538208007812,444.04000854492188,444.95999145507812,440.85000610351562,444.239990234375,92673900
2021-08-18,409.45437622070312,439.17999267578125,444.6300048828125,438.92001342773438,442.95999145507812,89351900
2021-08-19,410.08834838867188,439.8599853515625,441.1400146484375,436.1199951171875,436.26998901367188,92812200
2021-08-20,413.3514404296875,443.3599853515625,443.70999145507812,439.70999145507812,440.23001098632812,72008700
2021-08-23,416.987548828125,447.260009765625,448.23001098632812,443.44000244140625,445.16000366210938,54973000
2021-08-24,417.64944458007812,447.97000122070312,448.54000854492188,447.42001342773438,447.97000122070312,38744700
2021-08-25,418.52581787109375,448.91000366210938,449.45999145507812,447.76998901367188,448.17001342773438,40529700
2021-08-26,416.05511474609375,446.260009765625,448.8599853515625,446.16000366210938,448.6099853515625,57829600
2021-08-27,419.775146484375,450.25,450.64999389648438,447.05999755859375,447.1199951171875,77235100
2021-08-30,421.62109375,452.23001098632812,453.07000732421875,450.70999145507812,450.97000122070312,48357400
2021-08-31,420.99639892578125,451.55999755859375,452.489990234375,450.92001342773438,452.1300048828125,59300200
2021-09-01,421.22021484375,451.79998779296875,453.1099853515625,451.54998779296875,452.55999755859375,48721400
2021-09-02,422.51605224609375,453.19000244140625,454.04998779296875,451.91000366210938,453.32000732421875,42501000
2021-09-03,422.41360473632812,453.07998657226562,453.6300048828125,451.54998779296875,451.98001098632812,47170500
2021-09-07,420.90313720703125,451.45999145507812,452.80999755859375,450.739990234375,452.70999145507812,51671500
2021-09-08,420.39041137695312,450.91000366210938,451.67001342773438,448.8599853515625,450.8900146484375,56181900
2021-09-09,418.591064453125,448.98001098632812,452.57000732421875,448.72000122070312,450.70001220703125,57970400
2021-09-10,415.29067993164062,445.44000244140625,451.489990234375,445.30999755859375,451.04000854492188,89948200
2021-09-13,416.35354614257812,446.57998657226562,448.92001342773438,444.1099853515625,448.6400146484375,83738600
2021-09-14,414.10662841796875,444.17001342773438,448.33999633789062,443.22000122070312,448.1199951171875,78197100
2021-09-15,417.56549072265625,447.8800048828125,448.41000366210938,443.44000244140625,444.6199951171875,78792200
2021-09-16,416.90359497070312,447.17001342773438,448.3599853515625,444.01998901367188,447.32000732421875,77786700
2021-09-17,412.84243774414062,441.39999389648438,445.3699951171875,441.01998901367188,444.92001342773438,118425000
2021-09-20,405.9586181640625,434.04000854492188,436.55999755859375,428.8599853515625,434.8800048828125,166445500
2021-09-21,405.57516479492188,433.6300048828125,437.91000366210938,433.07000732421875,436.52999877929688,92526100
2021-09-22,409.531494140625,437.8599853515625,440.02999877929688,433.75,436.04998779296875,102350100
2021-09-23,414.50738525390625,443.17999267578125,444.8900146484375,439.60000610351562,439.85000610351562,76396000
2021-09-24,415.1900634765625,443.91000366210938,444.67001342773438,441.20999145507812,441.44000244140625,62094800
2021-09-27,414.0023193359375,442.6400146484375,444.04998779296875,441.89999389648438,442.80999755859375,61371100
2021-09-28,405.65936279296875,433.72000122070312,440.04000854492188,432.94000244140625,439.69000244140625,130436300
2021-09-29,406.3421630859375,434.45001220703125,437.04000854492188,433.85000610351562,435.19000244140625,82329200
2021-09-30,401.37570190429688,429.1400146484375,436.76998901367188,428.77999877929688,436.01998901367188,140506000
2021-10-01,406.14581298828125,434.239990234375,436.02999877929688,427.23001098632812,430.98001098632812,129240100
2021-10-04,400.90814208984375,428.6400146484375,433.95999145507812,426.3599853515625,433,128570000
2021-10-05,405.0794677734375,433.10000610351562,435.489990234375,429.3900146484375,430.239990234375,90682500
2021-10-06,406.7630615234375,434.89999389648438,435.1199951171875,427.54000854492188,429.26998901367188,113032200
2021-10-07,410.27978515625,438.66000366210938,441.67999267578125,438.20001220703125,438.3900146484375,72437500
2021-10-08,409.531494140625,437.8599853515625,439.8900146484375,437.19000244140625,439.48001098632812,74557400
2021-10-11,406.56668090820312,434.69000244140625,440.260009765625,434.6199951171875,437.16000366210938,65233300
2021-10-12,405.56582641601562,433.6199951171875,436.10000610351562,432.77999877929688,435.67001342773438,71181200
2021-10-13,407.02487182617188,435.17999267578125,436.04998779296875,431.54000854492188,434.70999145507812,72974000
2021-10-14,413.87130737304688,442.5,442.66000366210938,438.57998657226562,439.07998657226562,70236800
2021-10-15,417.02328491210938,445.8699951171875,446.260009765625,444.08999633789062,444.75,66260200
2021-10-18,418.25787353515625,447.19000244140625,447.54998779296875,443.26998901367188,443.97000122070312,62213200
2021-10-19,421.4847412109375,450.6400146484375,450.70999145507812,448.26998901367188,448.92001342773438,46996800
2021-10-20,423.1402587890625,452.41000366210938,452.73001098632812,451.010009765625,451.1300048828125,49571600
2021-10-21,424.24380493164062,453.58999633789062,453.82998657226562,451.30999755859375,451.76998901367188,41305400
2021-10-22,423.80419921875,453.1199951171875,454.67001342773438,451.04998779296875,453.1300048828125,58845100
2021-10-25,426.07705688476562,455.54998779296875,455.89999389648438,452.3900146484375,454.27999877929688,45214500
2021-10-26,426.46047973632812,455.95999145507812,458.489990234375,455.55999755859375,457.20001220703125,56075100
2021-10-27,424.57113647460938,453.94000244140625,457.16000366210938,453.8599853515625,456.45001220703125,72438000
2021-10-28,428.6678466796875,458.32000732421875,458.39999389648438,455.45001220703125,455.45999145507812,51437900
2021-10-29,429.53756713867188,459.25,459.55999755859375,455.55999755859375,455.8699951171875,70162400
2021-11-01,430.276611328125,460.04000854492188,460.70001220703125,458.20001220703125,460.29998779296875,48433600
2021-11-02,432.01620483398438,461.89999389648438,462.23001098632812,460.07998657226562,460.22000122070312,48908400
2021-11-03,434.65380859375,464.72000122070312,465.14999389648438,460.82998657226562,461.29998779296875,52509800
2021-11-04,436.70208740234375,466.91000366210938,467,464.989990234375,465.3599853515625,52847100
2021-11-05,438.21722412109375,468.52999877929688,470.64999389648438,466.92001342773438,469.27999877929688,66390600
2021-11-08,438.5914306640625,468.92999267578125,470.23001098632812,468.20001220703125,469.70001220703125,50405200
2021-11-09,437.14169311523438,467.3800048828125,469.57000732421875,465.8800048828125,469.32000732421875,51149100
2021-11-10,433.62493896484375,463.6199951171875,467.3800048828125,462.04000854492188,465.57998657226562,69429700
2021-11-11,433.76516723632812,463.76998901367188,465.29000854492188,463.75,465.20999145507812,34848500
2021-11-12,437.03878784179688,467.26998901367188,467.8599853515625,464.1099853515625,465.1199951171875,53466700
2021-11-15,437.18838500976562,467.42999267578125,468.80999755859375,466.23001098632812,468.6400146484375,46980500
2021-11-16,438.918701171875,469.27999877929688,470.489990234375,467.07000732421875,467.14999389648438,48857500
2021-11-17,437.85244750976562,468.1400146484375,469.19000244140625,467.48001098632812,469,47858300
2021-11-18,439.33963012695312,469.73001098632812,470.010009765625,466.33999633789062,469.239990234375,50625600
2021-11-19,438.553955078125,468.8900146484375,470.94000244140625,468.5,469.6099853515625,57315600
2021-11-22,437.31939697265625,467.57000732421875,473.54000854492188,467.35000610351562,470.8900146484375,72762000
2021-11-23,437.89932250976562,468.19000244140625,469.10000610351562,464.45001220703125,467.22000122070312,73206500
2021-11-24,439.068359375,469.44000244140625,469.57000732421875,465.19000244140625,466.05999755859375,61858800
2021-11-26,429.27572631835938,458.97000122070312,463.89999389648438,457.76998901367188,462.33999633789062,112669600
2021-11-29,434.54150390625,464.60000610351562,466.55999755859375,461.73001098632812,464.07000732421875,86268800
2021-11-30,426.08636474609375,455.55999755859375,464.02999877929688,455.29998779296875,462,148559600
2021-12-01,421.35366821289062,450.5,464.67001342773438,450.29000854492188,461.6400146484375,131939200
2021-12-02,427.8072509765625,457.39999389648438,459.07000732421875,450.30999755859375,450.73001098632812,127637800
2021-12-03,424.0848388671875,453.42001342773438,460.29998779296875,448.92001342773438,459.17001342773438,137331600
2021-12-06,429.10739135742188,458.79000854492188,460.79000854492188,453.55999755859375,456.1300048828125,98977500
2021-12-07,437.98345947265625,468.27999877929688,468.8800048828125,458.64999389648438,464.41000366210938,95484700
2021-12-08,439.1431884765625,469.51998901367188,470,466.82998657226562,468.70001220703125,72238800
2021-12-09,436.1783447265625,466.35000610351562,469.6300048828125,466.1400146484375,468.14999389648438,61272600
2021-12-10,440.28424072265625,470.739990234375,470.89999389648438,466.510009765625,469.23001098632812,77159800
2021-12-13,436.38412475585938,466.57000732421875,470.55999755859375,466.26998901367188,470.19000244140625,87724700
2021-12-14,433.3817138671875,463.3599853515625,465.739990234375,460.25,463.08999633789062,97264100
2021-12-15,440.1533203125,470.60000610351562,470.8599853515625,460.739990234375,463.42001342773438,116899300
2021-12-16,436.27182006835938,466.45001220703125,472.8699951171875,464.79998779296875,472.57000732421875,116568600
2021-12-17,431.62863159179688,459.8699951171875,464.739990234375,458.05999755859375,461.54998779296875,135511600
2021-12-20,427.03887939453125,454.98001098632812,455.39999389648438,451.1400146484375,454.48001098632812,107134800
2021-12-21,434.62271118164062,463.05999755859375,463.20999145507812,456.30999755859375,458.6099853515625,69806300
2021-12-22,438.96841430664062,467.69000244140625,467.80999755859375,462.57998657226562,462.79000854492188,58890200
2021-12-23,441.69967651367188,470.60000610351562,472.19000244140625,468.6400146484375,468.75,56439700
2021-12-27,447.95062255859375,477.260009765625,477.30999755859375,472.010009765625,472.05999755859375,56808600
2021-12-28,447.58456420898438,476.8699951171875,478.80999755859375,476.05999755859375,477.72000122070312,47274600
2021-12-29,448.15713500976562,477.48001098632812,478.55999755859375,475.92001342773438,476.98001098632812,54503000
2021-12-30,446.91824340820312,476.16000366210938,479,475.67001342773438,477.92999267578125,55329000
2021-12-31,445.7918701171875,474.95999145507812,476.8599853515625,474.67001342773438,475.6400146484375,65237400
2022-01-03,448.37301635742188,477.70999145507812,477.85000610351562,473.85000610351562,476.29998779296875,72668200
2022-01-04,448.222900390625,477.54998779296875,479.98001098632812,475.57998657226562,479.22000122070312,71178700
2022-01-05,439.6160888671875,468.3800048828125,477.98001098632812,468.27999877929688,477.16000366210938,104538900
2022-01-06,439.20306396484375,467.94000244140625,470.82000732421875,465.42999267578125,467.8900146484375,86858900
2022-01-07,437.46664428710938,466.08999633789062,469.20001220703125,464.64999389648438,467.95001220703125,85111600
2022-01-10,436.92227172851562,465.510009765625,465.739990234375,456.60000610351562,462.70001220703125,119362000
2022-01-11,440.90182495117188,469.75,469.85000610351562,462.04998779296875,465.23001098632812,74303100
2022-01-12,442.09393310546875,471.01998901367188,473.20001220703125,468.94000244140625,471.58999633789062,67605400
2022-01-13,436.00247192382812,464.52999877929688,472.8800048828125,463.44000244140625,472.19000244140625,91173100
2022-01-14,436.1807861328125,464.72000122070312,465.08999633789062,459.89999389648438,461.19000244140625,95890900
2022-01-18,428.45620727539062,456.489990234375,459.95999145507812,455.30999755859375,459.739990234375,109709100
2022-01-19,424.00726318359375,451.75,459.6099853515625,451.45999145507812,458.1300048828125,109357600
2022-01-20,419.31439208984375,446.75,458.739990234375,444.5,453.75,122379700
2022-01-21,411.08294677734375,437.98001098632812,448.05999755859375,437.95001220703125,445.55999755859375,202271200
2022-01-24,412.82879638671875,439.83999633789062,440.3800048828125,420.760009765625,432.02999877929688,251783900
2022-01-25,407.78854370117188,434.47000122070312,439.72000122070312,427.14999389648438,433.05999755859375,167997300
2022-01-26,406.76544189453125,433.3800048828125,444.04000854492188,428.8599853515625,440.72000122070312,186391100
2022-01-27,404.7568359375,431.239990234375,441.58999633789062,429.45001220703125,438.260009765625,149878300
2022-01-28,414.80917358398438,441.95001220703125,442,427.82000732421875,432.67999267578125,164457400
2022-01-31,422.2802734375,449.91000366210938,450.27999877929688,439.80999755859375,441.239990234375,152251400
2022-02-01,425.1336669921875,452.95001220703125,453.6300048828125,446.94000244140625,450.67999267578125,123155400
2022-02-02,429.26339721679688,457.35000610351562,458.1199951171875,453.04998779296875,455.5,117361000
2022-02-03,419.173583984375,446.60000610351562,452.97000122070312,445.70999145507812,450.95001220703125,118024400
2022-02-04,421.14468383789062,448.70001220703125,452.77999877929688,443.82998657226562,446.35000610351562,118454400
2022-02-07,419.7930908203125,447.260009765625,450.989990234375,445.85000610351562,449.510009765625,84472900
2022-02-08,423.24710083007812,450.94000244140625,451.92001342773438,445.22000122070312,446.73001098632812,81012000
2022-02-09,429.44168090820312,457.54000854492188,457.8800048828125,455.010009765625,455.22000122070312,92589900
2022-02-10,421.72653198242188,449.32000732421875,457.70999145507812,447.20001220703125,451.33999633789062,140103700
2022-02-11,413.41064453125,440.45999145507812,451.6099853515625,438.94000244140625,449.41000366210938,153214600
2022-02-14,412.05905151367188,439.01998901367188,441.60000610351562,435.33999633789062,439.92001342773438,123006300
2022-02-15,418.70425415039062,446.10000610351562,446.27999877929688,443.17999267578125,443.73001098632812,88482700
2022-02-16,419.173583984375,446.60000610351562,448.05999755859375,441.94000244140625,443.92999267578125,84863600
2022-02-17,410.21945190429688,437.05999755859375,446.57000732421875,436.42001342773438,443.22000122070312,102259100
2022-02-18,407.56326293945312,434.23001098632812,438.66000366210938,431.82000732421875,437.32998657226562,132642900
2022-02-22,403.18942260742188,429.57000732421875,435.5,425.8599853515625,431.8900146484375,124391800
2022-02-23,396.037353515625,421.95001220703125,433.260009765625,421.35000610351562,432.66000366210938,132578000
2022-02-24,401.997314453125,428.29998779296875,428.760009765625,410.6400146484375,411.01998901367188,213942900
2022-02-25,410.8670654296875,437.75,437.83999633789062,427.8599853515625,429.6099853515625,121804500
2022-02-28,409.81594848632812,436.6300048828125,438.20001220703125,430.70001220703125,432.02999877929688,145615000
2022-03-01,403.57424926757812,429.98001098632812,437.17001342773438,427.1099853515625,435.04000854492188,137785900
2022-03-02,410.99850463867188,437.8900146484375,439.72000122070312,431.57000732421875,432.3699951171875,117726500
2022-03-03,408.95236206054688,435.70999145507812,441.1099853515625,433.79998779296875,440.47000122070312,105501700
2022-03-04,405.6297607421875,432.17001342773438,433.3699951171875,427.8800048828125,431.75,113978200
2022-03-07,393.672119140625,419.42999267578125,432.29998779296875,419.3599853515625,431.54998779296875,137896600
2022-03-08,390.6873779296875,416.25,427.20999145507812,415.1199951171875,419.6199951171875,164772700
2022-03-09,401.16213989257812,427.41000366210938,429.510009765625,422.82000732421875,425.1400146484375,116990800
2022-03-10,399.3505859375,425.48001098632812,426.42999267578125,420.44000244140625,422.51998901367188,93972700
2022-03-11,394.27279663085938,420.07000732421875,428.76998901367188,419.52999877929688,428.1199951171875,95636300
2022-03-14,391.39132690429688,417,424.54998779296875,415.79000854492188,420.8900146484375,95729200
2022-03-15,399.99822998046875,426.17001342773438,426.83999633789062,418.42001342773438,419.76998901367188,106219100
2022-03-16,408.86785888671875,435.6199951171875,435.67999267578125,424.79998779296875,429.8900146484375,144954800
2022-03-17,413.98312377929688,441.07000732421875,441.07000732421875,433.19000244140625,433.58999633789062,102676900
2022-03-18,418.51739501953125,444.51998901367188,444.8599853515625,437.22000122070312,438,106345500
2022-03-21,418.39505004882812,444.3900146484375,446.45999145507812,440.67999267578125,444.33999633789062,88349800
2022-03-22,423.29086303710938,449.58999633789062,450.57998657226562,445.8599853515625,445.8599853515625,74650400
2022-03-23,417.83953857421875,443.79998779296875,448.489990234375,443.70999145507812,446.91000366210938,79426100
2022-03-24,424.13821411132812,450.489990234375,450.5,444.760009765625,445.94000244140625,64736900
2022-03-25,426.20962524414062,452.69000244140625,452.98001098632812,448.42999267578125,451.16000366210938,77101300
2022-03-28,429.2412109375,455.91000366210938,455.91000366210938,450.05999755859375,452.05999755859375,68529800
2022-03-29,434.55126953125,461.54998779296875,462.07000732421875,457.17999267578125,460.01998901367188,86581500
2022-03-30,431.86795043945312,458.70001220703125,461.20001220703125,456.47000122070312,460.33999633789062,79666900
2022-03-31,425.22100830078125,451.6400146484375,458.760009765625,451.16000366210938,457.8900146484375,121699900
2022-04-01,426.42605590820312,452.92001342773438,453.45999145507812,449.1400146484375,453.30999755859375,89048800
2022-04-04,430.0791015625,456.79998779296875,456.91000366210938,452.260009765625,453.1300048828125,59601000
2022-04-05,424.64666748046875,451.02999877929688,457.82998657226562,449.82000732421875,455.22000122070312,74214500
2022-04-06,420.40045166015625,446.51998901367188,448.92999267578125,443.47000122070312,446.8900146484375,106898000
2022-04-07,422.51882934570312,448.76998901367188,450.69000244140625,443.52999877929688,445.58999633789062,78097200
2022-04-08,421.38900756835938,447.57000732421875,450.6300048828125,445.94000244140625,447.97000122070312,79272700
2022-04-11,414.1865234375,439.92001342773438,445,439.3900146484375,444.1099853515625,89770500
2022-04-12,412.65188598632812,438.29000854492188,445.75,436.64999389648438,443.07998657226562,84363600
2022-04-13,417.37820434570312,443.30999755859375,444.1099853515625,437.83999633789062,438.02999877929688,74070400
2022-04-14,412.18118286132812,437.79000854492188,444.73001098632812,437.67999267578125,443.54998779296875,97869500
2022-04-18,412.35055541992188,437.97000122070312,439.75,435.6099853515625,436.80999755859375,66002500
2022-04-19,419.00704956054688,445.04000854492188,445.79998779296875,437.67999267578125,437.8599853515625,77821000
2022-04-20,418.69638061523438,444.70999145507812,447.57000732421875,443.48001098632812,446.92001342773438,65224400
2022-04-21,412.43533325195312,438.05999755859375,450.010009765625,437.10000610351562,448.54000854492188,85417300
2022-04-22,401.11846923828125,426.04000854492188,438.07998657226562,425.44000244140625,436.91000366210938,132471800
2022-04-25,403.44400024414062,428.510009765625,428.69000244140625,418.83999633789062,423.67001342773438,119647700
2022-04-26,391.75991821289062,416.10000610351562,426.04000854492188,416.07000732421875,425.82998657226562,103996300
2022-04-27,392.86148071289062,417.26998901367188,422.92001342773438,415.010009765625,417.239990234375,122030000
2022-04-28,402.78497314453125,427.80999755859375,429.6400146484375,417.60000610351562,422.29000854492188,105449100
2022-04-29,387.89974975585938,412,425.8699951171875,411.20999145507812,423.58999633789062,145491100
2022-05-02,390.2347412109375,414.48001098632812,415.92001342773438,405.01998901367188,412.07000732421875,158312500
2022-05-03,392.02359008789062,416.3800048828125,418.92999267578125,413.3599853515625,415.010009765625,100028200
2022-05-04,403.96176147460938,429.05999755859375,429.66000366210938,413.70999145507812,417.07998657226562,144247900
2022-05-05,389.60385131835938,413.80999755859375,425,409.44000244140625,424.54998779296875,172929100
2022-05-06,387.2783203125,411.33999633789062,414.79998779296875,405.73001098632812,411.10000610351562,151770800
2022-05-09,374.87872314453125,398.17001342773438,406.41000366210938,396.5,405.10000610351562,155586100
2022-05-10,375.74496459960938,399.08999633789062,406.07998657226562,394.82000732421875,404.489990234375,132497200
2022-05-11,369.77584838867188,392.75,404.04000854492188,391.95999145507812,398.07000732421875,142361000
2022-05-12,369.38980102539062,392.33999633789062,395.79998779296875,385.14999389648438,389.3699951171875,125090800
2022-05-13,378.22100830078125,401.72000122070312,403.17999267578125,395.6099853515625,396.70999145507812,104174400
2022-05-16,376.68643188476562,400.08999633789062,403.97000122070312,397.60000610351562,399.98001098632812,78622400
2022-05-17,384.43508911132812,408.32000732421875,408.57000732421875,402.57998657226562,406.52999877929688,83029700
2022-05-18,368.93783569335938,391.8599853515625,403.79998779296875,390.54998779296875,403.5,117674500
2022-05-19,366.67828369140625,389.45999145507812,394.1400146484375,387.1099853515625,388.6199951171875,98510700
2022-05-20,366.83822631835938,389.6300048828125,397.02999877929688,380.54000854492188,393.25,131432200
2022-05-23,373.701904296875,396.92001342773438,397.73001098632812,390.3800048828125,392.82998657226562,76414900
2022-05-24,370.84915161132812,393.8900146484375,395.14999389648438,386.95999145507812,392.55999755859375,91448800
2022-05-25,374.12548828125,397.3699951171875,399.45001220703125,391.8900146484375,392.30999755859375,91472900
2022-05-26,381.60104370117188,405.30999755859375,407.04000854492188,398.45001220703125,398.67001342773438,82168300
2022-05-27,390.96908569335938,415.260009765625,415.3800048828125,407.70001220703125,407.91000366210938,84768700
2022-05-31,388.77529907226562,412.92999267578125,416.45999145507812,410.02999877929688,413.54998779296875,95937000
2022-06-01,385.6307373046875,409.58999633789062,416.239990234375,406.92999267578125,415.17001342773438,86585800
2022-06-02,392.97445678710938,417.3900146484375,417.44000244140625,407.04000854492188,409.42001342773438,79609600
2022-06-03,386.52517700195312,410.54000854492188,414.04000854492188,409.510009765625,412.39999389648438,71874300
2022-06-06,387.70205688476562,411.79000854492188,416.6099853515625,410.54998779296875,414.77999877929688,57508900
2022-06-07,391.42092895507812,415.739990234375,416.22000122070312,407.6099853515625,408.10000610351562,59272400
2022-06-08,387.16534423828125,411.22000122070312,415.82000732421875,410.3800048828125,413.92999267578125,64350000
2022-06-09,377.95742797851562,401.44000244140625,411.739990234375,401.44000244140625,409.33999633789062,86289800
2022-06-10,366.99835205078125,389.79998779296875,395.77999877929688,389.75,394.8800048828125,132893900
2022-06-13,353.0640869140625,375,381.80999755859375,373.29998779296875,379.85000610351562,170004900
2022-06-14,352.00015258789062,373.8699951171875,377.94000244140625,370.58999633789062,376.85000610351562,104011800
2022-06-15,357.0184326171875,379.20001220703125,383.89999389648438,372.1199951171875,377.3599853515625,125666800
2022-06-16,345.2025146484375,366.64999389648438,370.94000244140625,364.07998657226562,370.510009765625,134473300
2022-06-17,345.9466552734375,365.8599853515625,369.3800048828125,362.17001342773438,365.510009765625,111113900
2022-06-21,354.6553955078125,375.07000732421875,376.52999877929688,371.80999755859375,371.8900146484375,76811900
2022-06-22,354.01239013671875,374.3900146484375,378.72000122070312,370.17999267578125,370.6199951171875,90059400
2022-06-23,357.48260498046875,378.05999755859375,378.82998657226562,372.8900146484375,376.6400146484375,79292100
2022-06-24,368.84848022460938,390.07998657226562,390.08999633789062,381.3699951171875,381.39999389648438,98050300
2022-06-27,367.43954467773438,388.58999633789062,391.3599853515625,387.44000244140625,391.04998779296875,66009600
2022-06-28,359.93170166015625,380.64999389648438,393.16000366210938,380.52999877929688,390.23001098632812,86548900
2022-06-29,359.63851928710938,380.33999633789062,382.26998901367188,378.42001342773438,381.23001098632812,65676000
2022-06-30,356.71673583984375,377.25,380.66000366210938,372.55999755859375,376.239990234375,112508300
2022-07-01,360.4896240234375,381.239990234375,381.70001220703125,373.79998779296875,376.55999755859375,74839700
2022-07-05,361.17037963867188,381.95999145507812,381.98001098632812,372.89999389648438,375.8800048828125,81438000
2022-07-06,362.39016723632812,383.25,385.8699951171875,379.60000610351562,382.1099853515625,70426200
2022-07-07,367.81777954101562,388.989990234375,389.82998657226562,383.26998901367188,385.1199951171875,64525900
2022-07-08,367.51522827148438,388.67001342773438,390.6400146484375,385.66000366210938,387.26998901367188,72397800
2022-07-11,363.31683349609375,384.23001098632812,386.8699951171875,383.5,385.85000610351562,58366900
2022-07-12,360.1019287109375,380.82998657226562,386.16000366210938,378.989990234375,383.64999389648438,62219200
2022-07-13,358.21075439453125,378.82998657226562,381.92001342773438,374.66000366210938,375.10000610351562,84224600
2022-07-14,357.34085083007812,377.91000366210938,379.04998779296875,371.04000854492188,373.6099853515625,89704800
2022-07-15,364.16787719726562,385.1300048828125,385.25,380.54000854492188,382.54998779296875,79060400
2022-07-18,361.16094970703125,381.95001220703125,389.08999633789062,380.66000366210938,388.3800048828125,63203600
2022-07-19,370.91921997070312,392.26998901367188,392.8699951171875,385.3900146484375,386.07998657226562,78506000
2022-07-20,373.28314208984375,394.76998901367188,396.260009765625,391.02999877929688,392.47000122070312,71843800
2022-07-21,377.08441162109375,398.79000854492188,398.83999633789062,391.6300048828125,394.16000366210938,64903900
2022-07-22,373.585693359375,395.08999633789062,400.17999267578125,392.75,398.92001342773438,72197300
2022-07-25,374.0396728515625,395.57000732421875,396.47000122070312,393.20999145507812,395.75,53631500
2022-07-26,369.61434936523438,390.8900146484375,394.05999755859375,389.95001220703125,393.83999633789062,52946400
2022-07-27,379.21188354492188,401.04000854492188,402.8800048828125,394.04998779296875,394.3599853515625,82342100
2022-07-28,383.96807861328125,406.07000732421875,406.79998779296875,398.14999389648438,401.8900146484375,73966600
2022-07-29,389.56582641601562,411.989990234375,413.02999877929688,406.76998901367188,407.57998657226562,87003700
2022-08-01,388.41226196289062,410.76998901367188,413.41000366210938,408.39999389648438,409.14999389648438,69997500
2022-08-02,385.84979248046875,408.05999755859375,413,406.82000732421875,409.1199951171875,63435400
2022-08-03,391.8919677734375,414.45001220703125,415.67999267578125,410,410.29998779296875,67820600
2022-08-04,391.62722778320312,414.17001342773438,415.08999633789062,412.44000244140625,414.3699951171875,45656600
2022-08-05,390.96530151367188,413.47000122070312,414.14999389648438,409.60000610351562,409.66000366210938,56814900
2022-08-08,390.51144409179688,412.989990234375,417.6199951171875,411.82998657226562,415.25,53886100
2022-08-09,388.96075439453125,411.35000610351562,412.75,410.22000122070312,412.22000122070312,44931800
2022-08-10,397.13046264648438,419.989990234375,420.1400146484375,416.72000122070312,418.77999877929688,68665700
2022-08-11,397.13046264648438,419.989990234375,424.95001220703125,419.20999145507812,422.989990234375,59489700
2022-08-12,403.853515625,427.10000610351562,427.20999145507812,421.02999877929688,422.02999877929688,61694500
2022-08-15,405.51763916015625,428.8599853515625,429.41000366210938,424.70999145507812,424.76998901367188,54048300
2022-08-16,406.31195068359375,429.70001220703125,431.73001098632812,426.8800048828125,427.73001098632812,59289000
2022-08-17,403.42791748046875,426.64999389648438,429.5,424.54000854492188,425.91000366210938,63563400
2022-08-18,404.60055541992188,427.8900146484375,428.6099853515625,425.5,426.8599853515625,49023200
2022-08-19,399.1634521484375,422.1400146484375,425.260009765625,421.22000122070312,424.98001098632812,68016900
2022-08-22,390.85189819335938,413.35000610351562,417.23001098632812,412.39999389648438,417.04998779296875,77695600
2022-08-23,389.90621948242188,412.35000610351562,415.42001342773438,411.76998901367188,412.89999389648438,49105200
2022-08-24,391.15447998046875,413.67001342773438,415.1099853515625,411.3900146484375,412.1099853515625,49177800
2022-08-25,396.67657470703125,419.510009765625,419.55999755859375,414.08999633789062,415.239990234375,50942300
2022-08-26,383.24945068359375,405.30999755859375,419.95999145507812,405.25,419.3900146484375,103087000
2022-08-29,380.71536254882812,402.6300048828125,405.83999633789062,401.20001220703125,402.20001220703125,65370800
2022-08-30,376.53585815429688,398.20999145507812,404.10000610351562,396,403.85000610351562,85652400
2022-08-31,373.67086791992188,395.17999267578125,401.239990234375,395.04000854492188,399.92999267578125,76029700
2022-09-01,374.84335327148438,396.42001342773438,396.77999877929688,390.04000854492188,392.8900146484375,78740100
2022-09-02,370.89083862304688,392.239990234375,401.55999755859375,390.32998657226562,400.27999877929688,99632100
2022-09-06,369.49142456054688,390.760009765625,394.1199951171875,388.42001342773438,393.1300048828125,76637400
2022-09-07,376.12933349609375,397.77999877929688,398.58999633789062,390.20001220703125,390.42999267578125,70964200
2022-09-08,378.58779907226562,400.3800048828125,400.8599853515625,394.1199951171875,395.3900146484375,80821700
2022-09-09,384.46929931640625,406.60000610351562,407.510009765625,402.45999145507812,402.739990234375,76706900
2022-09-12,388.60140991210938,410.97000122070312,411.73001098632812,408.45999145507812,408.77999877929688,69256300
2022-09-13,371.70404052734375,393.10000610351562,403.10000610351562,391.92001342773438,401.82998657226562,122947100
2022-09-14,373.12240600585938,394.60000610351562,396.20001220703125,391.1199951171875,394.47000122070312,85023700
2022-09-15,368.88626098632812,390.1199951171875,395.95999145507812,388.77999877929688,392.95999145507812,87633800
2022-09-16,366.07208251953125,385.55999755859375,386.25,382.1099853515625,384.1400146484375,103084800
2022-09-19,368.91094970703125,388.54998779296875,388.54998779296875,382.17999267578125,382.260009765625,73278500
2022-09-20,364.67636108398438,384.08999633789062,386.1199951171875,381.20001220703125,385.05999755859375,77274900
2022-09-21,358.31503295898438,377.3900146484375,389.30999755859375,377.3800048828125,386.1099853515625,106746600
2022-09-22,355.30520629882812,374.22000122070312,378.29998779296875,373.44000244140625,376.57998657226562,89472600
2022-09-23,349.35214233398438,367.95001220703125,370.6199951171875,363.29000854492188,370.57998657226562,122346900
2022-09-26,345.8961181640625,364.30999755859375,370.20999145507812,363.02999877929688,366.41000366210938,92581200
2022-09-27,345.01321411132812,363.3800048828125,370.39999389648438,360.8699951171875,368.01998901367188,108294100
2022-09-28,351.8017578125,370.52999877929688,372.29998779296875,362.60000610351562,364.3800048828125,110802200
2022-09-29,344.45303344726562,362.79000854492188,367.1099853515625,359.70001220703125,366.80999755859375,112952300
2022-09-30,339.12655639648438,357.17999267578125,365.91000366210938,357.04000854492188,361.79998779296875,153711200
2022-10-03,348.079833984375,366.6099853515625,368.54998779296875,359.20999145507812,361.07998657226562,89756500
2022-10-04,358.86572265625,377.97000122070312,378,366.57000732421875,372.39999389648438,103602800
2022-10-05,358.03018188476562,377.08999633789062,379.45999145507812,370.95001220703125,373.3900146484375,88065700
2022-10-06,354.3367919921875,373.20001220703125,378.72000122070312,372.67999267578125,375.6199951171875,82333500
2022-10-07,344.45303344726562,362.79000854492188,373.29000854492188,360.94000244140625,368.97000122070312,107789500
2022-10-10,341.82296752929688,360.01998901367188,364.20999145507812,357.67001342773438,363.95999145507812,76042800
2022-10-11,339.65817260742188,357.739990234375,363.02999877929688,355.70999145507812,358.239990234375,92482800
2022-10-12,338.537841796875,356.55999755859375,359.82000732421875,356.29998779296875,358.17001342773438,76991800
2022-10-13,347.47222900390625,365.97000122070312,367.510009765625,348.1099853515625,349.20999145507812,147254500
2022-10-14,339.55377197265625,357.6300048828125,370.260009765625,356.95999145507812,368.54998779296875,123737000
2022-10-17,348.27926635742188,366.82000732421875,367.98001098632812,357.27999877929688,364.010009765625,93168200
2022-10-18,352.37139892578125,371.1300048828125,375.45001220703125,367.51998901367188,375.1300048828125,97162900
2022-10-19,349.87435913085938,368.5,371.85000610351562,365.54998779296875,368.989990234375,79746900
2022-10-20,346.94052124023438,365.41000366210938,372.67001342773438,364.6099853515625,368.02999877929688,88283100
2022-10-21,355.3717041015625,374.29000854492188,374.79998779296875,363.54000854492188,365.1199951171875,131038400
2022-10-24,359.72024536132812,378.8699951171875,380.05999755859375,373.1099853515625,375.8900146484375,85436900
2022-10-25,365.46450805664062,384.92001342773438,385.25,378.67001342773438,378.79000854492188,78846300
2022-10-26,362.71096801757812,382.01998901367188,387.57998657226562,381.35000610351562,381.6199951171875,104087300
2022-10-27,360.77410888671875,379.98001098632812,385,379.32998657226562,383.07000732421875,81971800
2022-10-28,369.35711669921875,389.01998901367188,389.51998901367188,379.67999267578125,379.8699951171875,100302000
2022-10-31,366.68917846679688,386.20999145507812,388.39999389648438,385.260009765625,386.44000244140625,96631300
2022-11-01,365.08462524414062,384.51998901367188,390.3900146484375,383.29000854492188,390.1400146484375,85407600
2022-11-02,355.92236328125,374.8699951171875,388.6300048828125,374.760009765625,383.89999389648438,126990400
2022-11-03,352.25747680664062,371.010009765625,374.20001220703125,368.79000854492188,371.47000122070312,87100100
2022-11-04,357.32766723632812,376.35000610351562,378.8699951171875,370,377,103505200
2022-11-07,360.74563598632812,379.95001220703125,380.57000732421875,375.52999877929688,377.70999145507812,68286900
2022-11-08,362.69195556640625,382,385.1199951171875,377.72000122070312,381.1099853515625,84641100
2022-11-09,355.21978759765625,374.1300048828125,381.1400146484375,373.6099853515625,379.92999267578125,78495500
2022-11-10,374.74057006835938,394.69000244140625,395.04000854492188,385.6400146484375,388.04998779296875,141455800
2022-11-11,378.36749267578125,398.510009765625,399.35000610351562,393.6099853515625,395.58999633789062,93839900
2022-11-14,375.14883422851562,395.1199951171875,400.17999267578125,394.82998657226562,396.66000366210938,71903500
2022-11-15,378.34857177734375,398.489990234375,402.30999755859375,394.489990234375,401.14999389648438,93194500
2022-11-16,375.46218872070312,395.45001220703125,397.77999877929688,394.79000854492188,396.77999877929688,68508500
2022-11-17,374.3133544921875,394.239990234375,394.95001220703125,390.1400146484375,390.45999145507812,74496300
2022-11-18,376.0128173828125,396.02999877929688,397.80999755859375,393.04000854492188,397.739990234375,92922500
2022-11-21,374.64566040039062,394.58999633789062,395.82000732421875,392.66000366210938,394.6400146484375,51243200
2022-11-22,379.68716430664062,399.89999389648438,400.07000732421875,395.14999389648438,396.6300048828125,60429000
2022-11-23,382.07986450195312,402.42001342773438,402.92999267578125,399.30999755859375,399.54998779296875,68261600
2022-11-25,381.99444580078125,402.32998657226562,402.91000366210938,401.54000854492188,401.82998657226562,30545400
2022-11-28,375.89892578125,395.91000366210938,400.80999755859375,395.1099853515625,399.08999633789062,67881600
2022-11-29,375.2532958984375,395.23001098632812,397.29998779296875,393.29998779296875,396.04998779296875,52310000
2022-11-30,387.07400512695312,407.67999267578125,407.67999267578125,393.48001098632812,395.489990234375,144566700
2022-12-01,386.7891845703125,407.3800048828125,410,404.75,408.76998901367188,76398200
2022-12-02,386.3428955078125,406.91000366210938,407.8599853515625,402.1400146484375,402.25,85342700
2022-12-05,379.39285278320312,399.58999633789062,404.92999267578125,398.17001342773438,403.95001220703125,77289800
2022-12-06,373.92401123046875,393.82998657226562,399.989990234375,391.6400146484375,399.42001342773438,77972200
2022-12-07,373.2879638671875,393.16000366210938,395.6400146484375,391.97000122070312,392.94000244140625,65927900
2022-12-08,376.21221923828125,396.239990234375,397.3599853515625,393.26998901367188,395.1400146484375,60737900
2022-12-09,373.40188598632812,393.27999877929688,397.6199951171875,393.14999389648438,394.94000244140625,81447700
2022-12-12,378.7852783203125,398.95001220703125,398.95001220703125,393.41000366210938,394.1099853515625,75405800
2022-12-13,381.65255737304688,401.97000122070312,410.489990234375,399.07000732421875,410.22000122070312,123782500
2022-12-14,379.21255493164062,399.39999389648438,405.5,396.30999755859375,401.6099853515625,108111300
2022-12-15,369.936279296875,389.6300048828125,395.25,387.8900146484375,394.29998779296875,117705900
2022-12-16,365.56884765625,383.26998901367188,386.57998657226562,381.04000854492188,385.17999267578125,119858000
2022-12-19,362.46896362304688,380.01998901367188,383.82000732421875,378.27999877929688,383.47000122070312,79878100
2022-12-20,362.96493530273438,380.54000854492188,382.23001098632812,377.85000610351562,379.23001098632812,74427200
2022-12-21,368.39215087890625,386.23001098632812,387.41000366210938,382.69000244140625,383.25,78167400
2022-12-22,363.13656616210938,380.72000122070312,386.20999145507812,374.76998901367188,383.04998779296875,100120900
2022-12-23,365.22549438476562,382.91000366210938,383.05999755859375,378.02999877929688,379.64999389648438,59857300
2022-12-27,363.78521728515625,381.39999389648438,383.14999389648438,379.64999389648438,382.79000854492188,51638200
2022-12-28,359.26412963867188,376.66000366210938,383.3900146484375,376.42001342773438,381.32998657226562,70911500
2022-12-29,365.73101806640625,383.44000244140625,384.35000610351562,379.07998657226562,379.6300048828125,66970900
2022-12-30,364.76760864257812,382.42999267578125,382.57998657226562,378.42999267578125,380.6400146484375,84022200
2023-01-03,363.23199462890625,380.82000732421875,386.42999267578125,377.82998657226562,384.3699951171875,74850700
2023-01-04,366.03616333007812,383.760009765625,385.8800048828125,380,383.17999267578125,85934100
2023-01-05,361.8585205078125,379.3800048828125,381.83999633789062,378.760009765625,381.72000122070312,76970500
2023-01-06,370.15667724609375,388.07998657226562,389.25,379.41000366210938,382.6099853515625,104189600
2023-01-09,369.94680786132812,387.8599853515625,393.70001220703125,387.67001342773438,390.3699951171875,73978100
2023-01-10,372.54119873046875,390.57998657226562,390.64999389648438,386.26998901367188,387.25,65358100
2023-01-11,377.25314331054688,395.51998901367188,395.60000610351562,391.3800048828125,392.23001098632812,68881100
2023-01-12,378.62655639648438,396.95999145507812,398.489990234375,392.42001342773438,396.67001342773438,90157700
2023-01-13,380.09548950195312,398.5,399.10000610351562,393.33999633789062,393.6199951171875,63903900
2023-01-17,379.399169921875,397.76998901367188,400.23001098632812,397.05999755859375,398.48001098632812,62677300
2023-01-18,373.40914916992188,391.489990234375,400.1199951171875,391.27999877929688,399.010009765625,99632300
2023-01-19,370.6907958984375,388.6400146484375,391.07998657226562,387.260009765625,389.3599853515625,86958900
2023-01-20,377.59646606445312,395.8800048828125,396.04000854492188,388.3800048828125,390.10000610351562,91806400
2023-01-23,382.12710571289062,400.6300048828125,402.64999389648438,395.72000122070312,396.72000122070312,84178800
2023-01-24,381.71697998046875,400.20001220703125,401.14999389648438,397.6400146484375,398.8800048828125,59524900
2023-01-25,381.86004638671875,400.35000610351562,400.70001220703125,393.55999755859375,395.95001220703125,84800300
2023-01-26,386.05682373046875,404.75,404.92001342773438,400.02999877929688,403.1300048828125,72287400
2023-01-27,386.94384765625,405.67999267578125,408.16000366210938,403.44000244140625,403.66000366210938,68346200
2023-01-30,382.08889770507812,400.58999633789062,405.1300048828125,400.27999877929688,402.79998779296875,74202000
2023-01-31,387.70693969726562,406.48001098632812,406.52999877929688,400.76998901367188,401.1300048828125,86811800
2023-02-01,391.82733154296875,410.79998779296875,413.67001342773438,402.35000610351562,405.20999145507812,101459200
2023-02-02,397.53125,416.77999877929688,418.30999755859375,412.8800048828125,414.8599853515625,101654500
2023-02-03,393.30572509765625,412.35000610351562,416.97000122070312,411.08999633789062,411.58999633789062,94736800
2023-02-06,390.90216064453125,409.82998657226562,411.29000854492188,408.10000610351562,409.79000854492188,60295300
2023-02-07,396.01461791992188,415.19000244140625,416.489990234375,407.57000732421875,408.8699951171875,90990700
2023-02-08,391.68429565429688,410.64999389648438,414.52999877929688,409.92999267578125,413.1300048828125,76227500
2023-02-09,388.28866577148438,407.08999633789062,414.57000732421875,405.80999755859375,414.41000366210938,78694900
2023-02-10,389.19491577148438,408.04000854492188,408.44000244140625,405.010009765625,405.8599853515625,70769700
2023-02-13,393.76358032226562,412.82998657226562,412.97000122070312,408.239990234375,408.72000122070312,64913500
2023-02-14,393.5823974609375,412.6400146484375,415.04998779296875,408.510009765625,411.239990234375,88389300
2023-02-15,394.86050415039062,413.98001098632812,414.05999755859375,409.47000122070312,410.35000610351562,61555700
2023-02-16,389.423828125,408.27999877929688,412.91000366210938,408.1400146484375,408.79000854492188,76431500
2023-02-17,388.45086669921875,407.260009765625,407.510009765625,404.04998779296875,406.05999755859375,89257800
2023-02-21,380.65826416015625,399.08999633789062,404.16000366210938,398.82000732421875,403.05999755859375,82655900
2023-02-22,380.13357543945312,398.54000854492188,401.1300048828125,397.01998901367188,399.51998901367188,83742300
2023-02-23,382.15567016601562,400.66000366210938,402.20001220703125,396.25,401.55999755859375,96242400
2023-02-24,378.07333374023438,396.3800048828125,397.25,393.6400146484375,395.42001342773438,108194400
2023-02-27,379.36102294921875,397.73001098632812,401.29000854492188,396.75,399.8699951171875,80444700
2023-02-28,377.95889282226562,396.260009765625,399.27999877929688,396.14999389648438,397.23001098632812,96438600
2023-03-01,376.50912475585938,394.739990234375,396.69000244140625,393.3800048828125,395.41000366210938,99706800
2023-03-02,379.437255859375,397.80999755859375,398.69000244140625,392.32998657226562,392.67999267578125,85127800
2023-03-03,385.52267456054688,404.19000244140625,404.45001220703125,399.02999877929688,399.70999145507812,90120000
2023-03-06,385.78976440429688,404.47000122070312,407.45001220703125,404.010009765625,405.04998779296875,72795900
2023-03-07,379.87606811523438,398.26998901367188,404.67001342773438,397.6300048828125,404.42001342773438,108310600
2023-03-08,380.49612426757812,398.92001342773438,399.70999145507812,396.58999633789062,398.3900146484375,74746600
2023-03-09,373.47598266601562,391.55999755859375,401.48001098632812,390.52999877929688,399.739990234375,111945300
2023-03-10,368.08688354492188,385.91000366210938,393.16000366210938,384.32000732421875,390.989990234375,189253000
2023-03-13,367.562255859375,385.3599853515625,390.3900146484375,380.64999389648438,381.80999755859375,157790000
2023-03-14,373.63809204101562,391.73001098632812,393.45001220703125,387.04998779296875,390.5,149752400
2023-03-15,371.30123901367188,389.27999877929688,389.489990234375,383.70999145507812,385.8900146484375,172996900
2023-03-16,377.81582641601562,396.1099853515625,396.47000122070312,386.29000854492188,386.82000732421875,143254200
2023-03-17,373.39810180664062,389.989990234375,394.39999389648438,388.54998779296875,393.22000122070312,140553400
2023-03-20,376.98855590820312,393.739990234375,394.17001342773438,390.07000732421875,390.79998779296875,93055800
2023-03-21,381.93865966796875,398.91000366210938,399.41000366210938,395.57998657226562,397.239990234375,91524200
2023-03-22,375.42791748046875,392.1099853515625,402.489990234375,392.07000732421875,398.73001098632812,111746600
2023-03-23,376.44281005859375,393.17001342773438,399.29000854492188,390.35000610351562,395.08999633789062,119351300
2023-03-24,378.91311645507812,395.75,395.83999633789062,389.39999389648438,391.83999633789062,107682400
2023-03-27,379.62161254882812,396.489990234375,398.92001342773438,395.55999755859375,398.1199951171875,74010400
2023-03-28,378.76947021484375,395.60000610351562,396.489990234375,393.69000244140625,395.76998901367188,62871700
2023-03-29,384.27484130859375,401.35000610351562,401.60000610351562,398.67999267578125,399.92999267578125,77497900
2023-03-30,386.52487182617188,403.70001220703125,404.35000610351562,401.760009765625,404.08999633789062,69840000
2023-03-31,391.9727783203125,409.3900146484375,409.70001220703125,404.54998779296875,404.66000366210938,112062600
2023-04-03,393.46640014648438,410.95001220703125,411.3699951171875,408.44000244140625,408.85000610351562,67391100
2023-04-04,391.28341674804688,408.67001342773438,411.92001342773438,407.239990234375,411.6199951171875,66601500
2023-04-05,390.25888061523438,407.60000610351562,408.70001220703125,405.8800048828125,407.91000366210938,65200200
2023-04-06,391.78128051757812,409.19000244140625,409.48001098632812,405.67999267578125,406.76998901367188,63743300
2023-04-10,392.18338012695312,409.6099853515625,409.69000244140625,405.97000122070312,406.6099853515625,63681000
2023-04-11,392.28875732421875,409.72000122070312,411.17999267578125,408.92001342773438,410.260009765625,59297900
2023-04-12,390.6898193359375,408.04998779296875,412.17001342773438,407.44000244140625,411.8699951171875,86420400
2023-04-13,395.87918090820312,413.47000122070312,413.83999633789062,407.989990234375,409.17999267578125,85814800
2023-04-14,394.912109375,412.45999145507812,415.08999633789062,410.05999755859375,412.80999755859375,78161500
2023-04-17,396.32916259765625,413.94000244140625,413.95999145507812,411.08999633789062,412.3699951171875,66436400
2023-04-18,396.58770751953125,414.20999145507812,415.72000122070312,412.77999877929688,415.57998657226562,63560000
2023-04-19,396.5206298828125,414.1400146484375,415.07998657226562,412.16000366210938,412.22000122070312,55227300
2023-04-20,394.35684204101562,411.8800048828125,413.70001220703125,410.26998901367188,411.20999145507812,75840400
2023-04-21,394.66323852539062,412.20001220703125,412.67999267578125,410.17001342773438,412.19000244140625,73457400
2023-04-24,395.07489013671875,412.6300048828125,413.07000732421875,410.60000610351562,411.989990234375,64332100
2023-04-25,388.8035888671875,406.07998657226562,411.16000366210938,406.01998901367188,410.57998657226562,97766700
2023-04-26,387.15667724609375,404.3599853515625,407.83999633789062,403.77999877929688,406.72000122070312,80447000
2023-04-27,394.86431884765625,412.41000366210938,412.69000244140625,406.739990234375,407,92968400
2023-04-28,398.2344970703125,415.92999267578125,415.94000244140625,411.42999267578125,411.489990234375,89433100
2023-05-01,397.8323974609375,415.510009765625,417.6199951171875,415.26998901367188,415.47000122070312,62122300
2023-05-02,393.361083984375,410.83999633789062,414.82000732421875,407.82000732421875,414.76998901367188,103998500
2023-05-03,390.66107177734375,408.01998901367188,413.8699951171875,407.76998901367188,411.3599853515625,91531800
2023-05-04,387.89401245117188,405.1300048828125,407.26998901367188,403.739990234375,406.92999267578125,94901900
2023-05-05,395.07489013671875,412.6300048828125,413.72000122070312,408.6400146484375,408.91000366210938,87891800
2023-05-08,395.18023681640625,412.739990234375,413.239990234375,411.27999877929688,412.97000122070312,50046800
2023-05-09,393.44723510742188,410.92999267578125,412.08999633789062,410.69000244140625,411.1300048828125,49220100
2023-05-10,395.28558349609375,412.85000610351562,414.54000854492188,408.8699951171875,413.8800048828125,96142900
2023-05-11,394.59628295898438,412.1300048828125,412.42999267578125,409.97000122070312,411.95001220703125,70157100
2023-05-12,394.07916259765625,411.58999633789062,413.6400146484375,409.07000732421875,413.42001342773438,70481500
2023-05-15,395.43878173828125,413.010009765625,413.42999267578125,410.23001098632812,412.22000122070312,54289400
2023-05-16,392.796142578125,410.25,412.82000732421875,410.239990234375,411.8599853515625,57705500
2023-05-17,397.5643310546875,415.23001098632812,415.8599853515625,410.6400146484375,412.35000610351562,87287000
2023-05-18,401.39410400390625,419.23001098632812,419.67001342773438,414.67001342773438,414.89999389648438,97177200
2023-05-19,400.81011962890625,418.6199951171875,420.72000122070312,417.35000610351562,420.17001342773438,103793300
2023-05-22,400.97286987304688,418.79000854492188,420.3900146484375,417.35000610351562,418.6400146484375,60745400
2023-05-23,396.4727783203125,414.08999633789062,418.72000122070312,413.67999267578125,417.07998657226562,86383500
2023-05-24,393.6004638671875,411.08999633789062,412.82000732421875,409.8800048828125,412.42001342773438,89213700
2023-05-25,397.00897216796875,414.64999389648438,416.16000366210938,412.41000366210938,414.739990234375,90961600
2023-05-26,402.1505126953125,420.01998901367188,420.76998901367188,415.25,415.32998657226562,93830000
2023-05-30,402.30377197265625,420.17999267578125,422.57998657226562,418.739990234375,422.02999877929688,72216000
2023-05-31,400.07284545898438,417.85000610351562,419.22000122070312,416.22000122070312,418.27999877929688,110811800
2023-06-01,403.87396240234375,421.82000732421875,422.92001342773438,416.79000854492188,418.08999633789062,88865000
2023-06-02,409.71441650390625,427.92001342773438,428.739990234375,423.95001220703125,424.5,91426200
2023-06-05,408.9293212890625,427.10000610351562,429.6199951171875,426.3699951171875,428.27999877929688,65460200
2023-06-06,409.8197021484375,428.02999877929688,428.57998657226562,425.989990234375,426.67001342773438,64022200
2023-06-07,408.4027099609375,426.54998779296875,429.6199951171875,426.1099853515625,428.44000244140625,85373300
2023-06-08,410.8729248046875,429.1300048828125,429.60000610351562,425.82000732421875,426.6199951171875,61952800
2023-06-09,411.61019897460938,429.89999389648438,431.989990234375,428.8699951171875,429.95999145507812,85742800
2023-06-12,415.34420776367188,433.79998779296875,433.8800048828125,430.17001342773438,430.92001342773438,76104300
2023-06-13,418.0826416015625,436.66000366210938,437.32998657226562,434.6300048828125,435.32000732421875,95899700
2023-06-14,418.5804443359375,437.17999267578125,439.05999755859375,433.58999633789062,437.010009765625,100612100
2023-06-15,423.7698974609375,442.60000610351562,443.89999389648438,436.23001098632812,436.32998657226562,110303100
2023-06-16,422.32644653320312,439.45999145507812,443.6099853515625,438.97000122070312,443.01998901367188,114165800
2023-06-20,420.13534545898438,437.17999267578125,438.3699951171875,435.02999877929688,437.45001220703125,76160400
2023-06-21,417.98260498046875,434.94000244140625,436.989990234375,434.32998657226562,436.16000366210938,76982300
2023-06-22,419.49148559570312,436.510009765625,436.6199951171875,433.60000610351562,433.95001220703125,70637200
2023-06-23,416.32012939453125,433.20999145507812,435.05999755859375,432.47000122070312,432.92999267578125,92074500
2023-06-26,414.619140625,431.44000244140625,434.6099853515625,431.19000244140625,432.6199951171875,72823600
2023-06-27,419.16473388671875,436.17001342773438,436.80999755859375,431.8800048828125,432.35000610351562,72813700
2023-06-28,419.37612915039062,436.3900146484375,437.44000244140625,434.41000366210938,435.04998779296875,75636000
2023-06-29,421.029052734375,438.1099853515625,438.27999877929688,435.54000854492188,435.95999145507812,67882300
2023-06-30,425.99752807617188,443.27999877929688,444.29998779296875,441.1099853515625,441.44000244140625,104964000
2023-07-03,426.48760986328125,443.79000854492188,444.07998657226562,442.6300048828125,442.92001342773438,32793400
2023-07-05,425.85336303710938,443.1300048828125,443.8900146484375,441.89999389648438,441.91000366210938,58418400
2023-07-06,422.51864624023438,439.66000366210938,440.10000610351562,437.05999755859375,439.42001342773438,80658300
2023-07-07,421.45187377929688,438.54998779296875,442.6400146484375,438.29998779296875,438.6300048828125,86134200
2023-07-10,422.51864624023438,439.66000366210938,439.83999633789062,437.58999633789062,438.17999267578125,62443500
2023-07-11,425.20944213867188,442.45999145507812,442.97000122070312,439.44000244140625,440.45001220703125,64463800
2023-07-12,428.63067626953125,446.01998901367188,447.48001098632812,444.91000366210938,446.3900146484375,91924500
2023-07-13,432.0325927734375,449.55999755859375,450.3800048828125,447.45001220703125,447.89999389648438,72425200
2023-07-14,431.7635498046875,449.27999877929688,451.3599853515625,448.489990234375,450.48001098632812,69815800
2023-07-17,433.26278686523438,450.83999633789062,451.92999267578125,449.07998657226562,449.1300048828125,52680200
2023-07-18,436.48223876953125,454.19000244140625,454.8599853515625,450.04998779296875,450.5,80668200
2023-07-19,437.45272827148438,455.20001220703125,456.42999267578125,454.1099853515625,455.010009765625,65891700
2023-07-20,434.5504150390625,452.17999267578125,455.10000610351562,451.44000244140625,454.17001342773438,70591600
2023-07-21,434.5504150390625,452.17999267578125,454.17001342773438,452.17001342773438,453.95999145507812,71275600
2023-07-24,436.49179077148438,454.20001220703125,455.04000854492188,452.29998779296875,453.3699951171875,54023400
2023-07-25,437.68341064453125,455.44000244140625,456.739990234375,453.8699951171875,453.92001342773438,55191200
2023-07-26,437.75067138671875,455.510009765625,456.989990234375,453.3800048828125,454.47000122070312,71052900
2023-07-27,434.84841918945312,452.489990234375,459.44000244140625,451.54998779296875,459.01998901367188,92194400
2023-07-28,439.105712890625,456.92001342773438,457.77999877929688,452.489990234375,455.8800048828125,80011800
2023-07-31,439.94180297851562,457.79000854492188,458.16000366210938,456.04998779296875,457.41000366210938,62040400
2023-08-01,438.682861328125,456.48001098632812,457.25,455.489990234375,456.26998901367188,55291500
2023-08-02,432.58041381835938,450.1300048828125,453.51998901367188,449.35000610351562,453.25,93933400
2023-08-03,431.34078979492188,448.83999633789062,450.79000854492188,447.3699951171875,448.04000854492188,64276100
2023-08-04,429.389892578125,446.80999755859375,452.89999389648438,446.26998901367188,450.72000122070312,100128900
2023-08-07,433.13778686523438,450.70999145507812,450.8699951171875,447.989990234375,448.70999145507812,58357500
2023-08-08,431.25418090820312,448.75,450.70001220703125,445.26998901367188,448.07998657226562,71361300
2023-08-09,428.37112426757812,445.75,449.20001220703125,444.95999145507812,449.02999877929688,78789600
2023-08-10,428.52496337890625,445.91000366210938,451.70001220703125,444.70001220703125,448.19000244140625,93005500
2023-08-11,428.27511596679688,445.64999389648438,446.70001220703125,443.35000610351562,443.97000122070312,68690900
2023-08-14,430.63916015625,448.1099853515625,448.1099853515625,444.3800048828125,444.70001220703125,47867400
2023-08-15,425.6226806640625,442.8900146484375,446.6400146484375,442.29998779296875,446.26998901367188,75707500
2023-08-16,422.4993896484375,439.6400146484375,444.17999267578125,439.52999877929688,442.45999145507812,80107200
2023-08-17,419.28005981445312,436.29000854492188,441.42999267578125,435.75,441.16000366210938,95711300
2023-08-18,419.48184204101562,436.5,437.57000732421875,433.010009765625,433.3699951171875,98852000
2023-08-21,422.2110595703125,439.33999633789062,440.1099853515625,435.32000732421875,437.54998779296875,68719000
2023-08-22,421.06759643554688,438.14999389648438,441.17999267578125,437.57000732421875,441.17999267578125,64994200
2023-08-23,425.75726318359375,443.02999877929688,443.67001342773438,439.10000610351562,439.25,68441000
2023-08-24,419.85662841796875,436.8900146484375,445.22000122070312,436.8599853515625,444.69000244140625,88517300
2023-08-25,422.81655883789062,439.97000122070312,441.29998779296875,435,438.67999267578125,102325100
2023-08-28,425.497802734375,442.760009765625,443.39999389648438,439.97000122070312,442.239990234375,61595400
2023-08-29,431.64822387695312,449.16000366210938,449.45001220703125,442.45999145507812,442.64999389648438,83081900
2023-08-30,433.4261474609375,451.010009765625,451.67001342773438,448.77999877929688,449.510009765625,69053900
2023-08-31,432.79183959960938,450.35000610351562,452.82998657226562,450.16000366210938,451.64999389648438,66084600
2023-09-01,433.59909057617188,451.19000244140625,453.67001342773438,449.67999267578125,453.17001342773438,58944100
2023-09-05,431.72509765625,449.239990234375,451.05999755859375,449.17001342773438,450.73001098632812,55166200
2023-09-06,428.8228759765625,446.22000122070312,448.510009765625,443.80999755859375,448.39999389648438,70758500
2023-09-07,427.50625610351562,444.85000610351562,445.54998779296875,442.75,443.1099853515625,70355400
2023-09-08,428.150146484375,445.51998901367188,447.1099853515625,444.52999877929688,444.89999389648438,61659700
2023-09-11,430.96591186523438,448.45001220703125,448.76998901367188,446.47000122070312,448.239990234375,60180100
2023-09-12,428.60183715820312,445.989990234375,448.52999877929688,445.3900146484375,446.95001220703125,67565400
2023-09-13,429.1015625,446.510009765625,447.70999145507812,445.07998657226562,446.22000122070312,60199300
2023-09-14,432.8013916015625,450.3599853515625,451.07998657226562,447.72000122070312,449.07000732421875,83430800
2023-09-15,427.58688354492188,443.3699951171875,447.48001098632812,442.92001342773438,447.1400146484375,111848900
2023-09-18,427.83761596679688,443.6300048828125,444.97000122070312,442.55999755859375,443.04998779296875,55752200
2023-09-19,426.95040893554688,442.70999145507812,443.29000854492188,439.94000244140625,442.67999267578125,66514600
2023-09-20,423.02532958984375,438.6400146484375,444.44000244140625,438.42999267578125,444.010009765625,82562600
2023-09-21,416.03341674804688,431.3900146484375,435.97000122070312,431.23001098632812,435.70001220703125,104095800
2023-09-22,415.09793090820312,430.42001342773438,434.10000610351562,429.989990234375,432.45001220703125,100829700
2023-09-25,416.84356689453125,432.23001098632812,432.26998901367188,428.72000122070312,429.17001342773438,70874500
2023-09-26,410.71954345703125,425.8800048828125,429.82000732421875,425.01998901367188,429.08999633789062,96168400
2023-09-27,410.88345336914062,426.04998779296875,427.67001342773438,422.29000854492188,427.08999633789062,104705800
2023-09-28,413.26556396484375,428.51998901367188,430.25,424.8699951171875,425.48001098632812,92258300
2023-09-29,412.2625732421875,427.48001098632812,431.85000610351562,425.91000366210938,431.67001342773438,115111300
2023-10-02,412.0986328125,427.30999755859375,428.60000610351562,424.45999145507812,426.6199951171875,83798600
2023-10-03,406.58230590820312,421.58999633789062,427.3699951171875,420.17999267578125,425.05999755859375,103760600
2023-10-04,409.54299926757812,424.66000366210938,425.42999267578125,420.55999755859375,422.07000732421875,87453000
2023-10-05,409.38861083984375,424.5,425.3699951171875,421.17001342773438,424.3599853515625,70142700
2023-10-06,414.249267578125,429.54000854492188,431.1300048828125,420.60000610351562,421.97000122070312,113273300
2023-10-09,416.90139770507812,432.29000854492188,432.8800048828125,427.010009765625,427.57998657226562,80374400
2023-10-10,419.0712890625,434.54000854492188,437.22000122070312,432.52999877929688,432.94000244140625,78607300
2023-10-11,420.78793334960938,436.32000732421875,436.57998657226562,433.17999267578125,435.6400146484375,62451700
2023-10-12,418.22262573242188,433.66000366210938,437.33999633789062,431.23001098632812,436.95001220703125,81154200
2023-10-13,416.1395263671875,431.5,436.45001220703125,429.8800048828125,435.20999145507812,95143100
2023-10-16,420.51788330078125,436.04000854492188,437.1400146484375,433.57000732421875,433.82000732421875,75433200
2023-10-17,420.49853515625,436.01998901367188,438.1400146484375,432.45001220703125,432.80999755859375,75324700
2023-10-18,414.8953857421875,430.20999145507812,435.17999267578125,429.08999633789062,434.19000244140625,93559800
2023-10-19,411.24993896484375,426.42999267578125,432.82000732421875,425.73001098632812,430.95001220703125,121323000
2023-10-20,406.196533203125,421.19000244140625,426.54000854492188,421.07998657226562,425.98001098632812,123919900
2023-10-23,405.49252319335938,420.45999145507812,424.45001220703125,417.79998779296875,419.6099853515625,92035100
2023-10-24,408.5496826171875,423.6300048828125,424.82000732421875,420.739990234375,422.64999389648438,78564200
2023-10-25,402.68600463867188,417.54998779296875,421.92001342773438,417.01998901367188,421.8900146484375,94223200
2023-10-26,397.864013671875,412.54998779296875,417.32998657226562,411.60000610351562,416.45001220703125,115156800
2023-10-27,396.06063842773438,410.67999267578125,414.60000610351562,409.20999145507812,414.19000244140625,107367700
2023-10-30,400.79580688476562,415.58999633789062,416.67999267578125,412.22000122070312,413.55999755859375,86562700
2023-10-31,403.31295776367188,418.20001220703125,418.52999877929688,414.20999145507812,416.17999267578125,79665200
2023-11-01,407.61416625976562,422.66000366210938,423.5,418.64999389648438,419.20001220703125,98068100
2023-11-02,415.42587280273438,430.760009765625,430.92001342773438,426.55999755859375,426.57998657226562,94938900
2023-11-03,419.21588134765625,434.69000244140625,436.29000854492188,433.010009765625,433.1400146484375,100167800
2023-11-06,420.18035888671875,435.69000244140625,436.14999389648438,433.67999267578125,435.47000122070312,67831700
2023-11-07,421.37615966796875,436.92999267578125,437.58999633789062,434.510009765625,435.69000244140625,64256100
2023-11-08,421.684814453125,437.25,438.08999633789062,434.8699951171875,437.54998779296875,61746000
2023-11-09,418.39620971679688,433.83999633789062,438.47000122070312,433.39999389648438,438.42999267578125,83174400
2023-11-10,424.9251708984375,440.6099853515625,440.92999267578125,433.82998657226562,435.98001098632812,89462200
2023-11-13,424.52011108398438,440.19000244140625,441.32998657226562,438.42001342773438,439.23001098632812,52236100
2023-11-14,432.75613403320312,448.73001098632812,450.05999755859375,446.08999633789062,446.32000732421875,97176900
2023-11-15,433.67233276367188,449.67999267578125,451.3800048828125,448.79998779296875,450.1099853515625,77327600
2023-11-16,434.20272827148438,450.23001098632812,450.55999755859375,448.1199951171875,449.22000122070312,66665800
2023-11-17,434.74273681640625,450.79000854492188,451.42001342773438,449.29000854492188,450.239990234375,83133200
2023-11-20,438.08929443359375,454.260009765625,455.1300048828125,450.51998901367188,450.52999877929688,69936200
2023-11-21,437.13449096679688,453.26998901367188,454.1300048828125,451.95999145507812,453.17999267578125,49244600
2023-11-22,438.82220458984375,455.01998901367188,456.3800048828125,453.8900146484375,454.98001098632812,59394900
2023-11-24,439.09222412109375,455.29998779296875,455.5,454.73001098632812,455.07000732421875,29737400
2023-11-27,438.30148315429688,454.48001098632812,455.489990234375,454.07998657226562,454.64999389648438,50506000
2023-11-28,438.73541259765625,454.92999267578125,456.26998901367188,453.5,454.07998657226562,62115000
2023-11-29,438.42678833007812,454.6099853515625,458.32000732421875,454.20001220703125,457.14999389648438,63146000
2023-11-30,440.15310668945312,456.39999389648438,456.760009765625,453.33999633789062,455.48001098632812,79752700
2023-12-01,442.7569580078125,459.10000610351562,459.64999389648438,455.16000366210938,455.76998901367188,89183400
2023-12-04,440.43280029296875,456.69000244140625,459.1199951171875,454.33999633789062,455.60000610351562,72430900
2023-12-05,440.345947265625,456.60000610351562,457.58999633789062,454.8699951171875,455.260009765625,69793500
2023-12-06,438.57150268554688,454.760009765625,458.83999633789062,454.30999755859375,458.80999755859375,69124700
2023-12-07,441.91796875,458.23001098632812,458.89999389648438,456.29000854492188,456.91000366210938,66995400
2023-12-08,443.81787109375,460.20001220703125,460.75,457.20999145507812,457.45999145507812,83194400
2023-12-11,445.54415893554688,461.989990234375,462.17001342773438,459.47000122070312,459.69000244140625,65002200
2023-12-12,447.57894897460938,464.10000610351562,464.20001220703125,460.60000610351562,461.6300048828125,68327600
2023-12-13,453.751220703125,470.5,470.760009765625,464.1199951171875,464.489990234375,93278000
2023-12-14,455.20742797851562,472.010009765625,473.73001098632812,469.25,472.5,119026000
2023-12-15,454.45794677734375,469.32998657226562,470.70001220703125,467.42999267578125,469.489990234375,141553700
2023-12-18,457.0142822265625,471.97000122070312,472.98001098632812,469.8900146484375,470.98001098632812,70375300
2023-12-19,459.7933349609375,474.83999633789062,474.92001342773438,472.45001220703125,472.52999877929688,55761800
2023-12-20,453.421875,468.260009765625,475.89999389648438,467.82000732421875,473.95999145507812,102921000
2023-12-21,457.72119140625,472.70001220703125,472.98001098632812,468.83999633789062,471.32998657226562,86667500
2023-12-22,458.6409912109375,473.64999389648438,475.3800048828125,471.70001220703125,473.8599853515625,67160400
2023-12-26,460.57763671875,475.64999389648438,476.57998657226562,473.989990234375,474.07000732421875,55387000
2023-12-27,461.41046142578125,476.510009765625,476.66000366210938,474.8900146484375,475.44000244140625,68000300
2023-12-28,461.58468627929688,476.69000244140625,477.54998779296875,476.260009765625,476.8800048828125,77158100
2023-12-29,460.24844360351562,475.30999755859375,477.02999877929688,473.29998779296875,476.489990234375,122283100
2024-01-02,457.6727294921875,472.64999389648438,473.67001342773438,470.489990234375,472.16000366210938,123623700
2024-01-03,453.93499755859375,468.79000854492188,471.19000244140625,468.17001342773438,470.42999267578125,103585900
2024-01-04,452.472900390625,467.27999877929688,470.95999145507812,467.04998779296875,468.29998779296875,84232200
2024-01-05,453.09262084960938,467.92001342773438,470.44000244140625,466.42999267578125,467.489990234375,86118900
2024-01-08,459.56094360351562,474.60000610351562,474.75,468.29998779296875,468.42999267578125,74879100
2024-01-09,458.86373901367188,473.8800048828125,474.92999267578125,471.35000610351562,471.8699951171875,65931400
2024-01-10,461.45883178710938,476.55999755859375,477.45001220703125,473.8699951171875,474.16000366210938,67310600
2024-01-11,461.2554931640625,476.35000610351562,478.1199951171875,472.260009765625,477.58999633789062,77940700
2024-01-12,461.57501220703125,476.67999267578125,478.60000610351562,475.23001098632812,477.83999633789062,58026400
2024-01-16,459.88043212890625,474.92999267578125,476.6099853515625,473.05999755859375,475.260009765625,85014900
2024-01-17,457.32412719726562,472.29000854492188,472.79000854492188,469.8699951171875,471.82000732421875,68843900
2024-01-18,461.39102172851562,476.489990234375,477.05999755859375,472.42001342773438,474.010009765625,91856200
2024-01-19,467.14279174804688,482.42999267578125,482.72000122070312,476.54000854492188,477.64999389648438,110834500
2024-01-22,468.13052368164062,483.45001220703125,485.22000122070312,482.77999877929688,484.010009765625,75844900
2024-01-23,469.49578857421875,484.8599853515625,485.1099853515625,482.8900146484375,484.010009765625,49945300
2024-01-24,470.00906372070312,485.3900146484375,488.76998901367188,484.8800048828125,487.80999755859375,81765000
2024-01-25,472.56533813476562,488.02999877929688,488.30999755859375,485.3900146484375,487.57998657226562,72525000
2024-01-26,471.96499633789062,487.41000366210938,489.1199951171875,486.54000854492188,487.58999633789062,76641600
2024-01-29,475.70269775390625,491.26998901367188,491.42001342773438,487.17001342773438,487.73001098632812,61322800
2024-01-30,475.33474731445312,490.8900146484375,491.6199951171875,490.1099853515625,490.55999755859375,58618400
2024-01-31,467.57852172851562,482.8800048828125,489.07998657226562,482.8599853515625,488.6199951171875,126011100
2024-02-01,473.69827270507812,489.20001220703125,489.23001098632812,483.79998779296875,484.6300048828125,91891600
2024-02-02,478.68511962890625,494.35000610351562,496.04998779296875,489.29998779296875,489.64999389648438,99228200
2024-02-05,476.94204711914062,492.54998779296875,494.3800048828125,490.23001098632812,493.70001220703125,75757100
2024-02-06,478.32684326171875,493.98001098632812,494.32000732421875,492.04998779296875,493.51998901367188,55918600
2024-02-07,482.31622314453125,498.10000610351562,498.52999877929688,495.3599853515625,496.29000854492188,70556500
2024-02-08,482.529296875,498.32000732421875,498.70999145507812,497.260009765625,498.10000610351562,52343600
2024-02-09,485.3179931640625,501.20001220703125,501.64999389648438,498.489990234375,498.83999633789062,63979400
2024-02-12,485.10501098632812,500.98001098632812,503.5,500.239990234375,501.17001342773438,56502300
2024-02-13,478.42364501953125,494.07998657226562,497.08999633789062,490.72000122070312,494.52999877929688,113099200
2024-02-14,482.7713623046875,498.57000732421875,499.07000732421875,494.39999389648438,496.79000854492188,68387800
2024-02-15,486.1024169921875,502.010009765625,502.20001220703125,498.79998779296875,499.29000854492188,61683000
2024-02-16,483.68154907226562,499.510009765625,502.8699951171875,498.75,501.70001220703125,75532900
2024-02-20,481.01873779296875,496.760009765625,498.41000366210938,494.45001220703125,497.72000122070312,71736700
2024-02-21,481.45443725585938,497.20999145507812,497.3699951171875,493.55999755859375,495.42001342773438,59293400
2024-02-22,491.41842651367188,507.5,508.489990234375,503.01998901367188,504.010009765625,76402500
2024-02-23,491.75729370117188,507.85000610351562,510.1300048828125,507.10000610351562,509.26998901367188,61321800
2024-02-26,489.95626831054688,505.989990234375,508.75,505.8599853515625,508.29998779296875,50386700
2024-02-27,490.86642456054688,506.92999267578125,507.16000366210938,504.75,506.70001220703125,48854500
2024-02-28,490.21771240234375,506.260009765625,506.8599853515625,504.95999145507812,505.32998657226562,56506600
2024-02-29,491.98004150390625,508.07998657226562,509.739990234375,505.35000610351562,508.07000732421875,83924800
2024-03-01,496.59884643554688,512.8499755859375,513.28997802734375,508.55999755859375,508.98001098632812,76844800
2024-03-04,496.06625366210938,512.29998779296875,514.20001220703125,512,512.030029296875,49799300
2024-03-05,491.1085205078125,507.17999267578125,510.70001220703125,504.91000366210938,510.239990234375,72855600
2024-03-06,493.59710693359375,509.75,512.07000732421875,508.42001342773438,510.54998779296875,68382400
2024-03-07,498.4967041015625,514.80999755859375,515.8900146484375,509.80999755859375,513.1400146484375,58652100
2024-03-08,495.50466918945312,511.72000122070312,518.219970703125,511.1300048828125,515.46002197265625,86532500
2024-03-11,495.07858276367188,511.27999877929688,511.8800048828125,508.5,510.48001098632812,62557200
2024-03-12,500.4044189453125,516.780029296875,517.3800048828125,510.8599853515625,513.45001220703125,73114400
2024-03-13,499.61996459960938,515.969970703125,517.28997802734375,514.489990234375,517.1099853515625,55104100
2024-03-14,498.63229370117188,514.95001220703125,517.1300048828125,511.82000732421875,516.969970703125,110171800
2024-03-15,495.20840454101562,509.82998657226562,511.70001220703125,508.1199951171875,510.20999145507812,107646300
2024-03-18,498.15151977539062,512.8599853515625,515.47998046875,512.44000244140625,514,88893300
2024-03-19,500.91983032226562,515.71002197265625,516,511.1199951171875,512.1500244140625,60755300
2024-03-20,505.552978515625,520.47998046875,520.6199951171875,515.08001708984375,515.77001953125,69594600
2024-03-21,507.22366333007812,522.20001220703125,524.1099853515625,521.90997314453125,523.3900146484375,60256100
2024-03-22,506.2620849609375,521.21002197265625,522.6099853515625,520.969970703125,522.1099853515625,79070800
2024-03-25,504.86334228515625,519.77001953125,520.95001220703125,519.6099853515625,519.79998779296875,48512100
2024-03-26,503.93084716796875,518.80999755859375,521.58001708984375,518.4000244140625,521.22998046875,65463700
2024-03-27,508.16583251953125,523.16998291015625,523.21002197265625,519.489990234375,521.71002197265625,82999800
2024-03-28,508.06875610351562,523.07000732421875,524.6099853515625,522.780029296875,523.21002197265625,96294900
2024-04-01,507.184814453125,522.15997314453125,524.3800048828125,520.969970703125,523.83001708984375,62477500
2024-04-02,503.96002197265625,518.84002685546875,518.97998046875,516.47998046875,518.239990234375,74230300
2024-04-03,504.51364135742188,519.40997314453125,520.95001220703125,517.66998291015625,517.719970703125,59155800
2024-04-04,498.35543823242188,513.07000732421875,523.8699951171875,512.760009765625,523.52001953125,96858100
2024-04-05,503.56182861328125,518.42999267578125,520.44000244140625,514.010009765625,514.46002197265625,74546500
2024-04-08,503.84344482421875,518.719970703125,520.17999267578125,517.8900146484375,519.1500244140625,48401800
2024-04-09,504.42630004882812,519.32000732421875,520.75,514.3499755859375,520.5,68049200
2024-04-10,499.3753662109375,514.1199951171875,516.15997314453125,512.09002685546875,513.47998046875,82652800
2024-04-11,503.14407348632812,518,519.47998046875,512.08001708984375,515.67999267578125,70099000
2024-04-12,496.19918823242188,510.85000610351562,515.82000732421875,509.07998657226562,514.3699951171875,92561100
2024-04-15,489.98275756835938,504.45001220703125,515.29998779296875,503.57998657226562,515.1300048828125,92101400
2024-04-16,489.08914184570312,503.52999877929688,506.5,502.20999145507812,504.94000244140625,73484000
2024-04-17,486.194580078125,500.54998779296875,506.22000122070312,499.1199951171875,506.04998779296875,75910300
2024-04-18,485.19412231445312,499.51998901367188,504.1300048828125,498.55999755859375,501.98001098632812,74548100
2024-04-19,480.95913696289062,495.16000366210938,500.45999145507812,493.8599853515625,499.44000244140625,102212600
2024-04-22,485.38836669921875,499.72000122070312,502.3800048828125,495.42999267578125,497.82998657226562,67961000
2024-04-23,491.14828491210938,505.64999389648438,506.08999633789062,499.52999877929688,501.77999877929688,64633600
2024-04-24,490.91519165039062,505.41000366210938,507.3699951171875,503.1300048828125,506.55999755859375,55928100
2024-04-25,489.05023193359375,503.489990234375,504.26998901367188,497.489990234375,499.17999267578125,69122400
2024-04-26,493.6834716796875,508.260009765625,509.8800048828125,505.70001220703125,506.35000610351562,64306100
2024-04-29,495.43182373046875,510.05999755859375,510.75,507.25,510.08999633789062,46415400
2024-04-30,487.58355712890625,501.98001098632812,509.55999755859375,501.98001098632812,508.55999755859375,77483600
2024-05-01,486.00030517578125,500.35000610351562,508.19000244140625,499.8699951171875,501.3800048828125,80242800
2024-05-02,490.54605102539062,505.02999877929688,505.8900146484375,499.54998779296875,504.14999389648438,62550200
2024-05-03,496.62652587890625,511.29000854492188,512.54998779296875,508.55999755859375,511.16000366210938,72756700
2024-05-06,501.75515747070312,516.57000732421875,516.6099853515625,513.29998779296875,513.75,47264700
2024-05-07,502.30880737304688,517.1400146484375,518.57000732421875,516.45001220703125,517.55999755859375,52561300
2024-05-08,502.35739135742188,517.19000244140625,517.739990234375,515.1400146484375,515.260009765625,42047200
2024-05-09,505.2518310546875,520.16998291015625,520.21002197265625,516.71002197265625,517.3800048828125,43643700
2024-05-10,505.90264892578125,520.84002685546875,522.6400146484375,519.59002685546875,521.80999755859375,52233200
2024-05-13,505.97061157226562,520.90997314453125,522.66998291015625,519.739990234375,522.55999755859375,36716400
2024-05-14,508.29202270507812,523.29998779296875,523.83001708984375,520.55999755859375,521.1099853515625,57535900
2024-05-15,514.58636474609375,529.780029296875,530.08001708984375,525.17999267578125,525.83001708984375,59504900
2024-05-16,513.527587890625,528.69000244140625,531.52001953125,528.53997802734375,529.8800048828125,50244800
2024-05-17,514.26568603515625,529.45001220703125,529.52001953125,527.32000732421875,528.80999755859375,59187600
2024-05-20,514.8582763671875,530.05999755859375,531.55999755859375,529.16998291015625,529.57000732421875,37764200
2024-05-21,516.1209716796875,531.3599853515625,531.52001953125,529.07000732421875,529.280029296875,33437000
2024-05-22,514.63494873046875,529.83001708984375,531.3800048828125,527.5999755859375,530.6500244140625,48390000
2024-05-23,510.87579345703125,525.96002197265625,533.07000732421875,524.719970703125,532.96002197265625,57211200
2024-05-24,514.256103515625,529.44000244140625,530.27001953125,526.8800048828125,527.8499755859375,41291100
2024-05-28,514.6153564453125,529.80999755859375,530.510009765625,527.1099853515625,530.27001953125,36269600
2024-05-29,511.01181030273438,526.0999755859375,527.30999755859375,525.3699951171875,525.67999267578125,45190300
2024-05-30,507.62185668945312,522.6099853515625,525.20001220703125,521.33001708984375,524.52001953125,46377600
2024-05-31,512.24554443359375,527.3699951171875,527.5,518.3599853515625,523.59002685546875,90785800
2024-06-03,512.66302490234375,527.79998779296875,529.30999755859375,522.5999755859375,529.02001953125,46835700
2024-06-04,513.2362060546875,528.3900146484375,529.1500244140625,524.96002197265625,526.46002197265625,34632700
2024-06-05,519.3359375,534.66998291015625,534.69000244140625,528.72998046875,530.77001953125,47610400
2024-06-06,519.32635498046875,534.65997314453125,535.41998291015625,532.67999267578125,534.97998046875,30808500
2024-06-07,518.6949462890625,534.010009765625,536.8900146484375,532.53997802734375,533.65997314453125,43224500
2024-06-10,520.29766845703125,535.65997314453125,535.989990234375,532.57000732421875,533.17999267578125,35686100
2024-06-11,521.55059814453125,536.95001220703125,537.010009765625,532.04998779296875,534.07000732421875,36383400
2024-06-12,525.834228515625,541.3599853515625,544.1199951171875,540.29998779296875,541.6300048828125,63251300
2024-06-13,526.892822265625,542.45001220703125,543.33001708984375,539.59002685546875,543.1500244140625,44760900
2024-06-14,527.21356201171875,542.780029296875,542.80999755859375,539.8499755859375,540.8800048828125,40089900
2024-06-17,531.40948486328125,547.0999755859375,548.530029296875,541.6099853515625,542.08001708984375,55839500
2024-06-18,532.75970458984375,548.489990234375,548.6199951171875,546.72998046875,547.15997314453125,41376400
2024-06-20,531.3123779296875,547,550.1199951171875,545.17999267578125,549.44000244140625,70328200
2024-06-21,530.60009765625,544.510009765625,545.6500244140625,543.02001953125,544.4000244140625,64338600
2024-06-24,528.87530517578125,542.739990234375,546.95001220703125,542.6199951171875,544.33001708984375,45528700
2024-06-25,530.91192626953125,544.83001708984375,545.20001220703125,542.44000244140625,543.989990234375,37936200
2024-06-26,531.5745849609375,545.510009765625,546.239990234375,543.030029296875,543.69000244140625,38550600
2024-06-27,532.41253662109375,546.3699951171875,546.96002197265625,544.6099853515625,545.3699951171875,35041500
2024-06-28,530.3175048828125,544.219970703125,550.280029296875,542.95001220703125,547.15997314453125,76144500
2024-07-01,531.40887451171875,545.34002685546875,545.8800048828125,542.52001953125,545.6300048828125,40297800
2024-07-02,534.98516845703125,549.010009765625,549.010009765625,543.6500244140625,543.70001220703125,40434800
2024-07-03,537.37261962890625,551.46002197265625,551.83001708984375,548.6500244140625,548.69000244140625,32789900
2024-07-05,540.4713134765625,554.6400146484375,555.04998779296875,551.1199951171875,551.77001953125,41488400
2024-07-08,541.0950927734375,555.280029296875,556.25,554.19000244140625,555.44000244140625,36110500
2024-07-09,541.6212158203125,555.82000732421875,557.17999267578125,555.52001953125,556.260009765625,27289700
2024-07-10,546.9805908203125,561.32000732421875,561.66998291015625,556.77001953125,557.07000732421875,38701200
2024-07-11,542.2642822265625,556.47998046875,562.33001708984375,555.83001708984375,561.44000244140625,53054200
2024-07-12,545.6846923828125,559.989990234375,563.66998291015625,557.1500244140625,557.6300048828125,53084400
2024-07-15,547.185302734375,561.530029296875,564.84002685546875,559.6300048828125,562.030029296875,40584300
2024-07-16,550.43023681640625,564.8599853515625,565.15997314453125,562.0999755859375,562.8699951171875,36475300
2024-07-17,542.71258544921875,556.94000244140625,560.510009765625,556.6099853515625,558.79998779296875,57119000
2024-07-18,538.54193115234375,552.65997314453125,559.52001953125,550.42999267578125,558.510009765625,56270400
2024-07-19,534.96563720703125,548.989990234375,554.08001708984375,547.90997314453125,552.41998291015625,65509100
2024-07-22,540.48114013671875,554.6500244140625,555.27001953125,551.02001953125,553,43346700
2024-07-23,539.63330078125,553.780029296875,556.739990234375,553.280029296875,554.53997802734375,34439600
2024-07-24,527.40380859375,541.22998046875,549.16998291015625,540.28997802734375,548.8599853515625,74515300
2024-07-25,524.6558837890625,538.40997314453125,547.46002197265625,537.45001220703125,541.3499755859375,61158300
2024-07-26,530.53192138671875,544.44000244140625,547.19000244140625,541.489990234375,542.280029296875,53763800
2024-07-29,530.84368896484375,544.760009765625,547.04998779296875,542.719970703125,546.02001953125,39515800
2024-07-30,528.15411376953125,542,547.34002685546875,538.52001953125,546.260009765625,46853600
2024-07-31,536.73919677734375,550.80999755859375,553.5,547.58001708984375,548.97998046875,65663400
2024-08-01,529.138427734375,543.010009765625,554.8699951171875,539.42999267578125,552.57000732421875,76428700
2024-08-02,519.286865234375,532.9000244140625,536.989990234375,528.5999755859375,535.75,82789100
2024-08-05,504.16314697265625,517.3800048828125,523.58001708984375,510.26998901367188,511.6400146484375,146267400
2024-08-06,508.81130981445312,522.1500244140625,529.75,517.8699951171875,519.219970703125,84826300
2024-08-07,505.41043090820312,518.65997314453125,531.59002685546875,518.04998779296875,528.469970703125,70698300
2024-08-08,517.09429931640625,530.6500244140625,531.28997802734375,521.84002685546875,523.90997314453125,63276600
2024-08-09,519.37432861328125,532.989990234375,534.510009765625,528.55999755859375,529.80999755859375,45619600
2024-08-12,519.64727783203125,533.27001953125,535.72998046875,530.95001220703125,534.21002197265625,42542100
2024-08-13,528.1932373046875,542.03997802734375,542.280029296875,536.280029296875,536.530029296875,52333100
2024-08-14,529.8594970703125,543.75,544.96002197265625,540.1199951171875,542.8499755859375,42446900
2024-08-15,538.94140625,553.07000732421875,553.3599853515625,548.8800048828125,549.5,60846800
2024-08-16,540.1497802734375,554.30999755859375,555.02001953125,551.260009765625,551.41998291015625,44430700
2024-08-19,545.314453125,559.6099853515625,559.6099853515625,553.8599853515625,554.72998046875,39121800
2024-08-20,544.42767333984375,558.70001220703125,560.84002685546875,557.33001708984375,559.1500244140625,33732300
2024-08-21,546.29852294921875,560.6199951171875,562.1099853515625,554.72998046875,559.77001953125,41514600
2024-08-22,542.010986328125,556.219970703125,563.17999267578125,554.97998046875,562.55999755859375,56121500
2024-08-23,547.77008056640625,562.1300048828125,563.09002685546875,557.28997802734375,559.530029296875,50639400
2024-08-26,546.4642333984375,560.78997802734375,563.90997314453125,559.04998779296875,563.17999267578125,35788600
2024-08-27,547.21453857421875,561.55999755859375,562.05999755859375,558.32000732421875,559.489990234375,32693900
2024-08-28,544.03778076171875,558.29998779296875,561.6500244140625,555.03997802734375,561.21002197265625,41066000
2024-08-29,544.0865478515625,558.3499755859375,563.67999267578125,557.17999267578125,560.30999755859375,38715200
2024-08-30,549.28045654296875,563.67999267578125,564.20001220703125,557.1400146484375,560.77001953125,62700100
2024-09-03,537.97674560546875,552.08001708984375,560.80999755859375,549.510009765625,560.469970703125,60600100
2024-09-04,536.87554931640625,550.95001220703125,554.42999267578125,549.46002197265625,550.20001220703125,47224900
2024-09-05,535.56982421875,549.6099853515625,553.79998779296875,547.0999755859375,550.8900146484375,44264300
2024-09-06,526.55615234375,540.3599853515625,551.5999755859375,539.44000244140625,549.94000244140625,68493800
2024-09-09,532.45147705078125,546.40997314453125,547.71002197265625,542.67999267578125,544.6500244140625,40445800
2024-09-10,534.77069091796875,548.78997802734375,549.1500244140625,543.3800048828125,548.3599853515625,36394600
2024-09-11,540.25689697265625,554.41998291015625,555.3599853515625,539.96002197265625,548.70001220703125,75248600
2024-09-12,544.80767822265625,559.09002685546875,559.4000244140625,552.739990234375,555.010009765625,51819600
2024-09-13,547.653076171875,562.010009765625,563.030029296875,559.45001220703125,559.71002197265625,39310500
2024-09-16,548.46185302734375,562.84002685546875,563.1099853515625,559.9000244140625,561.739990234375,36656100
2024-09-17,548.68585205078125,563.07000732421875,566.58001708984375,560.78997802734375,565.0999755859375,49321000
2024-09-18,547.05865478515625,561.4000244140625,568.69000244140625,560.83001708984375,563.739990234375,59044900
2024-09-19,556.393798828125,570.97998046875,572.8800048828125,568.08001708984375,571.010009765625,75315500
2024-09-20,555.43206787109375,568.25,569.30999755859375,565.16998291015625,567.84002685546875,77503100
2024-09-23,556.820068359375,569.66998291015625,570.33001708984375,568.0999755859375,569.34002685546875,44116900
2024-09-24,558.41314697265625,571.29998779296875,571.3599853515625,567.5999755859375,570.47998046875,46805700
2024-09-25,557.18170166015625,570.03997802734375,571.8900146484375,568.90997314453125,571.1400146484375,38428600
2024-09-26,559.39068603515625,572.29998779296875,574.71002197265625,569.9000244140625,574.3800048828125,48336000
2024-09-27,558.579345703125,571.469970703125,574.219970703125,570.41998291015625,573.3900146484375,42100900
2024-09-30,560.81781005859375,573.760009765625,574.3800048828125,568.08001708984375,570.41998291015625,63557400
2024-10-01,555.79376220703125,568.6199951171875,574.05999755859375,566,573.4000244140625,72668800
2024-10-02,556.0283203125,568.8599853515625,569.9000244140625,565.27001953125,567.71002197265625,38097800
2024-10-03,555.0118408203125,567.82000732421875,569.79998779296875,565.489990234375,567.3599853515625,40846500
2024-10-04,560.0552978515625,572.97998046875,573.3599853515625,568.0999755859375,572.3499755859375,42939100
2024-10-07,554.99224853515625,567.79998779296875,571.96002197265625,566.6300048828125,571.29998779296875,49964700
2024-10-08,560.2410888671875,573.16998291015625,573.780029296875,569.530029296875,570.41998291015625,37398700
2024-10-09,564.12152099609375,577.1400146484375,577.71002197265625,572.54998779296875,573.15997314453125,37912200
2024-10-10,563.13433837890625,576.1300048828125,577.58001708984375,574.489990234375,575.77001953125,44138100
2024-10-11,566.50653076171875,579.58001708984375,580.33001708984375,575.90997314453125,576.04998779296875,42268000
2024-10-14,571.13958740234375,584.32000732421875,585.27001953125,580.72998046875,581.219970703125,36217200
2024-10-15,566.70196533203125,579.780029296875,584.9000244140625,578.53997802734375,584.59002685546875,54203600
2024-10-16,569.1651611328125,582.29998779296875,582.83001708984375,578.96002197265625,579.780029296875,30725400
2024-10-17,569.21405029296875,582.3499755859375,586.1199951171875,582.15997314453125,585.90997314453125,34393700
2024-10-18,571.403564453125,584.59002685546875,585.3900146484375,582.58001708984375,584.07000732421875,37416800
2024-10-21,570.46514892578125,583.6300048828125,584.8499755859375,580.5999755859375,583.8499755859375,36439000
2024-10-22,570.1622314453125,583.32000732421875,584.5,580.3800048828125,581.04998779296875,34183800
2024-10-23,564.95245361328125,577.989990234375,581.71002197265625,574.41998291015625,581.260009765625,49314600
2024-10-24,566.1741943359375,579.239990234375,580.05999755859375,576.57000732421875,579.97998046875,34979900
2024-10-25,565.9786376953125,579.03997802734375,584.46002197265625,578.08001708984375,581.510009765625,47268200
2024-10-28,567.72833251953125,580.83001708984375,582.71002197265625,580.52001953125,582.58001708984375,30174700
2024-10-29,568.64715576171875,581.77001953125,582.90997314453125,578.42999267578125,579.8499755859375,42899700
2024-10-30,566.9268798828125,580.010009765625,583.32000732421875,579.28997802734375,581.28997802734375,41435800
2024-10-31,555.81329345703125,568.6400146484375,575.6300048828125,568.44000244140625,575.55999755859375,60182500
2024-11-01,558.15924072265625,571.03997802734375,575.54998779296875,570.6199951171875,571.32000732421875,45667500
2024-11-04,556.95684814453125,569.80999755859375,572.5,567.8900146484375,571.17999267578125,38217000
2024-11-05,563.6915283203125,576.70001220703125,576.739990234375,570.52001953125,570.739990234375,39478300
2024-11-06,577.70794677734375,591.03997802734375,591.92999267578125,585.3900146484375,589.20001220703125,68182000
2024-11-07,582.17498779296875,595.6099853515625,596.6500244140625,593,593.08001708984375,47233200
2024-11-08,584.69677734375,598.19000244140625,599.6400146484375,596.16998291015625,596.16998291015625,46444900
2024-11-11,585.25396728515625,598.760009765625,600.16998291015625,597,599.80999755859375,37586800
2024-11-12,583.4359130859375,596.9000244140625,599.28997802734375,594.3699951171875,598.67999267578125,43006100
2024-11-13,583.71929931640625,597.19000244140625,599.22998046875,594.96002197265625,597.3699951171875,47388600
2024-11-14,579.9658203125,593.3499755859375,597.80999755859375,592.6500244140625,597.32000732421875,38904100
2024-11-15,572.537353515625,585.75,590.20001220703125,583.8599853515625,589.719970703125,75988800
2024-11-18,574.88330078125,588.1500244140625,589.489990234375,585.34002685546875,586.219970703125,37001700
2024-11-19,576.984619140625,590.29998779296875,591.03997802734375,584.030029296875,584.71002197265625,49412000
2024-11-20,577.18023681640625,590.5,590.78997802734375,584.6300048828125,590.3800048828125,50032600
2024-11-21,580.27874755859375,593.66998291015625,595.1199951171875,587.45001220703125,593.4000244140625,46750300
2024-11-22,582.0772705078125,595.510009765625,596.1500244140625,593.1500244140625,593.65997314453125,38226400
2024-11-25,584.0516357421875,597.530029296875,600.8599853515625,595.20001220703125,599.52001953125,42441400
2024-11-26,587.1011962890625,600.6500244140625,601.33001708984375,598.07000732421875,598.79998779296875,45621300
2024-11-27,585.32232666015625,598.83001708984375,600.8499755859375,597.280029296875,600.46002197265625,34000200
2024-11-29,588.95843505859375,602.54998779296875,603.3499755859375,599.3800048828125,599.65997314453125,30177400
2024-12-02,590.01409912109375,603.6300048828125,604.32000732421875,602.469970703125,602.969970703125,31746000
2024-12-03,590.28765869140625,603.90997314453125,604.15997314453125,602.34002685546875,603.3900146484375,26906600
2024-12-04,593.95318603515625,607.65997314453125,607.90997314453125,604.95001220703125,605.6300048828125,42787600
2024-12-05,592.97564697265625,606.65997314453125,608.47998046875,606.29998779296875,607.65997314453125,28762200
2024-12-06,594.0997314453125,607.80999755859375,609.07000732421875,607.02001953125,607.44000244140625,31241500
2024-12-09,591.0404052734375,604.67999267578125,607.8599853515625,604.08001708984375,607.69000244140625,34742700
2024-12-10,589.20263671875,602.79998779296875,605.79998779296875,602.1300048828125,605.3699951171875,37234500
2024-12-11,593.7576904296875,607.46002197265625,608.42999267578125,605.5,605.780029296875,28677700
2024-12-12,590.6982421875,604.33001708984375,607.15997314453125,604.33001708984375,606.58001708984375,31543800
2024-12-13,590.5809326171875,604.21002197265625,607.1300048828125,602.80999755859375,606.4000244140625,35904700
2024-12-16,593.102783203125,606.78997802734375,607.780029296875,605.21002197265625,606,43695200
2024-12-17,590.65911865234375,604.28997802734375,605.16998291015625,602.8900146484375,604.19000244140625,55773500
2024-12-18,573.055419921875,586.280029296875,606.40997314453125,585.8900146484375,603.97998046875,108248700
2024-12-19,572.87939453125,586.0999755859375,593,585.8499755859375,591.3599853515625,85919500
2024-12-20,579.7603759765625,591.1500244140625,595.75,580.90997314453125,581.77001953125,125716700
2024-12-23,583.23211669921875,594.69000244140625,595.29998779296875,587.65997314453125,590.8900146484375,57635800
2024-12-24,589.71466064453125,601.29998779296875,601.34002685546875,595.469970703125,596.05999755859375,33160100
2024-12-26,589.75390625,601.34002685546875,602.47998046875,598.08001708984375,599.5,41219100
2024-12-27,583.54595947265625,595.010009765625,597.780029296875,590.760009765625,597.53997802734375,64969300
2024-12-30,576.88665771484375,588.219970703125,591.739990234375,584.40997314453125,587.8900146484375,56578800
2024-12-31,574.78802490234375,586.08001708984375,590.6400146484375,584.41998291015625,589.90997314453125,57052700
2025-01-02,573.375732421875,584.6400146484375,591.1300048828125,580.5,589.3900146484375,50204000
2025-01-03,580.5447998046875,591.95001220703125,592.5999755859375,586.42999267578125,587.530029296875,37888500
2025-01-06,583.88909912109375,595.3599853515625,599.70001220703125,593.5999755859375,596.27001953125,47679400
2025-01-07,577.288818359375,588.6300048828125,597.75,586.780029296875,597.41998291015625,60393100
2025-01-08,578.13232421875,589.489990234375,590.58001708984375,585.20001220703125,588.70001220703125,47304700
2025-01-10,569.3056640625,580.489990234375,585.95001220703125,578.54998779296875,585.8800048828125,73105000
2025-01-13,570.1883544921875,581.3900146484375,581.75,575.3499755859375,575.77001953125,47910100
2025-01-14,570.97283935546875,582.19000244140625,585,578.3499755859375,584.3599853515625,48420600
2025-01-15,581.35888671875,592.780029296875,593.94000244140625,589.20001220703125,590.33001708984375,56900200
2025-01-16,580.2408447265625,591.6400146484375,594.3499755859375,590.92999267578125,594.16998291015625,43319700
2025-01-17,586.06640625,597.58001708984375,599.3599853515625,595.6099853515625,596.96002197265625,58070600
2025-01-21,591.4310302734375,603.04998779296875,603.05999755859375,598.66998291015625,600.66998291015625,42532900
2025-01-22,594.7557373046875,606.44000244140625,607.82000732421875,605.3599853515625,605.91998291015625,48196000
2025-01-23,598.00189208984375,609.75,609.75,605.52001953125,605.79998779296875,41152100
2025-01-24,596.256103515625,607.969970703125,610.780029296875,606.79998779296875,609.80999755859375,34604700
2025-01-27,587.8218994140625,599.3699951171875,599.69000244140625,594.6400146484375,594.80999755859375,70361100
2025-01-28,592.8726806640625,604.52001953125,605.3699951171875,597.25,600.6199951171875,44433300
2025-01-29,590.21490478515625,601.80999755859375,604.1300048828125,599.219970703125,603.719970703125,37177400
2025-01-30,593.38262939453125,605.03997802734375,606.5999755859375,600.719970703125,603.96002197265625,39281300
2025-01-31,590.22467041015625,601.82000732421875,609.96002197265625,601.04998779296875,607.5,66566900
2025-02-03,586.25274658203125,597.77001953125,600.28997802734375,590.489990234375,592.66998291015625,65857200
2025-02-04,590.1854248046875,601.780029296875,602.29998779296875,597.280029296875,597.83001708984375,33457800
2025-02-05,592.57843017578125,604.219970703125,604.3699951171875,598.58001708984375,600.6400146484375,30653100
2025-02-06,594.63800048828125,606.32000732421875,606.45001220703125,602.6300048828125,605.989990234375,35771500
2025-02-07,589.1949462890625,600.77001953125,608.1300048828125,600.04998779296875,606.8900146484375,50788500
2025-02-10,593.19635009765625,604.8499755859375,605.5,602.739990234375,604.030029296875,26048700
2025-02-11,593.6475830078125,605.30999755859375,605.8599853515625,602.42999267578125,602.54998779296875,30056700
2025-02-12,591.7349853515625,603.3599853515625,604.54998779296875,598.510009765625,599.20001220703125,45076100
2025-02-13,597.98223876953125,609.72998046875,609.94000244140625,603.20001220703125,604.47998046875,40921300
2025-02-14,597.952880859375,609.70001220703125,610.989990234375,609.07000732421875,609.94000244140625,26910400
2025-02-18,599.70831298828125,611.489990234375,611.489990234375,608.3800048828125,610.8800048828125,26749000
2025-02-19,601.12054443359375,612.92999267578125,613.22998046875,609.55999755859375,610.08001708984375,31011100
2025-02-20,598.6197509765625,610.3800048828125,611.67999267578125,607.02001953125,611.53997802734375,36554000
2025-02-21,588.380859375,599.94000244140625,610.29998779296875,599.469970703125,610.15997314453125,76519800
2025-02-24,585.70355224609375,597.21002197265625,603.030029296875,596.489990234375,602.02001953125,50737200
2025-02-25,582.79071044921875,594.239990234375,597.8900146484375,589.55999755859375,597.1500244140625,58266500
2025-02-26,583.0849609375,594.53997802734375,599.58001708984375,591.8599853515625,595.92999267578125,43321600
2025-02-27,573.77783203125,585.04998779296875,598.02001953125,584.6500244140625,596.8499755859375,74196700
2025-02-28,582.73187255859375,594.17999267578125,594.719970703125,582.44000244140625,585.55999755859375,88744100
2025-03-03,572.5224609375,583.77001953125,597.34002685546875,579.9000244140625,596.17999267578125,74249200
2025-03-04,565.74554443359375,576.8599853515625,585.3900146484375,572.25,579.71002197265625,109648200
2025-03-05,571.82611083984375,583.05999755859375,584.8800048828125,573.08001708984375,576.69000244140625,71230500
2025-03-06,561.67559814453125,572.71002197265625,580.16998291015625,570.1199951171875,575.47998046875,80094900
2025-03-07,564.82373046875,575.91998291015625,577.3900146484375,565.6300048828125,570.9000244140625,81158800
2025-03-10,549.77923583984375,560.58001708984375,569.53997802734375,555.59002685546875,567.59002685546875,99326600
2025-03-11,545.20904541015625,555.91998291015625,564.02001953125,552.02001953125,559.4000244140625,88102100
2025-03-12,548.10223388671875,558.8699951171875,563.1099853515625,553.69000244140625,562.16998291015625,69588200
2025-03-13,540.79571533203125,551.41998291015625,559.1099853515625,549.67999267578125,558.489990234375,74079400
2025-03-14,551.96624755859375,562.80999755859375,563.83001708984375,551.489990234375,556.1099853515625,62660300
2025-03-17,556.2227783203125,567.1500244140625,569.71002197265625,562.3499755859375,562.78997802734375,49008700
2025-03-18,550.21087646484375,561.02001953125,565.02001953125,559.05999755859375,564.79998779296875,66041400
2025-03-19,556.20306396484375,567.1300048828125,570.95001220703125,561.6300048828125,562.83001708984375,66556000
2025-03-20,554.5946044921875,565.489990234375,570.57000732421875,562.5999755859375,563.33001708984375,62958200
2025-03-21,554.777587890625,563.97998046875,564.8900146484375,558.030029296875,559.280029296875,83763000
2025-03-24,564.71282958984375,574.08001708984375,575.1500244140625,570.20001220703125,570.79998779296875,58766800
2025-03-25,566.07037353515625,575.46002197265625,576.40997314453125,573.69000244140625,575.29998779296875,38355700
2025-03-26,559.3123779296875,568.59002685546875,576.33001708984375,567.19000244140625,575.19000244140625,51848300
2025-03-27,557.82708740234375,567.08001708984375,570.9000244140625,564.94000244140625,567.17999267578125,42164200
2025-03-28,546.5933837890625,555.65997314453125,566.27001953125,555.07000732421875,565.530029296875,71662700
2025-03-31,550.26263427734375,559.3900146484375,560.71002197265625,546.8699951171875,549.83001708984375,95328200
2025-04-01,551.81671142578125,560.969970703125,562.94000244140625,553.67999267578125,557.45001220703125,54609600
2025-04-02,555.3089599609375,564.52001953125,567.41998291015625,554.80999755859375,555.04998779296875,76014500
2025-04-03,527.94281005859375,536.70001220703125,547.969970703125,536.70001220703125,545.1099853515625,125986000
2025-04-04,497.03543090820312,505.27999877929688,525.8699951171875,505.05999755859375,523.66998291015625,217965100
2025-04-07,496.150146484375,504.3800048828125,523.16998291015625,481.79998779296875,489.19000244140625,256611400
2025-04-08,488.3790283203125,496.48001098632812,524.97998046875,489.16000366210938,521.8599853515625,165816600
2025-04-09,539.6683349609375,548.6199951171875,548.6199951171875,493.04998779296875,493.44000244140625,241867300
2025-04-10,516.0205078125,524.58001708984375,533.5,509.32000732421875,532.16998291015625,162331200
2025-04-11,525.22784423828125,533.94000244140625,536.42999267578125,520.07000732421875,523.010009765625,97866300
2025-04-14,530.3232421875,539.1199951171875,544.280029296875,533.8599853515625,544.04998779296875,68034000
2025-04-15,528.83795166015625,537.6099853515625,543.22998046875,536.80999755859375,539.66998291015625,56892900
2025-04-16,517.0828857421875,525.65997314453125,537.8900146484375,520.28997802734375,531.67999267578125,83484800
2025-04-17,517.8206787109375,526.40997314453125,531.16998291015625,523.90997314453125,527.6400146484375,79868100
2025-04-21,505.49514770507812,513.8800048828125,521.70001220703125,508.45999145507812,521.15997314453125,69368100
2025-04-22,518.64703369140625,527.25,529.29998779296875,519.19000244140625,520.1400146484375,75948100
2025-04-23,526.6837158203125,535.41998291015625,545.42999267578125,533.8800048828125,540.42999267578125,90590700
2025-04-24,537.769775390625,546.69000244140625,547.42999267578125,535.45001220703125,536.719970703125,64150400
2025-04-25,541.65533447265625,550.6400146484375,551.04998779296875,543.69000244140625,546.6500244140625,61119600
2025-04-28,541.86181640625,550.8499755859375,553.54998779296875,545.02001953125,551.3900146484375,47613800
2025-04-29,545.2752685546875,554.32000732421875,555.45001220703125,548.54998779296875,548.90997314453125,47775100
2025-04-30,545.49176025390625,554.53997802734375,556.52001953125,541.52001953125,547.57000732421875,93101500
2025-05-01,549.3575439453125,558.469970703125,564.07000732421875,557.8599853515625,560.3699951171875,63186100
2025-05-02,557.5123291015625,566.760009765625,568.3800048828125,562.3800048828125,564.72998046875,60717300
2025-05-05,554.3153076171875,563.510009765625,566.6500244140625,561.70001220703125,562.57000732421875,38659200
2025-05-06,549.68212890625,558.79998779296875,563.3499755859375,556.96002197265625,557.92999267578125,48264700
2025-05-07,551.99383544921875,561.1500244140625,563.82000732421875,556.03997802734375,560.1500244140625,55588000
2025-05-08,555.84002685546875,565.05999755859375,570.30999755859375,561.70001220703125,565.239990234375,65130800
2025-05-09,555.13177490234375,564.34002685546875,567.5,562.760009765625,566.47998046875,37603400
2025-05-12,573.4774169921875,582.989990234375,583,577.03997802734375,581.469970703125,78993600
2025-05-13,577.2646484375,586.84002685546875,589.08001708984375,582.84002685546875,583.40997314453125,67947200
2025-05-14,578.00238037109375,587.59002685546875,588.97998046875,585.53997802734375,587.80999755859375,66283500
2025-05-15,580.8255615234375,590.46002197265625,590.969970703125,585.0999755859375,585.55999755859375,71268100
2025-05-16,584.50457763671875,594.20001220703125,594.5,589.280029296875,591.25,76052100
2025-05-19,585.1439208984375,594.8499755859375,595.53997802734375,588.0999755859375,588.0999755859375,68168500
2025-05-20,583.17657470703125,592.8499755859375,594.04998779296875,589.5999755859375,593.09002685546875,60614500
2025-05-21,573.34954833984375,582.8599853515625,592.58001708984375,581.82000732421875,588.44000244140625,95197700
2025-05-22,573.5758056640625,583.09002685546875,586.6199951171875,581.40997314453125,582.65997314453125,70860400
2025-05-23,569.66082763671875,579.1099853515625,581.80999755859375,575.5999755859375,575.97998046875,76029000
2025-05-27,581.50445556640625,591.1500244140625,591.30999755859375,578.42999267578125,586.07000732421875,72588500
2025-05-28,578.14013671875,587.72998046875,592.77001953125,586.989990234375,591.55999755859375,68445500
2025-05-29,580.4222412109375,590.04998779296875,593.20001220703125,586.07000732421875,593.05999755859375,69973300
2025-05-30,579.77301025390625,589.3900146484375,591.1300048828125,583.239990234375,588.92999267578125,90601200
2025-06-02,583.03887939453125,592.71002197265625,592.78997802734375,585.05999755859375,587.760009765625,61630500
2025-06-03,586.36370849609375,596.09002685546875,597.08001708984375,591.8499755859375,592.34002685546875,63606200
2025-06-04,586.20635986328125,595.92999267578125,597.95001220703125,595.489990234375,596.96002197265625,57314200
2025-06-05,583.373291015625,593.04998779296875,599,591.04998779296875,597.6300048828125,92278700
2025-06-06,589.36395263671875,599.1400146484375,600.83001708984375,596.8599853515625,598.65997314453125,66588700
2025-06-09,589.8951416015625,599.67999267578125,601.25,598.489990234375,599.719970703125,53016400
2025-06-10,593.2396240234375,603.08001708984375,603.469970703125,599.09002685546875,600.219970703125,66247000
2025-06-11,591.54766845703125,601.3599853515625,605.05999755859375,599.27001953125,604.19000244140625,73658200
2025-06-12,593.898681640625,603.75,603.75,599.52001953125,600.010009765625,64129000
2025-06-13,587.2589111328125,597,601.8499755859375,595.47998046875,598.5,89506000
2025-06-16,592.84619140625,602.67999267578125,604.45001220703125,600.219970703125,600.4000244140625,79984100
2025-06-17,587.78021240234375,597.530029296875,601.75,596.760009765625,600.21002197265625,82209400
2025-06-18,587.69171142578125,597.44000244140625,601.219970703125,596.469970703125,598.44000244140625,76605000
2025-06-20,586.31146240234375,594.280029296875,599.46002197265625,592.8599853515625,598.3800048828125,94051400
2025-06-23,592.102783203125,600.1500244140625,600.53997802734375,591.8900146484375,595.03997802734375,87426000
2025-06-24,598.64385986328125,606.780029296875,607.8499755859375,603.40997314453125,604.33001708984375,67735300
2025-06-25,598.9793701171875,607.1199951171875,608.6099853515625,605.53997802734375,607.90997314453125,62114800
2025-06-26,603.66558837890625,611.8699951171875,612.30999755859375,608.3699951171875,608.989990234375,78548400
2025-06-27,606.664794921875,614.90997314453125,616.3900146484375,610.83001708984375,612.8800048828125,86258400
2025-06-30,609.5653076171875,617.8499755859375,619.219970703125,615.03997802734375,617.3800048828125,92502500
2025-07-01,609.36810302734375,617.6500244140625,618.83001708984375,615.52001953125,616.3599853515625,70030100
2025-07-02,612.13055419921875,620.45001220703125,620.489990234375,616.6099853515625,617.239990234375,66510400
2025-07-03,616.95501708984375,625.34002685546875,626.280029296875,622.42999267578125,622.45001220703125,51065800
2025-07-07,612.357421875,620.67999267578125,624.030029296875,617.8699951171875,623.3599853515625,74814500
2025-07-08,612.02203369140625,620.34002685546875,622.1099853515625,619.52001953125,621.3499755859375,59024600
2025-07-09,615.69207763671875,624.05999755859375,624.719970703125,620.90997314453125,622.77001953125,66113300
2025-07-10,617.4285888671875,625.82000732421875,626.8699951171875,623.010009765625,624.20001220703125,57529000
2025-07-11,615.25799560546875,623.6199951171875,624.8599853515625,621.530029296875,622.739990234375,63670200
2025-07-14,616.43212890625,624.80999755859375,625.15997314453125,621.79998779296875,623.15997314453125,51898500
2025-07-15,613.79791259765625,622.1400146484375,627.8599853515625,622.05999755859375,627.52001953125,74317300
2025-07-16,615.8499755859375,624.219970703125,624.72998046875,618.04998779296875,623.739990234375,88987500
2025-07-17,619.6187744140625,628.03997802734375,628.4000244140625,624.17999267578125,624.4000244140625,68885700
2025-07-18,619.1649169921875,627.58001708984375,629.469970703125,626.46002197265625,629.29998779296875,65621600
2025-07-21,620.3389892578125,628.77001953125,631.53997802734375,628.34002685546875,628.77001953125,63375000
2025-07-22,620.427734375,628.8599853515625,629.72998046875,626.19000244140625,629.0999755859375,60046300
2025-07-23,625.7060546875,634.21002197265625,634.21002197265625,629.72998046875,631.54998779296875,70511000
2025-07-24,625.9132080078125,634.41998291015625,636.1500244140625,633.989990234375,634.5999755859375,71307100
2025-07-25,628.5572509765625,637.0999755859375,637.58001708984375,634.84002685546875,635.09002685546875,56865400
2025-07-28,628.39935302734375,636.94000244140625,638.03997802734375,635.53997802734375,637.47998046875,54917100
2025-07-29,626.741943359375,635.260009765625,638.66998291015625,634.34002685546875,638.3499755859375,60556300
2025-07-30,625.9527587890625,634.46002197265625,637.67999267578125,631.53997802734375,635.91998291015625,80418900
2025-07-31,623.60455322265625,632.08001708984375,639.8499755859375,630.77001953125,639.46002197265625,103385200
2025-08-01,613.3834228515625,621.719970703125,626.34002685546875,619.28997802734375,626.29998779296875,140103600
2025-08-04,622.706787109375,631.16998291015625,631.219970703125,625.58001708984375,625.66998291015625,73218000
2025-08-05,619.54962158203125,627.969970703125,632.6099853515625,627.03997802734375,631.78997802734375,68051400
2025-08-06,624.295166015625,632.780029296875,633.44000244140625,628.1300048828125,629.04998779296875,64357500
2025-08-07,623.77227783203125,632.25,636.97998046875,629.1099853515625,636.239990234375,74205800
2025-08-08,628.63629150390625,637.17999267578125,637.6500244140625,633.739990234375,634.05999755859375,64051600
2025-08-11,627.39312744140625,635.91998291015625,638.95001220703125,634.65997314453125,637.46002197265625,58742300
2025-08-12,634.0723876953125,642.69000244140625,642.8499755859375,636.78997802734375,638.28997802734375,64730800
2025-08-13,636.2427978515625,644.8900146484375,646.19000244140625,642.67999267578125,644.90997314453125,60092800
2025-08-14,636.30206298828125,644.95001220703125,645.6199951171875,642.34002685546875,642.78997802734375,59327500
2025-08-15,634.81231689453125,643.44000244140625,646.09002685546875,642.52001953125,645.989990234375,68592500
2025-08-18,634.674072265625,643.29998779296875,644,642.17999267578125,642.8599853515625,43804900
2025-08-19,631.23095703125,639.80999755859375,644.1099853515625,638.47998046875,643.1199951171875,69750700
2025-08-20,629.5537109375,638.1099853515625,639.65997314453125,632.95001220703125,639.4000244140625,88890300
2025-08-21,627.028076171875,635.54998779296875,637.969970703125,633.80999755859375,636.280029296875,54805800
2025-08-22,636.65716552734375,645.30999755859375,646.5,637.25,637.760009765625,84083200
2025-08-25,633.855224609375,642.469970703125,645.28997802734375,642.3499755859375,644.03997802734375,51274300
2025-08-26,636.50921630859375,645.15997314453125,645.510009765625,641.57000732421875,642.20001220703125,51581600
2025-08-27,637.95947265625,646.6300048828125,647.3699951171875,644.41998291015625,644.57000732421875,48341100
2025-08-28,640.21875,648.91998291015625,649.47998046875,645.34002685546875,647.239990234375,61519500
2025-08-29,636.400634765625,645.04998779296875,647.84002685546875,643.1400146484375,647.469970703125,74522200
2025-09-02,631.68475341796875,640.27001953125,640.489990234375,634.91998291015625,637.5,81983500
2025-09-03,635.108154296875,643.739990234375,644.21002197265625,640.46002197265625,642.66998291015625,70820900
2025-09-04,640.41607666015625,649.1199951171875,649.1500244140625,643.510009765625,644.41998291015625,65219200
2025-09-05,638.56121826171875,647.239990234375,652.21002197265625,643.33001708984375,651.47998046875,85178900
2025-09-08,640.1300048828125,648.83001708984375,649.84002685546875,647.22998046875,648.6199951171875,63133100
2025-09-09,641.60986328125,650.33001708984375,650.8599853515625,647.219970703125,648.969970703125,66133900
2025-09-10,643.46466064453125,652.21002197265625,654.54998779296875,650.6300048828125,653.6199951171875,78034500
2025-09-11,648.81201171875,657.6300048828125,658.33001708984375,653.59002685546875,654.17999267578125,69934400
2025-09-12,648.594970703125,657.40997314453125,659.1099853515625,656.9000244140625,657.5999755859375,72780100
2025-09-15,652.0479736328125,660.90997314453125,661.03997802734375,659.34002685546875,659.6400146484375,63772400
2025-09-16,651.15020751953125,660,661.780029296875,659.21002197265625,661.469970703125,61169000
2025-09-17,650.34124755859375,659.17999267578125,661.719970703125,654.29998779296875,660.010009765625,101952200
2025-09-18,653.3798828125,662.260009765625,664.8900146484375,660.27001953125,661.8900146484375,90459200
2025-09-19,656.615966796875,663.70001220703125,664.54998779296875,660.3699951171875,662.33001708984375,97945600
2025-09-22,659.7225341796875,666.84002685546875,667.28997802734375,662.16998291015625,662.20001220703125,69452200
2025-09-23,656.13128662109375,663.21002197265625,667.34002685546875,661.97998046875,666.719970703125,81708900
2025-09-24,654.043701171875,661.0999755859375,664.6099853515625,659.66998291015625,664.510009765625,68082200
2025-09-25,651.02630615234375,658.04998779296875,659.40997314453125,654.40997314453125,657.94000244140625,89622100
2025-09-26,654.75604248046875,661.82000732421875,662.3699951171875,657.8800048828125,659.510009765625,69179200
2025-09-29,656.59619140625,663.67999267578125,665.280029296875,661.8599853515625,664.3599853515625,73499000
2025-09-30,659.06951904296875,666.17999267578125,666.6500244140625,661.6099853515625,662.92999267578125,86288000
2025-10-01,661.31536865234375,668.45001220703125,669.3699951171875,663.05999755859375,663.16998291015625,72545400
2025-10-02,662.0770263671875,669.219970703125,670.57000732421875,666.780029296875,670.45001220703125,56896000
2025-10-03,662.06719970703125,669.21002197265625,672.67999267578125,668.15997314453125,669.989990234375,70494400
2025-10-06,664.4415283203125,671.6099853515625,672.510009765625,669.46002197265625,671.6199951171875,54623300
2025-10-07,661.97808837890625,669.1199951171875,672.989990234375,667.66998291015625,672.53997802734375,72020100
2025-10-08,665.925537109375,673.1099853515625,673.21002197265625,669.41998291015625,670.25,60702200
2025-10-09,663.99639892578125,671.15997314453125,673.94000244140625,669.21002197265625,673.530029296875,66501900
2025-10-10,646.050048828125,653.02001953125,673.95001220703125,652.84002685546875,672.1300048828125,159422600
2025-10-13,655.9630126953125,663.03997802734375,665.1300048828125,659.77001953125,660.6500244140625,79560500
2025-10-14,655.16168212890625,662.22998046875,665.83001708984375,653.16998291015625,657.16998291015625,88779600
2025-10-15,658.0703125,665.16998291015625,670.22998046875,658.92999267578125,666.82000732421875,81702600
2025-10-16,653.5887451171875,660.6400146484375,668.71002197265625,657.1099853515625,666.82000732421875,110563300
2025-10-17,657.298583984375,664.3900146484375,665.760009765625,658.1400146484375,659.5,96500900
2025-10-20,664.1348876953125,671.29998779296875,672.21002197265625,667.27001953125,667.32000732421875,60493400
2025-10-21,664.12493896484375,671.28997802734375,672.989990234375,669.97998046875,671.44000244140625,56249000
2025-10-22,660.6722412109375,667.79998779296875,672,663.29998779296875,672,80564000
2025-10-23,664.5899658203125,671.760009765625,672.71002197265625,667.79998779296875,668.1199951171875,65604500
2025-10-24,670.02130126953125,677.25,678.469970703125,675.6500244140625,676.46002197265625,74356500
2025-10-27,677.926025390625,685.239990234375,685.53997802734375,682.1199951171875,682.72998046875,63339800
2025-10-28,679.72662353515625,687.05999755859375,688.90997314453125,684.83001708984375,687.04998779296875,61738100
2025-10-29,680.0531005859375,687.3900146484375,689.70001220703125,682.8699951171875,688.719970703125,85657100
2025-10-30,672.57391357421875,679.83001708984375,685.94000244140625,679.83001708984375,683.9000244140625,76335800
2025-10-31,674.780029296875,682.05999755859375,685.08001708984375,679.239990234375,685.03997802734375,87164100
2025-11-03,676.04632568359375,683.34002685546875,685.79998779296875,679.94000244140625,685.66998291015625,57315000
2025-11-04,668.03277587890625,675.239990234375,679.96002197265625,674.58001708984375,676.1099853515625,78427000
2025-11-05,670.34783935546875,677.58001708984375,680.8599853515625,674.16998291015625,674.97998046875,74402400
2025-11-06,663.1553955078125,670.30999755859375,677.3800048828125,668.719970703125,676.469970703125,85035300
2025-11-07,663.808349609375,670.969970703125,671.08001708984375,661.21002197265625,667.90997314453125,100592400
2025-11-10,674.16656494140625,681.44000244140625,682.17999267578125,675.030029296875,677.239990234375,75842900
2025-11-11,675.71002197265625,683,683.57000732421875,678.72998046875,679.95001220703125,58953400
2025-11-12,676.08599853515625,683.3800048828125,684.96002197265625,680.95001220703125,684.78997802734375,62312500
2025-11-13,664.86700439453125,672.03997802734375,680.8599853515625,670.52001953125,680.5,103457800
2025-11-14,664.75811767578125,671.92999267578125,675.65997314453125,663.27001953125,665.3800048828125,96846700
2025-11-17,658.56488037109375,665.66998291015625,673.71002197265625,662.16998291015625,669.70001220703125,90456100
2025-11-18,653.03466796875,660.08001708984375,665.1199951171875,655.8599853515625,662.0999755859375,114467500
2025-11-19,655.557373046875,662.6300048828125,667.34002685546875,658.75,660.780029296875,94703000
2025-11-20,645.56524658203125,652.530029296875,675.55999755859375,651.8900146484375,672.90997314453125,165293500
2025-11-21,651.995849609375,659.030029296875,664.54998779296875,650.8499755859375,655.04998779296875,123956200
2025-11-24,661.59228515625,668.72998046875,670.05999755859375,661.59002685546875,662.69000244140625,80437900
2025-11-25,667.815185546875,675.02001953125,676.21002197265625,664.47998046875,668.6300048828125,81077100
2025-11-26,672.4254150390625,679.67999267578125,681.70001220703125,676.719970703125,677.6300048828125,71879600
2025-11-28,676.0958251953125,683.3900146484375,683.66998291015625,680.5,680.8599853515625,49212000
2025-12-01,673.0091552734375,680.27001953125,682.989990234375,678.739990234375,678.80999755859375,61201200
2025-12-02,674.25567626953125,681.530029296875,683.82000732421875,679.33001708984375,681.91998291015625,62953800
2025-12-03,676.59051513671875,683.8900146484375,684.90997314453125,679.69000244140625,680.57000732421875,57238500
2025-12-04,677.08514404296875,684.3900146484375,685.3699951171875,681.34002685546875,685.29998779296875,61970300
2025-12-05,678.371337890625,685.69000244140625,688.3900146484375,684.58001708984375,685.469970703125,79241000
2025-12-08,676.33331298828125,683.6300048828125,686.6400146484375,681.57000732421875,686.59002685546875,55231500
2025-12-09,675.74957275390625,683.03997802734375,685.3900146484375,682.59002685546875,683.1500244140625,58310100
2025-12-10,680.23126220703125,687.57000732421875,688.969970703125,681.30999755859375,682.55999755859375,85671300
2025-12-11,681.8140869140625,689.16998291015625,689.25,682.16998291015625,685.1400146484375,86173700
2025-12-12,674.48321533203125,681.760009765625,688.8800048828125,679.16998291015625,688.16998291015625,113160300
2025-12-15,673.46417236328125,680.72998046875,685.760009765625,679.25,685.739990234375,90811000
2025-12-16,671.62408447265625,678.8699951171875,681.08001708984375,674.97998046875,679.22998046875,122030600
2025-12-17,664.23382568359375,671.4000244140625,680.44000244140625,671.20001220703125,679.8900146484375,110625200
2025-12-18,669.24969482421875,676.469970703125,680.739990234375,674.9000244140625,677.5999755859375,108650100
2025-12-19,675.31536865234375,680.59002685546875,681.09002685546875,676.469970703125,676.59002685546875,103599500
2025-12-22,679.52252197265625,684.83001708984375,685.3599853515625,680.59002685546875,683.94000244140625,69556700
2025-12-23,682.62823486328125,687.96002197265625,688.20001220703125,683.8699951171875,683.91998291015625,64840000
2025-12-24,685.02947998046875,690.3800048828125,690.83001708984375,687.79998779296875,687.95001220703125,39445600
2025-12-26,684.96002197265625,690.30999755859375,691.65997314453125,689.27001953125,690.6400146484375,41613300
2025-12-29,682.51904296875,687.8499755859375,689.20001220703125,686.07000732421875,687.53997802734375,62559500
2025-12-30,681.685546875,687.010009765625,688.55999755859375,686.58001708984375,687.45001220703125,47160700
2025-12-31,676.635009765625,681.91998291015625,687.3599853515625,681.71002197265625,687.1400146484375,74144800
2026-01-02,677.87530517578125,683.16998291015625,686.8699951171875,679.82000732421875,685.71002197265625,89377200
2026-01-05,682.39007568359375,687.719970703125,689.42999267578125,686.3800048828125,686.53997802734375,71927200
2026-01-06,686.44842529296875,691.80999755859375,692.32000732421875,687.780029296875,687.92999267578125,69273800
2026-01-07,684.23565673828125,689.58001708984375,693.96002197265625,689.32000732421875,692.19000244140625,75588300
2026-01-08,684.16619873046875,689.510009765625,690.6199951171875,687.489990234375,688.82000732421875,64019200
2026-01-09,688.69091796875,694.07000732421875,695.30999755859375,689.17999267578125,690.6300048828125,80125500
2026-01-12,689.77239990234375,695.15997314453125,696.09002685546875,690.6300048828125,690.67999267578125,63976000
2026-01-13,688.3931884765625,693.77001953125,696.09002685546875,691.3499755859375,695.489990234375,78309700
2026-01-14,685.009521484375,690.3599853515625,691.719970703125,686.03997802734375,691,94676700
2026-01-15,686.875,692.239990234375,695.45001220703125,691.25,694.57000732421875,77862000
2026-01-16,686.299560546875,691.65997314453125,694.25,690.0999755859375,693.65997314453125,79289200
2026-01-20,672.32867431640625,677.58001708984375,684.77001953125,676.57000732421875,681.489990234375,111623300
2026-01-21,680.088134765625,685.4000244140625,688.739990234375,678.1300048828125,679.6500244140625,127844500
2026-01-22,683.6402587890625,688.97998046875,691.1300048828125,686.91998291015625,689.8499755859375,77112200
2026-01-23,683.8883056640625,689.22998046875,690.96002197265625,687.15997314453125,688.1500244140625,63059600
2026-01-26,687.3612060546875,692.72998046875,694.1300048828125,689.91998291015625,690.489990234375,60473800
2026-01-27,690.099853515625,695.489990234375,696.530029296875,693.57000732421875,694.17999267578125,55506100
2026-01-28,690.0303955078125,695.41998291015625,697.84002685546875,693.94000244140625,697.04998779296875,61172200
2026-01-29,688.66107177734375,694.03997802734375,697.05999755859375,684.83001708984375,696.3900146484375,97486200
2026-01-30,686.60711669921875,691.969970703125,694.21002197265625,687.1199951171875,691.78997802734375,101835100
2026-02-02,690.0203857421875,695.40997314453125,696.92999267578125,689.41998291015625,689.58001708984375,79286500
2026-02-03,684.18603515625,689.530029296875,696.96002197265625,684.030029296875,696.21002197265625,107904600
2026-02-04,680.8719482421875,686.19000244140625,691.45001220703125,681.760009765625,690.3499755859375,105204600
2026-02-05,672.3682861328125,677.6199951171875,683.69000244140625,675.78997802734375,680.94000244140625,113610800
2026-02-06,685.26763916015625,690.6199951171875,692.30999755859375,680.8499755859375,681.46002197265625,89127600
2026-02-09,688.57183837890625,693.95001220703125,695.8699951171875,688.34002685546875,689.41998291015625,73885200
2026-02-10,686.7559814453125,692.1199951171875,696.53997802734375,691.65997314453125,694.95001220703125,65185700
2026-02-11,686.59722900390625,691.96002197265625,697.1400146484375,689.17999267578125,696.3900146484375,76353900
2026-02-12,675.99005126953125,681.27001953125,695.3499755859375,680.3699951171875,694.239990234375,118829000
2026-02-13,676.46636962890625,681.75,686.280029296875,677.52001953125,681.69000244140625,96267500
2026-02-17,677.55780029296875,682.8499755859375,684.94000244140625,675.780029296875,680.1400146484375,81354700
2026-02-18,680.97113037109375,686.28997802734375,689.1500244140625,682.83001708984375,684.02001953125,73570300
2026-02-19,679.17510986328125,684.47998046875,686.17999267578125,681.54998779296875,683.84002685546875,58649400
2026-02-20,684.0867919921875,689.42999267578125,690.05999755859375,681.72998046875,682.32000732421875,100034000
2026-02-23,677.10137939453125,682.3900146484375,690,680.3699951171875,687.83001708984375,90558100
2026-02-24,682.02294921875,687.3499755859375,688.3499755859375,680,681.9000244140625,73798700
2026-02-25,687.7779541015625,693.1500244140625,693.67999267578125,690.0999755859375,690.17999267578125,56369500
2026-02-26,683.957763671875,689.29998779296875,693.29998779296875,684.3499755859375,693.280029296875,71671000
2026-02-27,680.6734619140625,685.989990234375,686.8599853515625,681.6400146484375,683.09002685546875,83308900
2026-03-02,681.06048583984375,686.3800048828125,688.6199951171875,678.02001953125,678.70001220703125,87477200
2026-03-03,675.057373046875,680.33001708984375,682.6099853515625,669.65997314453125,675.05999755859375,105003100
2026-03-04,679.8201904296875,685.1300048828125,687.09002685546875,679.6199951171875,681.6300048828125,79182200
2026-03-05,676.02972412109375,681.30999755859375,685.530029296875,675.6099853515625,682.08001708984375,106606500
2026-03-06,667.16900634765625,672.3800048828125,676.1099853515625,669.760009765625,673.40997314453125,100687000
2026-03-09,673.0133056640625,678.27001953125,679.91998291015625,662.3900146484375,666.3900146484375,102667700
2026-03-10,671.93170166015625,677.17999267578125,683.3599853515625,674.760009765625,677.719970703125,81505300
2026-03-11,671.08837890625,676.33001708984375,680.08001708984375,673.34002685546875,677.58001708984375,68441700
2026-03-12,660.89794921875,666.05999755859375,671.6500244140625,665.8699951171875,671.15997314453125,108882200
2026-03-13,657.15716552734375,662.28997802734375,672.34002685546875,661.3599853515625,669.27001953125,97200200
2026-03-16,663.84490966796875,669.030029296875,672.07000732421875,667.1199951171875,668.3800048828125,82023100
2026-03-17,665.59124755859375,670.78997802734375,674.44000244140625,669.70001220703125,672.3900146484375,87128000
2026-03-18,656.3038330078125,661.42999267578125,669.719970703125,661.19000244140625,668.3599853515625,82062600
2026-03-19,654.68646240234375,659.79998779296875,662.97998046875,655.16998291015625,656.969970703125,111272500
2026-03-20,645.30096435546875,648.57000732421875,656.69000244140625,644.719970703125,656.510009765625,163617500
2026-03-23,652.07666015625,655.3800048828125,662.6199951171875,653.94000244140625,658.07000732421875,134802700
2026-03-24,649.88775634765625,653.17999267578125,657.030029296875,649.8800048828125,651.32000732421875,96457500
2026-03-25,653.50946044921875,656.82000732421875,660.8900146484375,654.239990234375,658.66998291015625,90653800
2026-03-26,641.838623046875,645.09002685546875,654.8499755859375,644.82000732421875,652.05999755859375,96494400
2026-03-27,630.89404296875,634.09002685546875,642.65997314453125,633.1099853515625,642.5,103649400
2026-03-30,628.78466796875,631.969970703125,640.3699951171875,629.280029296875,640.1099853515625,99275900
2026-03-31,647.0621337890625,650.34002685546875,651.53997802734375,637.97998046875,638.94000244140625,152534100
2026-04-01,651.9373779296875,655.239990234375,658.52001953125,653,653.9000244140625,97841500
2026-04-02,652.52447509765625,655.83001708984375,658.20001220703125,645.1099853515625,646.41998291015625,68358700
2026-04-06,655.6087646484375,658.92999267578125,659.719970703125,655.52001953125,655.8599853515625,39105800
2026-04-07,655.89727783203125,659.219970703125,659.6099853515625,651.05999755859375,656.6500244140625,69980400
2026-04-08,672.60272216796875,676.010009765625,677.08001708984375,671.46002197265625,676.3900146484375,93606100
2026-04-09,676.4830322265625,679.90997314453125,681.15997314453125,673.77001953125,674.84002685546875,57134400
2026-04-10,676.03533935546875,679.46002197265625,682.030029296875,678.45001220703125,681.32000732421875,42253500
2026-04-13,682.64178466796875,686.0999755859375,686.29998779296875,676.58001708984375,677.40997314453125,54185800
2026-04-14,690.959716796875,694.46002197265625,694.58001708984375,687.65997314453125,687.69000244140625,63480500
2026-04-15,696.412109375,699.94000244140625,700.280029296875,694.20001220703125,695.260009765625,58240400
2026-04-16,698.1234130859375,701.65997314453125,702.780029296875,698.530029296875,701.05999755859375,49972400
2026-04-17,706.56072998046875,710.1400146484375,712.3900146484375,705.760009765625,706.1400146484375,70661900
2026-04-20,705.14776611328125,708.719970703125,709.90997314453125,706.1400146484375,708.780029296875,43546800
2026-04-21,700.53125,704.08001708984375,711.280029296875,702.6400146484375,710.280029296875,58941400
2026-04-22,707.62530517578125,711.21002197265625,711.45001220703125,708.219970703125,709.1500244140625,42518500
2026-04-23,704.87921142578125,708.45001220703125,712.3599853515625,702.280029296875,709.5,56174000
2026-04-24,710.34149169921875,713.94000244140625,714.469970703125,709.010009765625,710.75,45182000
2026-04-27,711.56536865234375,715.16998291015625,715.6300048828125,712.29998779296875,713.16998291015625,33135900
2026-04-28,708.1029052734375,711.69000244140625,712.8800048828125,709.25,711.82000732421875,43117400
2026-04-29,707.993408203125,711.58001708984375,712.20001220703125,708.3699951171875,711,41859200
2026-04-30,715.0377197265625,718.65997314453125,719.78997802734375,710.45001220703125,714.6300048828125,67240900
2026-05-01,717.0177001953125,720.6500244140625,724.8699951171875,720.469970703125,721.25,43049800
2026-05-04,714.3909912109375,718.010009765625,722.1199951171875,714.989990234375,720.07000732421875,51950600
2026-05-05,720.12200927734375,723.77001953125,725.03997802734375,721.489990234375,721.77001953125,36933200
2026-05-06,730.13128662109375,733.83001708984375,734.59002685546875,727.82000732421875,728.15997314453125,53288900
2026-05-07,727.89263916015625,731.58001708984375,736.1300048828125,729.75,735.04998779296875,51724600
2026-05-08,733.90216064453125,737.6199951171875,738.08001708984375,734.57000732421875,734.92999267578125,47227100
2026-05-11,735.57366943359375,739.29998779296875,740.78997802734375,736.45001220703125,736.45001220703125,44024000
2026-05-12,734.4593505859375,738.17999267578125,738.84002685546875,731.83001708984375,736.8900146484375,54185300
2026-05-13,738.56854248046875,742.30999755859375,743.90997314453125,735.469970703125,738.469970703125,44200200
2026-05-14,744.39898681640625,748.16998291015625,749.530029296875,743.55999755859375,743.6500244140625,45307600
2026-05-15,735.44439697265625,739.16998291015625,743.46002197265625,737.96002197265625,741.78997802734375,60410800
2026-05-18,734.927001953125,738.6500244140625,741.41998291015625,733.3900146484375,739.83001708984375,47843900
2026-05-19,730.03173828125,733.72998046875,737.6500244140625,731.530029296875,734.780029296875,54255900
2026-05-20,737.51385498046875,741.25,741.8699951171875,733.8900146484375,735.71002197265625,45768000
2026-05-21,738.9764404296875,742.719970703125,744.8699951171875,737.030029296875,738.6400146484375,43332200
2026-05-22,741.88177490234375,745.6400146484375,748.94000244140625,744.47998046875,746.239990234375,41762000
2026-05-26,746.80682373046875,750.59002685546875,752.1300048828125,748.3699951171875,750.010009765625,41123600
2026-05-27,746.67742919921875,750.46002197265625,751.3800048828125,748.219970703125,750.8800048828125,42106300
2026-05-28,750.79656982421875,754.5999755859375,755.1500244140625,749.22998046875,750.25,41562600
2026-05-29,752.6671142578125,756.47998046875,758.08001708984375,754.69000244140625,755.9000244140625,55075700
2026-06-01,754.7166748046875,758.53997802734375,760.280029296875,754.69000244140625,755.3599853515625,43634900
2026-06-02,755.7415771484375,759.57000732421875,760.4000244140625,756.75,757.030029296875,31581900
2026-06-03,750.43841552734375,754.239990234375,758.79998779296875,753.57000732421875,758.1500244140625,51402500
2026-06-04,753.2740478515625,757.09002685546875,758.30999755859375,751.469970703125,752.0999755859375,49923000
2026-06-05,733.83251953125,737.54998779296875,752.82000732421875,735.530029296875,752.30999755859375,93989400
2026-06-08,735.49407958984375,739.219970703125,745.34002685546875,738.19000244140625,743.3599853515625,49319100
2026-06-09,733.3350830078125,737.04998779296875,746.9000244140625,722.59002685546875,743.6300048828125,87683500
2026-06-10,721.77362060546875,725.42999267578125,738.3800048828125,725.33001708984375,733.3900146484375,60341300
2026-06-11,734.04150390625,737.760009765625,740,724.40997314453125,728.760009765625,86330500
2026-06-12,738.0113525390625,741.75,744.44000244140625,735.030029296875,740.71002197265625,57079500
2026-06-15,751.02545166015625,754.83001708984375,756.67999267578125,751.760009765625,751.8499755859375,60176400
2026-06-16,746.54815673828125,750.33001708984375,755.44000244140625,749.8800048828125,754.54998779296875,67093100
2026-06-17,737.225341796875,740.96002197265625,752.1500244140625,739.219970703125,751.28997802734375,85945200
2026-06-18,744.8902587890625,746.739990234375,748.22998046875,743.8599853515625,747.760009765625,80875700
2026-06-22,742.546142578125,744.3900146484375,750.17999267578125,743.1300048828125,747.70001220703125,46628100
2026-06-23,731.76287841796875,733.58001708984375,739.6300048828125,732.29998779296875,733.80999755859375,66846800
2026-06-24,731.4237060546875,733.239990234375,739.95001220703125,730.84002685546875,735.16998291015625,57439500
2026-06-25,732.4810791015625,734.29998779296875,739.3699951171875,729.5999755859375,738.90997314453125,53934400
2026-06-26,727.18426513671875,728.989990234375,736.530029296875,716.58001708984375,728.95001220703125,71034000
2026-06-29,739.16448974609375,741,741.55999755859375,732.09002685546875,736.530029296875,58035200
2026-06-30,744.92022705078125,746.77001953125,748.02001953125,740.8900146484375,741.28997802734375,55626000
2026-07-01,743.9127197265625,745.760009765625,749.44000244140625,742.3800048828125,745,47100900
2026-07-02,742.9351806640625,744.780029296875,751.30999755859375,740.030029296875,747.4000244140625,57447800
2026-07-06,749.4190673828125,751.280029296875,752.40997314453125,747.40997314453125,748.739990234375,50673300
2026-07-07,745.85791015625,747.71002197265625,750.96002197265625,745.21002197265625,750.219970703125,43721500
2026-07-08,743.55364990234375,745.4000244140625,746.1500244140625,739.510009765625,743.15997314453125,43767400
2026-07-09,749.8480224609375,751.71002197265625,751.969970703125,745.59002685546875,747.3499755859375,41441700
2026-07-10,753.0799560546875,754.95001220703125,755.41998291015625,748.0999755859375,752.04998779296875,42191300
2026-07-13,747.31427001953125,749.16998291015625,753.90997314453125,748,752.469970703125,44013600
2026-07-14,749.96771240234375,751.83001708984375,753.34002685546875,748.65997314453125,750.90997314453125,35143100
2026-07-15,752.9403076171875,754.80999755859375,755.58001708984375,750.20001220703125,754.239990234375,43844800
2026-07-16,748.86041259765625,750.719970703125,754.57000732421875,747.8800048828125,752.760009765625,46409800
2026-07-17,741.44879150390625,743.28997802734375,747.28997802734375,740.79998779296875,742.08001708984375,62651000
2026-07-20,740.2518310546875,742.09002685546875,748.72998046875,741.510009765625,747.05999755859375,50422300
2026-07-21,746.426513671875,748.280029296875,749.03997802734375,744.17999267578125,746.28997802734375,34324300
2026-07-22,745.55859375,747.40997314453125,750.02001953125,746.3699951171875,746.6199951171875,32836200
2026-07-23,736.35150146484375,738.17999267578125,742.55999755859375,735.21002197265625,739.3699951171875,55437300
2026-07-24,737.099609375,738.92999267578125,743.719970703125,737.28997802734375,738.510009765625,44782000
2026-07-27,737.25927734375,739.09002685546875,745.530029296875,735.8699951171875,744.90997314453125,41461200
2026-07-28,739.02484130859375,740.8599853515625,742.78997802734375,735.97998046875,739.19000244140625,47322200
2026-07-29,727.65313720703125,729.46002197265625,742.67999267578125,729.0999755859375,739.969970703125,70697200
2026-07-30,739.852783203125,741.69000244140625,742.45001220703125,734.59002685546875,736.04998779296875,66811300
2026-07-31,745.17962646484375,747.030029296875,748.9000244140625,737.67999267578125,744.67999267578125,62445900
2026-08-03,755.793212890625,757.66998291015625,758.58001708984375,748.79998779296875,749.44000244140625,59927500
2026-08-04,769.41937255859375,771.33001708984375,773.40997314453125,760.52001953125,760.6300048828125,69154800
2026-08-05,767.8831787109375,769.78997802734375,776.8499755859375,769.510009765625,775.8499755859375,44689100
2026-08-06,766.65625,768.55999755859375,771.82000732421875,767.46002197265625,770.21002197265625,38416900
2026-08-07,771.3446044921875,773.260009765625,773.91998291015625,769.6099853515625,771.02001953125,43586300
2026-08-10,771.11517333984375,773.030029296875,775.04998779296875,771.6199951171875,772.5999755859375,39249500
2026-08-11,768.65130615234375,770.55999755859375,774.6099853515625,769.20001220703125,774.530029296875,36740600
2026-08-12,770.57647705078125,772.489990234375,774.9000244140625,771.280029296875,774.71002197265625,33179100
2026-08-13,775.95318603515625,777.8800048828125,779.3699951171875,774.1099853515625,774.8699951171875,35634500
2026-08-14,774.4169921875,776.34002685546875,778.79998779296875,775.42999267578125,778.53997802734375,31367900
2026-08-17,770.75604248046875,772.66998291015625,776.780029296875,772.510009765625,776.17999267578125,34356600
2026-08-18,765.54901123046875,767.45001220703125,769.5,766.91998291015625,768.70001220703125,43920900
2026-08-19,767.15496826171875,769.05999755859375,772.469970703125,768.0999755859375,770.3599853515625,40306000
2026-08-20,760.71099853515625,762.5999755859375,768.1500244140625,762.03997802734375,765.96002197265625,45520300
2026-08-21,763.8232421875,765.719970703125,767.8499755859375,764.16998291015625,766.04998779296875,39188700
2026-08-24,761.57879638671875,763.469970703125,765.219970703125,762.08001708984375,764.780029296875,32430900
2026-08-25,764.01275634765625,765.90997314453125,766.780029296875,763.04998779296875,766.15997314453125,27422300
2026-08-26,764.182373046875,766.08001708984375,767.3499755859375,763.92999267578125,764.72998046875,28751600
2026-08-27,769.18994140625,771.0999755859375,772.3599853515625,767.15997314453125,768.5,34557100
2026-08-28,767.44427490234375,769.3499755859375,775.29998779296875,768.30999755859375,771.760009765625,36744300
2026-08-31,765.14996337890625,767.04998779296875,768,764.719970703125,767.33001708984375,38810800
